Year,MonthNumber,MonthName,MonthKey,Quarter,DateKey,AccountKey,SubNumber,SubName,IsMaskedSubParent,AccountNumber,AccountName,City,State,ZIP,RawProduct,ServiceGroup,ServiceGroupShort,ServiceTier,Scope,IncludeInRanking,Volume,GrossSpend,NetSpend,Incentive,BilledWeightLbs,VolumeLY,NetSpendLY,IsNonServiceRow,HasVolume,IsSpendOnlyAdjustment,IsNegativeSpend,SourceFile,SourceLayout,ViewType
2025,1,Jan,202501,Q1,2025-01-01,0009100011|TCH001,0009100011,Technology Operations,No,TCH001,Technology Operations - Central,Columbus,OH,43004,GROUND PKG,Ground,Ground,Deferred,Domestic,Yes,22127,795458.09,275287.33,520170.76,332350.9,,,No,Yes,No,No,SAMPLE_2025_01_VolumeSpend.xlsx,Synthetic,Payor View
2025,1,Jan,202501,Q1,2025-01-01,0009100011|TCH001,0009100011,Technology Operations,No,TCH001,Technology Operations - Central,Columbus,OH,43004,GROUND CWT,Ground,Ground,Deferred,Domestic,Yes,117,14256.39,5050.35,9206.04,4000.7,,,No,Yes,No,No,SAMPLE_2025_01_VolumeSpend.xlsx,Synthetic,Payor View
2025,1,Jan,202501,Q1,2025-01-01,0009100011|TCH001,0009100011,Technology Operations,No,TCH001,Technology Operations - Central,Columbus,OH,43004,STANDARD GROUND,Ground,Ground,Deferred,Domestic,Yes,256,6562.37,2056.72,4505.65,1962.7,,,No,Yes,No,No,SAMPLE_2025_01_VolumeSpend.xlsx,Synthetic,Payor View
2025,1,Jan,202501,Q1,2025-01-01,0009100011|TCH001,0009100011,Technology Operations,No,TCH001,Technology Operations - Central,Columbus,OH,43004,3DS PKG,3 Day Select,3DS,Deferred,Domestic,Yes,316,14465.33,5408.45,9056.88,1344.6,,,No,Yes,No,No,SAMPLE_2025_01_VolumeSpend.xlsx,Synthetic,Payor View
2025,1,Jan,202501,Q1,2025-01-01,0009100011|TCH001,0009100011,Technology Operations,No,TCH001,Technology Operations - Central,Columbus,OH,43004,2DA REG / EXPEDITED PKG,2nd Day Air / Expedited,2DA,Expedited,Domestic,Yes,1744,91764.11,32345.48,59418.63,5008.2,,,No,Yes,No,No,SAMPLE_2025_01_VolumeSpend.xlsx,Synthetic,Payor View
2025,1,Jan,202501,Q1,2025-01-01,0009100011|TCH001,0009100011,Technology Operations,No,TCH001,Technology Operations - Central,Columbus,OH,43004,2DA REG / EXPEDITED LTR,2nd Day Air / Expedited,2DA,Expedited,Domestic,Yes,532,6152.31,2293.39,3858.92,255.4,,,No,Yes,No,No,SAMPLE_2025_01_VolumeSpend.xlsx,Synthetic,Payor View
2025,1,Jan,202501,Q1,2025-01-01,0009100011|TCH001,0009100011,Technology Operations,No,TCH001,Technology Operations - Central,Columbus,OH,43004,2DA AM PKG,2nd Day Air Early A.M.,2DA AM,Expedited,Domestic,Yes,101,996.22,351.31,644.91,32.8,,,No,Yes,No,No,SAMPLE_2025_01_VolumeSpend.xlsx,Synthetic,Payor View
2025,1,Jan,202501,Q1,2025-01-01,0009100011|TCH001,0009100011,Technology Operations,No,TCH001,Technology Operations - Central,Columbus,OH,43004,NDA PM / EXPRESS SAVER PKG,Next Day Air Saver,NDA Saver,Premium,Domestic,Yes,613,35796.22,11440.08,24356.14,695.7,,,No,Yes,No,No,SAMPLE_2025_01_VolumeSpend.xlsx,Synthetic,Payor View
2025,1,Jan,202501,Q1,2025-01-01,0009100011|TCH001,0009100011,Technology Operations,No,TCH001,Technology Operations - Central,Columbus,OH,43004,NDA PM / EXPRESS SAVER LTR,Next Day Air Saver,NDA Saver,Premium,Domestic,Yes,184,6282.36,2006.64,4275.72,81.8,,,No,Yes,No,No,SAMPLE_2025_01_VolumeSpend.xlsx,Synthetic,Payor View
2025,1,Jan,202501,Q1,2025-01-01,0009100011|TCH001,0009100011,Technology Operations,No,TCH001,Technology Operations - Central,Columbus,OH,43004,NDA REG / EXPRESS PKG,Next Day Air / Express,NDA,Premium,Domestic,Yes,1555,104999.97,36395.73,68604.24,4277.9,,,No,Yes,No,No,SAMPLE_2025_01_VolumeSpend.xlsx,Synthetic,Payor View
2025,1,Jan,202501,Q1,2025-01-01,0009100011|TCH001,0009100011,Technology Operations,No,TCH001,Technology Operations - Central,Columbus,OH,43004,NDA REG / EXPRESS LTR,Next Day Air / Express,NDA,Premium,Domestic,Yes,2350,67776.67,22139.53,45637.14,1050.8,,,No,Yes,No,No,SAMPLE_2025_01_VolumeSpend.xlsx,Synthetic,Payor View
2025,1,Jan,202501,Q1,2025-01-01,0009100011|TCH001,0009100011,Technology Operations,No,TCH001,Technology Operations - Central,Columbus,OH,43004,NDA AM / EXPRESS PLUS PKG,Next Day Air Early,NDA Early,Premium,Domestic,Yes,18,3906.87,1287.12,2619.75,34.8,,,No,Yes,No,No,SAMPLE_2025_01_VolumeSpend.xlsx,Synthetic,Payor View
2025,1,Jan,202501,Q1,2025-01-01,0009100011|TCH001,0009100011,Technology Operations,No,TCH001,Technology Operations - Central,Columbus,OH,43004,WW EXPRESS REG PKG,International Express,Intl Express,Premium,International,Yes,20,6556.87,2285.05,4271.82,169.6,,,No,Yes,No,No,SAMPLE_2025_01_VolumeSpend.xlsx,Synthetic,Payor View
2025,1,Jan,202501,Q1,2025-01-01,0009100011|TCH001,0009100011,Technology Operations,No,TCH001,Technology Operations - Central,Columbus,OH,43004,WW EXPRESS PM / SAVER PKG,International Express Saver,Intl Saver,Premium,International,Yes,14,5347.75,1742.43,3605.32,123.3,,,No,Yes,No,No,SAMPLE_2025_01_VolumeSpend.xlsx,Synthetic,Payor View
2025,1,Jan,202501,Q1,2025-01-01,0009100011|TCH001,0009100011,Technology Operations,No,TCH001,Technology Operations - Central,Columbus,OH,43004,WW EXPEDITED / 2DA PKG,International Expedited,Intl Expedited,Expedited,International,Yes,4,1236.75,393.34,843.41,32.6,,,No,Yes,No,No,SAMPLE_2025_01_VolumeSpend.xlsx,Synthetic,Payor View
2025,1,Jan,202501,Q1,2025-01-01,0009100011|TCH001,0009100011,Technology Operations,No,TCH001,Technology Operations - Central,Columbus,OH,43004,MISC / UNC,Excluded - Adjustments,Excluded,Non-Service,Not Applicable,No,0,5818.22,5818.22,0.0,0.0,,,Yes,No,Yes,No,SAMPLE_2025_01_VolumeSpend.xlsx,Synthetic,Payor View
2025,1,Jan,202501,Q1,2025-01-01,0009100012|MAI002,0009100012,Mail Services,No,MAI002,Mail Services - Regional,Kansas City,MO,64108,GROUND PKG,Ground,Ground,Deferred,Domestic,Yes,2660,92732.18,29172.19,63559.99,37543.9,,,No,Yes,No,No,SAMPLE_2025_01_VolumeSpend.xlsx,Synthetic,Payor View
2025,1,Jan,202501,Q1,2025-01-01,0009100012|MAI002,0009100012,Mail Services,No,MAI002,Mail Services - Regional,Kansas City,MO,64108,GROUND CWT,Ground,Ground,Deferred,Domestic,Yes,22,2337.43,748.62,1588.81,655.1,,,No,Yes,No,No,SAMPLE_2025_01_VolumeSpend.xlsx,Synthetic,Payor View
2025,1,Jan,202501,Q1,2025-01-01,0009100012|MAI002,0009100012,Mail Services,No,MAI002,Mail Services - Regional,Kansas City,MO,64108,STANDARD GROUND,Ground,Ground,Deferred,Domestic,Yes,65,1773.9,620.25,1153.65,609.1,,,No,Yes,No,No,SAMPLE_2025_01_VolumeSpend.xlsx,Synthetic,Payor View
2025,1,Jan,202501,Q1,2025-01-01,0009100012|MAI002,0009100012,Mail Services,No,MAI002,Mail Services - Regional,Kansas City,MO,64108,3DS PKG,3 Day Select,3DS,Deferred,Domestic,Yes,47,2110.78,677.76,1433.02,184.4,,,No,Yes,No,No,SAMPLE_2025_01_VolumeSpend.xlsx,Synthetic,Payor View
2025,1,Jan,202501,Q1,2025-01-01,0009100012|MAI002,0009100012,Mail Services,No,MAI002,Mail Services - Regional,Kansas City,MO,64108,2DA REG / EXPEDITED PKG,2nd Day Air / Expedited,2DA,Expedited,Domestic,Yes,340,21730.59,6806.09,14924.5,1163.2,,,No,Yes,No,No,SAMPLE_2025_01_VolumeSpend.xlsx,Synthetic,Payor View
2025,1,Jan,202501,Q1,2025-01-01,0009100012|MAI002,0009100012,Mail Services,No,MAI002,Mail Services - Regional,Kansas City,MO,64108,2DA REG / EXPEDITED LTR,2nd Day Air / Expedited,2DA,Expedited,Domestic,Yes,81,1278.13,469.04,809.09,43.3,,,No,Yes,No,No,SAMPLE_2025_01_VolumeSpend.xlsx,Synthetic,Payor View
2025,1,Jan,202501,Q1,2025-01-01,0009100012|MAI002,0009100012,Mail Services,No,MAI002,Mail Services - Regional,Kansas City,MO,64108,2DA AM PKG,2nd Day Air Early A.M.,2DA AM,Expedited,Domestic,Yes,17,191.27,59.38,131.89,5.2,,,No,Yes,No,No,SAMPLE_2025_01_VolumeSpend.xlsx,Synthetic,Payor View
2025,1,Jan,202501,Q1,2025-01-01,0009100012|MAI002,0009100012,Mail Services,No,MAI002,Mail Services - Regional,Kansas City,MO,64108,NDA PM / EXPRESS SAVER PKG,Next Day Air Saver,NDA Saver,Premium,Domestic,Yes,104,5894.49,1913.85,3980.64,122.9,,,No,Yes,No,No,SAMPLE_2025_01_VolumeSpend.xlsx,Synthetic,Payor View
2025,1,Jan,202501,Q1,2025-01-01,0009100012|MAI002,0009100012,Mail Services,No,MAI002,Mail Services - Regional,Kansas City,MO,64108,NDA PM / EXPRESS SAVER LTR,Next Day Air Saver,NDA Saver,Premium,Domestic,Yes,33,878.16,300.57,577.59,15.4,,,No,Yes,No,No,SAMPLE_2025_01_VolumeSpend.xlsx,Synthetic,Payor View
2025,1,Jan,202501,Q1,2025-01-01,0009100012|MAI002,0009100012,Mail Services,No,MAI002,Mail Services - Regional,Kansas City,MO,64108,NDA REG / EXPRESS PKG,Next Day Air / Express,NDA,Premium,Domestic,Yes,280,21375.21,7024.85,14350.36,804.1,,,No,Yes,No,No,SAMPLE_2025_01_VolumeSpend.xlsx,Synthetic,Payor View
2025,1,Jan,202501,Q1,2025-01-01,0009100012|MAI002,0009100012,Mail Services,No,MAI002,Mail Services - Regional,Kansas City,MO,64108,NDA REG / EXPRESS LTR,Next Day Air / Express,NDA,Premium,Domestic,Yes,408,8564.35,3053.06,5511.29,154.8,,,No,Yes,No,No,SAMPLE_2025_01_VolumeSpend.xlsx,Synthetic,Payor View
2025,1,Jan,202501,Q1,2025-01-01,0009100012|MAI002,0009100012,Mail Services,No,MAI002,Mail Services - Regional,Kansas City,MO,64108,NDA AM / EXPRESS PLUS PKG,Next Day Air Early,NDA Early,Premium,Domestic,Yes,2,556.39,189.0,367.39,4.6,,,No,Yes,No,No,SAMPLE_2025_01_VolumeSpend.xlsx,Synthetic,Payor View
2025,1,Jan,202501,Q1,2025-01-01,0009100012|MAI002,0009100012,Mail Services,No,MAI002,Mail Services - Regional,Kansas City,MO,64108,WW EXPRESS REG PKG,International Express,Intl Express,Premium,International,Yes,2,653.57,232.1,421.47,18.2,,,No,Yes,No,No,SAMPLE_2025_01_VolumeSpend.xlsx,Synthetic,Payor View
2025,1,Jan,202501,Q1,2025-01-01,0009100012|MAI002,0009100012,Mail Services,No,MAI002,Mail Services - Regional,Kansas City,MO,64108,WW EXPRESS PM / SAVER PKG,International Express Saver,Intl Saver,Premium,International,Yes,2,635.34,219.28,416.06,18.3,,,No,Yes,No,No,SAMPLE_2025_01_VolumeSpend.xlsx,Synthetic,Payor View
2025,1,Jan,202501,Q1,2025-01-01,0009100012|MAI002,0009100012,Mail Services,No,MAI002,Mail Services - Regional,Kansas City,MO,64108,MISC / UNC,Excluded - Adjustments,Excluded,Non-Service,Not Applicable,No,0,1021.96,1021.96,0.0,0.0,,,Yes,No,Yes,No,SAMPLE_2025_01_VolumeSpend.xlsx,Synthetic,Payor View
2025,1,Jan,202501,Q1,2025-01-01,0009100013|VEN003,0009100013,Vendor Programs,No,VEN003,Vendor Programs - Print,Aurora,IL,60502,GROUND PKG,Ground,Ground,Deferred,Domestic,Yes,4836,186190.54,59193.37,126997.17,77663.0,,,No,Yes,No,No,SAMPLE_2025_01_VolumeSpend.xlsx,Synthetic,Payor View
2025,1,Jan,202501,Q1,2025-01-01,0009100013|VEN003,0009100013,Vendor Programs,No,VEN003,Vendor Programs - Print,Aurora,IL,60502,GROUND CWT,Ground,Ground,Deferred,Domestic,Yes,30,2851.25,927.42,1923.83,805.5,,,No,Yes,No,No,SAMPLE_2025_01_VolumeSpend.xlsx,Synthetic,Payor View
2025,1,Jan,202501,Q1,2025-01-01,0009100013|VEN003,0009100013,Vendor Programs,No,VEN003,Vendor Programs - Print,Aurora,IL,60502,STANDARD GROUND,Ground,Ground,Deferred,Domestic,Yes,88,2319.46,808.61,1510.85,853.3,,,No,Yes,No,No,SAMPLE_2025_01_VolumeSpend.xlsx,Synthetic,Payor View
2025,1,Jan,202501,Q1,2025-01-01,0009100013|VEN003,0009100013,Vendor Programs,No,VEN003,Vendor Programs - Print,Aurora,IL,60502,3DS PKG,3 Day Select,3DS,Deferred,Domestic,Yes,58,2317.9,820.67,1497.23,224.3,,,No,Yes,No,No,SAMPLE_2025_01_VolumeSpend.xlsx,Synthetic,Payor View
2025,1,Jan,202501,Q1,2025-01-01,0009100013|VEN003,0009100013,Vendor Programs,No,VEN003,Vendor Programs - Print,Aurora,IL,60502,2DA REG / EXPEDITED PKG,2nd Day Air / Expedited,2DA,Expedited,Domestic,Yes,531,26719.29,9372.63,17346.66,1590.3,,,No,Yes,No,No,SAMPLE_2025_01_VolumeSpend.xlsx,Synthetic,Payor View
2025,1,Jan,202501,Q1,2025-01-01,0009100013|VEN003,0009100013,Vendor Programs,No,VEN003,Vendor Programs - Print,Aurora,IL,60502,2DA REG / EXPEDITED LTR,2nd Day Air / Expedited,2DA,Expedited,Domestic,Yes,164,1990.63,668.15,1322.48,69.7,,,No,Yes,No,No,SAMPLE_2025_01_VolumeSpend.xlsx,Synthetic,Payor View
2025,1,Jan,202501,Q1,2025-01-01,0009100013|VEN003,0009100013,Vendor Programs,No,VEN003,Vendor Programs - Print,Aurora,IL,60502,2DA AM PKG,2nd Day Air Early A.M.,2DA AM,Expedited,Domestic,Yes,29,359.69,119.12,240.57,9.7,,,No,Yes,No,No,SAMPLE_2025_01_VolumeSpend.xlsx,Synthetic,Payor View
2025,1,Jan,202501,Q1,2025-01-01,0009100013|VEN003,0009100013,Vendor Programs,No,VEN003,Vendor Programs - Print,Aurora,IL,60502,NDA PM / EXPRESS SAVER PKG,Next Day Air Saver,NDA Saver,Premium,Domestic,Yes,233,9398.0,2890.78,6507.22,210.4,,,No,Yes,No,No,SAMPLE_2025_01_VolumeSpend.xlsx,Synthetic,Payor View
2025,1,Jan,202501,Q1,2025-01-01,0009100013|VEN003,0009100013,Vendor Programs,No,VEN003,Vendor Programs - Print,Aurora,IL,60502,NDA PM / EXPRESS SAVER LTR,Next Day Air Saver,NDA Saver,Premium,Domestic,Yes,53,1209.47,403.65,805.82,17.6,,,No,Yes,No,No,SAMPLE_2025_01_VolumeSpend.xlsx,Synthetic,Payor View
2025,1,Jan,202501,Q1,2025-01-01,0009100013|VEN003,0009100013,Vendor Programs,No,VEN003,Vendor Programs - Print,Aurora,IL,60502,NDA REG / EXPRESS PKG,Next Day Air / Express,NDA,Premium,Domestic,Yes,424,33651.38,12439.99,21211.39,1374.9,,,No,Yes,No,No,SAMPLE_2025_01_VolumeSpend.xlsx,Synthetic,Payor View
2025,1,Jan,202501,Q1,2025-01-01,0009100013|VEN003,0009100013,Vendor Programs,No,VEN003,Vendor Programs - Print,Aurora,IL,60502,NDA REG / EXPRESS LTR,Next Day Air / Express,NDA,Premium,Domestic,Yes,626,13388.75,4387.66,9001.09,215.4,,,No,Yes,No,No,SAMPLE_2025_01_VolumeSpend.xlsx,Synthetic,Payor View
2025,1,Jan,202501,Q1,2025-01-01,0009100013|VEN003,0009100013,Vendor Programs,No,VEN003,Vendor Programs - Print,Aurora,IL,60502,NDA AM / EXPRESS PLUS PKG,Next Day Air Early,NDA Early,Premium,Domestic,Yes,3,646.45,229.94,416.51,5.7,,,No,Yes,No,No,SAMPLE_2025_01_VolumeSpend.xlsx,Synthetic,Payor View
2025,1,Jan,202501,Q1,2025-01-01,0009100013|VEN003,0009100013,Vendor Programs,No,VEN003,Vendor Programs - Print,Aurora,IL,60502,WW EXPRESS REG PKG,International Express,Intl Express,Premium,International,Yes,4,1136.18,378.3,757.88,30.2,,,No,Yes,No,No,SAMPLE_2025_01_VolumeSpend.xlsx,Synthetic,Payor View
2025,1,Jan,202501,Q1,2025-01-01,0009100013|VEN003,0009100013,Vendor Programs,No,VEN003,Vendor Programs - Print,Aurora,IL,60502,WW EXPRESS PM / SAVER PKG,International Express Saver,Intl Saver,Premium,International,Yes,3,991.81,329.17,662.64,23.9,,,No,Yes,No,No,SAMPLE_2025_01_VolumeSpend.xlsx,Synthetic,Payor View
2025,1,Jan,202501,Q1,2025-01-01,0009100013|VEN003,0009100013,Vendor Programs,No,VEN003,Vendor Programs - Print,Aurora,IL,60502,WW EXPEDITED / 2DA PKG,International Expedited,Intl Expedited,Expedited,International,Yes,1,253.45,85.63,167.82,6.7,,,No,Yes,No,No,SAMPLE_2025_01_VolumeSpend.xlsx,Synthetic,Payor View
2025,1,Jan,202501,Q1,2025-01-01,0009100013|VEN003,0009100013,Vendor Programs,No,VEN003,Vendor Programs - Print,Aurora,IL,60502,MISC / UNC,Excluded - Adjustments,Excluded,Non-Service,Not Applicable,No,0,1261.77,1261.77,0.0,0.0,,,Yes,No,Yes,No,SAMPLE_2025_01_VolumeSpend.xlsx,Synthetic,Payor View
2025,1,Jan,202501,Q1,2025-01-01,0009100013|VEN004,0009100013,Vendor Programs,No,VEN004,Vendor Programs - Fulfilment,Aurora,IL,60502,GROUND PKG,Ground,Ground,Deferred,Domestic,Yes,4527,195442.56,63697.01,131745.55,72658.1,,,No,Yes,No,No,SAMPLE_2025_01_VolumeSpend.xlsx,Synthetic,Payor View
2025,1,Jan,202501,Q1,2025-01-01,0009100013|VEN004,0009100013,Vendor Programs,No,VEN004,Vendor Programs - Fulfilment,Aurora,IL,60502,GROUND CWT,Ground,Ground,Deferred,Domestic,Yes,17,1518.39,524.69,993.7,463.8,,,No,Yes,No,No,SAMPLE_2025_01_VolumeSpend.xlsx,Synthetic,Payor View
2025,1,Jan,202501,Q1,2025-01-01,0009100013|VEN004,0009100013,Vendor Programs,No,VEN004,Vendor Programs - Fulfilment,Aurora,IL,60502,STANDARD GROUND,Ground,Ground,Deferred,Domestic,Yes,61,1585.79,591.29,994.5,574.9,,,No,Yes,No,No,SAMPLE_2025_01_VolumeSpend.xlsx,Synthetic,Payor View
2025,1,Jan,202501,Q1,2025-01-01,0009100013|VEN004,0009100013,Vendor Programs,No,VEN004,Vendor Programs - Fulfilment,Aurora,IL,60502,3DS PKG,3 Day Select,3DS,Deferred,Domestic,Yes,47,1889.76,677.3,1212.46,175.5,,,No,Yes,No,No,SAMPLE_2025_01_VolumeSpend.xlsx,Synthetic,Payor View
2025,1,Jan,202501,Q1,2025-01-01,0009100013|VEN004,0009100013,Vendor Programs,No,VEN004,Vendor Programs - Fulfilment,Aurora,IL,60502,2DA REG / EXPEDITED PKG,2nd Day Air / Expedited,2DA,Expedited,Domestic,Yes,342,14766.74,5015.39,9751.35,904.2,,,No,Yes,No,No,SAMPLE_2025_01_VolumeSpend.xlsx,Synthetic,Payor View
2025,1,Jan,202501,Q1,2025-01-01,0009100013|VEN004,0009100013,Vendor Programs,No,VEN004,Vendor Programs - Fulfilment,Aurora,IL,60502,2DA REG / EXPEDITED LTR,2nd Day Air / Expedited,2DA,Expedited,Domestic,Yes,124,2460.48,793.34,1667.14,72.6,,,No,Yes,No,No,SAMPLE_2025_01_VolumeSpend.xlsx,Synthetic,Payor View
2025,1,Jan,202501,Q1,2025-01-01,0009100013|VEN004,0009100013,Vendor Programs,No,VEN004,Vendor Programs - Fulfilment,Aurora,IL,60502,2DA AM PKG,2nd Day Air Early A.M.,2DA AM,Expedited,Domestic,Yes,24,312.25,102.78,209.47,8.0,,,No,Yes,No,No,SAMPLE_2025_01_VolumeSpend.xlsx,Synthetic,Payor View
2025,1,Jan,202501,Q1,2025-01-01,0009100013|VEN004,0009100013,Vendor Programs,No,VEN004,Vendor Programs - Fulfilment,Aurora,IL,60502,NDA PM / EXPRESS SAVER PKG,Next Day Air Saver,NDA Saver,Premium,Domestic,Yes,145,7493.8,2353.74,5140.06,150.6,,,No,Yes,No,No,SAMPLE_2025_01_VolumeSpend.xlsx,Synthetic,Payor View
2025,1,Jan,202501,Q1,2025-01-01,0009100013|VEN004,0009100013,Vendor Programs,No,VEN004,Vendor Programs - Fulfilment,Aurora,IL,60502,NDA PM / EXPRESS SAVER LTR,Next Day Air Saver,NDA Saver,Premium,Domestic,Yes,36,964.66,335.91,628.75,14.4,,,No,Yes,No,No,SAMPLE_2025_01_VolumeSpend.xlsx,Synthetic,Payor View
2025,1,Jan,202501,Q1,2025-01-01,0009100013|VEN004,0009100013,Vendor Programs,No,VEN004,Vendor Programs - Fulfilment,Aurora,IL,60502,NDA REG / EXPRESS PKG,Next Day Air / Express,NDA,Premium,Domestic,Yes,330,25344.39,9034.69,16309.7,965.4,,,No,Yes,No,No,SAMPLE_2025_01_VolumeSpend.xlsx,Synthetic,Payor View
2025,1,Jan,202501,Q1,2025-01-01,0009100013|VEN004,0009100013,Vendor Programs,No,VEN004,Vendor Programs - Fulfilment,Aurora,IL,60502,NDA REG / EXPRESS LTR,Next Day Air / Express,NDA,Premium,Domestic,Yes,334,9387.13,3292.56,6094.57,145.5,,,No,Yes,No,No,SAMPLE_2025_01_VolumeSpend.xlsx,Synthetic,Payor View
2025,1,Jan,202501,Q1,2025-01-01,0009100013|VEN004,0009100013,Vendor Programs,No,VEN004,Vendor Programs - Fulfilment,Aurora,IL,60502,NDA AM / EXPRESS PLUS PKG,Next Day Air Early,NDA Early,Premium,Domestic,Yes,3,821.19,291.76,529.43,6.7,,,No,Yes,No,No,SAMPLE_2025_01_VolumeSpend.xlsx,Synthetic,Payor View
2025,1,Jan,202501,Q1,2025-01-01,0009100013|VEN004,0009100013,Vendor Programs,No,VEN004,Vendor Programs - Fulfilment,Aurora,IL,60502,WW EXPRESS REG PKG,International Express,Intl Express,Premium,International,Yes,3,1003.77,361.01,642.76,27.4,,,No,Yes,No,No,SAMPLE_2025_01_VolumeSpend.xlsx,Synthetic,Payor View
2025,1,Jan,202501,Q1,2025-01-01,0009100013|VEN004,0009100013,Vendor Programs,No,VEN004,Vendor Programs - Fulfilment,Aurora,IL,60502,WW EXPRESS PM / SAVER PKG,International Express Saver,Intl Saver,Premium,International,Yes,2,674.09,206.54,467.55,16.9,,,No,Yes,No,No,SAMPLE_2025_01_VolumeSpend.xlsx,Synthetic,Payor View
2025,1,Jan,202501,Q1,2025-01-01,0009100013|VEN004,0009100013,Vendor Programs,No,VEN004,Vendor Programs - Fulfilment,Aurora,IL,60502,WW EXPEDITED / 2DA PKG,International Expedited,Intl Expedited,Expedited,International,Yes,1,208.02,73.48,134.54,6.7,,,No,Yes,No,No,SAMPLE_2025_01_VolumeSpend.xlsx,Synthetic,Payor View
2025,1,Jan,202501,Q1,2025-01-01,0009100013|VEN004,0009100013,Vendor Programs,No,VEN004,Vendor Programs - Fulfilment,Aurora,IL,60502,MISC / UNC,Excluded - Adjustments,Excluded,Non-Service,Not Applicable,No,0,431.06,431.06,0.0,0.0,,,Yes,No,Yes,No,SAMPLE_2025_01_VolumeSpend.xlsx,Synthetic,Payor View
2025,1,Jan,202501,Q1,2025-01-01,0009100014|FLD005,0009100014,Field Administration,No,FLD005,Field Administration - North,Madison,WI,53703,GROUND PKG,Ground,Ground,Deferred,Domestic,Yes,6922,238041.45,78650.81,159390.64,101479.7,,,No,Yes,No,No,SAMPLE_2025_01_VolumeSpend.xlsx,Synthetic,Payor View
2025,1,Jan,202501,Q1,2025-01-01,0009100014|FLD005,0009100014,Field Administration,No,FLD005,Field Administration - North,Madison,WI,53703,GROUND CWT,Ground,Ground,Deferred,Domestic,Yes,45,5043.18,1786.59,3256.59,1534.6,,,No,Yes,No,No,SAMPLE_2025_01_VolumeSpend.xlsx,Synthetic,Payor View
2025,1,Jan,202501,Q1,2025-01-01,0009100014|FLD005,0009100014,Field Administration,No,FLD005,Field Administration - North,Madison,WI,53703,STANDARD GROUND,Ground,Ground,Deferred,Domestic,Yes,148,3802.4,1196.98,2605.42,1119.0,,,No,Yes,No,No,SAMPLE_2025_01_VolumeSpend.xlsx,Synthetic,Payor View
2025,1,Jan,202501,Q1,2025-01-01,0009100014|FLD005,0009100014,Field Administration,No,FLD005,Field Administration - North,Madison,WI,53703,3DS PKG,3 Day Select,3DS,Deferred,Domestic,Yes,92,4698.08,1628.15,3069.93,400.1,,,No,Yes,No,No,SAMPLE_2025_01_VolumeSpend.xlsx,Synthetic,Payor View
2025,1,Jan,202501,Q1,2025-01-01,0009100014|FLD005,0009100014,Field Administration,No,FLD005,Field Administration - North,Madison,WI,53703,2DA REG / EXPEDITED PKG,2nd Day Air / Expedited,2DA,Expedited,Domestic,Yes,616,34653.61,12812.32,21841.29,1936.1,,,No,Yes,No,No,SAMPLE_2025_01_VolumeSpend.xlsx,Synthetic,Payor View
2025,1,Jan,202501,Q1,2025-01-01,0009100014|FLD005,0009100014,Field Administration,No,FLD005,Field Administration - North,Madison,WI,53703,2DA REG / EXPEDITED LTR,2nd Day Air / Expedited,2DA,Expedited,Domestic,Yes,219,3018.18,991.8,2026.38,98.1,,,No,Yes,No,No,SAMPLE_2025_01_VolumeSpend.xlsx,Synthetic,Payor View
2025,1,Jan,202501,Q1,2025-01-01,0009100014|FLD005,0009100014,Field Administration,No,FLD005,Field Administration - North,Madison,WI,53703,2DA AM PKG,2nd Day Air Early A.M.,2DA AM,Expedited,Domestic,Yes,46,497.53,166.04,331.49,13.0,,,No,Yes,No,No,SAMPLE_2025_01_VolumeSpend.xlsx,Synthetic,Payor View
2025,1,Jan,202501,Q1,2025-01-01,0009100014|FLD005,0009100014,Field Administration,No,FLD005,Field Administration - North,Madison,WI,53703,NDA PM / EXPRESS SAVER PKG,Next Day Air Saver,NDA Saver,Premium,Domestic,Yes,251,15426.81,4942.68,10484.13,318.1,,,No,Yes,No,No,SAMPLE_2025_01_VolumeSpend.xlsx,Synthetic,Payor View
2025,1,Jan,202501,Q1,2025-01-01,0009100014|FLD005,0009100014,Field Administration,No,FLD005,Field Administration - North,Madison,WI,53703,NDA PM / EXPRESS SAVER LTR,Next Day Air Saver,NDA Saver,Premium,Domestic,Yes,94,1798.28,645.48,1152.8,31.8,,,No,Yes,No,No,SAMPLE_2025_01_VolumeSpend.xlsx,Synthetic,Payor View
2025,1,Jan,202501,Q1,2025-01-01,0009100014|FLD005,0009100014,Field Administration,No,FLD005,Field Administration - North,Madison,WI,53703,NDA REG / EXPRESS PKG,Next Day Air / Express,NDA,Premium,Domestic,Yes,482,37582.02,12745.12,24836.9,1412.3,,,No,Yes,No,No,SAMPLE_2025_01_VolumeSpend.xlsx,Synthetic,Payor View
2025,1,Jan,202501,Q1,2025-01-01,0009100014|FLD005,0009100014,Field Administration,No,FLD005,Field Administration - North,Madison,WI,53703,NDA REG / EXPRESS LTR,Next Day Air / Express,NDA,Premium,Domestic,Yes,767,17373.29,5784.17,11589.12,298.1,,,No,Yes,No,No,SAMPLE_2025_01_VolumeSpend.xlsx,Synthetic,Payor View
2025,1,Jan,202501,Q1,2025-01-01,0009100014|FLD005,0009100014,Field Administration,No,FLD005,Field Administration - North,Madison,WI,53703,NDA AM / EXPRESS PLUS PKG,Next Day Air Early,NDA Early,Premium,Domestic,Yes,5,1203.03,414.95,788.08,9.0,,,No,Yes,No,No,SAMPLE_2025_01_VolumeSpend.xlsx,Synthetic,Payor View
2025,1,Jan,202501,Q1,2025-01-01,0009100014|FLD005,0009100014,Field Administration,No,FLD005,Field Administration - North,Madison,WI,53703,WW EXPRESS REG PKG,International Express,Intl Express,Premium,International,Yes,7,2436.86,805.29,1631.57,59.0,,,No,Yes,No,No,SAMPLE_2025_01_VolumeSpend.xlsx,Synthetic,Payor View
2025,1,Jan,202501,Q1,2025-01-01,0009100014|FLD005,0009100014,Field Administration,No,FLD005,Field Administration - North,Madison,WI,53703,WW EXPRESS PM / SAVER PKG,International Express Saver,Intl Saver,Premium,International,Yes,5,1362.84,462.89,899.95,38.6,,,No,Yes,No,No,SAMPLE_2025_01_VolumeSpend.xlsx,Synthetic,Payor View
2025,1,Jan,202501,Q1,2025-01-01,0009100014|FLD005,0009100014,Field Administration,No,FLD005,Field Administration - North,Madison,WI,53703,WW EXPEDITED / 2DA PKG,International Expedited,Intl Expedited,Expedited,International,Yes,1,309.1,95.66,213.44,7.9,,,No,Yes,No,No,SAMPLE_2025_01_VolumeSpend.xlsx,Synthetic,Payor View
2025,1,Jan,202501,Q1,2025-01-01,0009100014|FLD005,0009100014,Field Administration,No,FLD005,Field Administration - North,Madison,WI,53703,MISC / UNC,Excluded - Adjustments,Excluded,Non-Service,Not Applicable,No,0,1630.78,1630.78,0.0,0.0,,,Yes,No,Yes,No,SAMPLE_2025_01_VolumeSpend.xlsx,Synthetic,Payor View
2025,1,Jan,202501,Q1,2025-01-01,0009100015|HQX006,0009100015,Corporate HQ,No,HQX006,Corporate HQ - Facilities,Columbus,OH,43004,GROUND PKG,Ground,Ground,Deferred,Domestic,Yes,1746,92230.93,29876.24,62354.69,34646.2,,,No,Yes,No,No,SAMPLE_2025_01_VolumeSpend.xlsx,Synthetic,Payor View
2025,1,Jan,202501,Q1,2025-01-01,0009100015|HQX006,0009100015,Corporate HQ,No,HQX006,Corporate HQ - Facilities,Columbus,OH,43004,GROUND CWT,Ground,Ground,Deferred,Domestic,Yes,13,1054.21,372.47,681.74,352.6,,,No,Yes,No,No,SAMPLE_2025_01_VolumeSpend.xlsx,Synthetic,Payor View
2025,1,Jan,202501,Q1,2025-01-01,0009100015|HQX006,0009100015,Corporate HQ,No,HQX006,Corporate HQ - Facilities,Columbus,OH,43004,STANDARD GROUND,Ground,Ground,Deferred,Domestic,Yes,44,1051.48,350.0,701.48,347.6,,,No,Yes,No,No,SAMPLE_2025_01_VolumeSpend.xlsx,Synthetic,Payor View
2025,1,Jan,202501,Q1,2025-01-01,0009100015|HQX006,0009100015,Corporate HQ,No,HQX006,Corporate HQ - Facilities,Columbus,OH,43004,3DS PKG,3 Day Select,3DS,Deferred,Domestic,Yes,32,1522.35,467.4,1054.95,133.5,,,No,Yes,No,No,SAMPLE_2025_01_VolumeSpend.xlsx,Synthetic,Payor View
2025,1,Jan,202501,Q1,2025-01-01,0009100015|HQX006,0009100015,Corporate HQ,No,HQX006,Corporate HQ - Facilities,Columbus,OH,43004,2DA REG / EXPEDITED PKG,2nd Day Air / Expedited,2DA,Expedited,Domestic,Yes,181,9955.6,3268.18,6687.42,525.6,,,No,Yes,No,No,SAMPLE_2025_01_VolumeSpend.xlsx,Synthetic,Payor View
2025,1,Jan,202501,Q1,2025-01-01,0009100015|HQX006,0009100015,Corporate HQ,No,HQX006,Corporate HQ - Facilities,Columbus,OH,43004,2DA REG / EXPEDITED LTR,2nd Day Air / Expedited,2DA,Expedited,Domestic,Yes,53,816.16,278.26,537.9,29.5,,,No,Yes,No,No,SAMPLE_2025_01_VolumeSpend.xlsx,Synthetic,Payor View
2025,1,Jan,202501,Q1,2025-01-01,0009100015|HQX006,0009100015,Corporate HQ,No,HQX006,Corporate HQ - Facilities,Columbus,OH,43004,2DA AM PKG,2nd Day Air Early A.M.,2DA AM,Expedited,Domestic,Yes,14,149.55,53.02,96.53,4.7,,,No,Yes,No,No,SAMPLE_2025_01_VolumeSpend.xlsx,Synthetic,Payor View
2025,1,Jan,202501,Q1,2025-01-01,0009100015|HQX006,0009100015,Corporate HQ,No,HQX006,Corporate HQ - Facilities,Columbus,OH,43004,NDA PM / EXPRESS SAVER PKG,Next Day Air Saver,NDA Saver,Premium,Domestic,Yes,90,5481.22,1684.84,3796.38,109.3,,,No,Yes,No,No,SAMPLE_2025_01_VolumeSpend.xlsx,Synthetic,Payor View
2025,1,Jan,202501,Q1,2025-01-01,0009100015|HQX006,0009100015,Corporate HQ,No,HQX006,Corporate HQ - Facilities,Columbus,OH,43004,NDA PM / EXPRESS SAVER LTR,Next Day Air Saver,NDA Saver,Premium,Domestic,Yes,28,883.69,295.51,588.18,12.8,,,No,Yes,No,No,SAMPLE_2025_01_VolumeSpend.xlsx,Synthetic,Payor View
2025,1,Jan,202501,Q1,2025-01-01,0009100015|HQX006,0009100015,Corporate HQ,No,HQX006,Corporate HQ - Facilities,Columbus,OH,43004,NDA REG / EXPRESS PKG,Next Day Air / Express,NDA,Premium,Domestic,Yes,183,16121.88,5440.87,10681.01,547.8,,,No,Yes,No,No,SAMPLE_2025_01_VolumeSpend.xlsx,Synthetic,Payor View
2025,1,Jan,202501,Q1,2025-01-01,0009100015|HQX006,0009100015,Corporate HQ,No,HQX006,Corporate HQ - Facilities,Columbus,OH,43004,NDA REG / EXPRESS LTR,Next Day Air / Express,NDA,Premium,Domestic,Yes,271,6850.77,2392.61,4458.16,105.1,,,No,Yes,No,No,SAMPLE_2025_01_VolumeSpend.xlsx,Synthetic,Payor View
2025,1,Jan,202501,Q1,2025-01-01,0009100015|HQX006,0009100015,Corporate HQ,No,HQX006,Corporate HQ - Facilities,Columbus,OH,43004,NDA AM / EXPRESS PLUS PKG,Next Day Air Early,NDA Early,Premium,Domestic,Yes,2,612.94,188.43,424.51,4.7,,,No,Yes,No,No,SAMPLE_2025_01_VolumeSpend.xlsx,Synthetic,Payor View
2025,1,Jan,202501,Q1,2025-01-01,0009100015|HQX006,0009100015,Corporate HQ,No,HQX006,Corporate HQ - Facilities,Columbus,OH,43004,WW EXPRESS REG PKG,International Express,Intl Express,Premium,International,Yes,2,830.47,284.37,546.1,19.0,,,No,Yes,No,No,SAMPLE_2025_01_VolumeSpend.xlsx,Synthetic,Payor View
2025,1,Jan,202501,Q1,2025-01-01,0009100015|HQX006,0009100015,Corporate HQ,No,HQX006,Corporate HQ - Facilities,Columbus,OH,43004,WW EXPRESS PM / SAVER PKG,International Express Saver,Intl Saver,Premium,International,Yes,1,295.69,90.93,204.76,7.1,,,No,Yes,No,No,SAMPLE_2025_01_VolumeSpend.xlsx,Synthetic,Payor View
2025,1,Jan,202501,Q1,2025-01-01,0009100015|HQX006,0009100015,Corporate HQ,No,HQX006,Corporate HQ - Facilities,Columbus,OH,43004,MISC / UNC,Excluded - Adjustments,Excluded,Non-Service,Not Applicable,No,0,310.35,310.35,0.0,0.0,,,Yes,No,Yes,No,SAMPLE_2025_01_VolumeSpend.xlsx,Synthetic,Payor View
2025,1,Jan,202501,Q1,2025-01-01,0009100016|RTL007,0009100016,Retail Partner Network,No,RTL007,Retail Partner Network - Stores,Phoenix,AZ,85004,GROUND PKG,Ground,Ground,Deferred,Domestic,Yes,11657,361035.86,127523.81,233512.05,165941.9,,,No,Yes,No,No,SAMPLE_2025_01_VolumeSpend.xlsx,Synthetic,Payor View
2025,1,Jan,202501,Q1,2025-01-01,0009100016|RTL007,0009100016,Retail Partner Network,No,RTL007,Retail Partner Network - Stores,Phoenix,AZ,85004,GROUND CWT,Ground,Ground,Deferred,Domestic,Yes,69,8727.28,3097.31,5629.97,2398.4,,,No,Yes,No,No,SAMPLE_2025_01_VolumeSpend.xlsx,Synthetic,Payor View
2025,1,Jan,202501,Q1,2025-01-01,0009100016|RTL007,0009100016,Retail Partner Network,No,RTL007,Retail Partner Network - Stores,Phoenix,AZ,85004,STANDARD GROUND,Ground,Ground,Deferred,Domestic,Yes,140,4529.48,1630.0,2899.48,1478.0,,,No,Yes,No,No,SAMPLE_2025_01_VolumeSpend.xlsx,Synthetic,Payor View
2025,1,Jan,202501,Q1,2025-01-01,0009100016|RTL007,0009100016,Retail Partner Network,No,RTL007,Retail Partner Network - Stores,Phoenix,AZ,85004,3DS PKG,3 Day Select,3DS,Deferred,Domestic,Yes,156,4715.73,1615.72,3100.01,474.5,,,No,Yes,No,No,SAMPLE_2025_01_VolumeSpend.xlsx,Synthetic,Payor View
2025,1,Jan,202501,Q1,2025-01-01,0009100016|RTL007,0009100016,Retail Partner Network,No,RTL007,Retail Partner Network - Stores,Phoenix,AZ,85004,2DA REG / EXPEDITED PKG,2nd Day Air / Expedited,2DA,Expedited,Domestic,Yes,1214,68153.78,21070.15,47083.63,3244.0,,,No,Yes,No,No,SAMPLE_2025_01_VolumeSpend.xlsx,Synthetic,Payor View
2025,1,Jan,202501,Q1,2025-01-01,0009100016|RTL007,0009100016,Retail Partner Network,No,RTL007,Retail Partner Network - Stores,Phoenix,AZ,85004,2DA REG / EXPEDITED LTR,2nd Day Air / Expedited,2DA,Expedited,Domestic,Yes,337,3603.7,1292.91,2310.79,147.6,,,No,Yes,No,No,SAMPLE_2025_01_VolumeSpend.xlsx,Synthetic,Payor View
2025,1,Jan,202501,Q1,2025-01-01,0009100016|RTL007,0009100016,Retail Partner Network,No,RTL007,Retail Partner Network - Stores,Phoenix,AZ,85004,2DA AM PKG,2nd Day Air Early A.M.,2DA AM,Expedited,Domestic,Yes,69,661.82,202.54,459.28,18.8,,,No,Yes,No,No,SAMPLE_2025_01_VolumeSpend.xlsx,Synthetic,Payor View
2025,1,Jan,202501,Q1,2025-01-01,0009100016|RTL007,0009100016,Retail Partner Network,No,RTL007,Retail Partner Network - Stores,Phoenix,AZ,85004,NDA PM / EXPRESS SAVER PKG,Next Day Air Saver,NDA Saver,Premium,Domestic,Yes,468,21462.64,6729.57,14733.07,445.9,,,No,Yes,No,No,SAMPLE_2025_01_VolumeSpend.xlsx,Synthetic,Payor View
2025,1,Jan,202501,Q1,2025-01-01,0009100016|RTL007,0009100016,Retail Partner Network,No,RTL007,Retail Partner Network - Stores,Phoenix,AZ,85004,NDA PM / EXPRESS SAVER LTR,Next Day Air Saver,NDA Saver,Premium,Domestic,Yes,137,3412.29,1170.18,2242.11,49.2,,,No,Yes,No,No,SAMPLE_2025_01_VolumeSpend.xlsx,Synthetic,Payor View
2025,1,Jan,202501,Q1,2025-01-01,0009100016|RTL007,0009100016,Retail Partner Network,No,RTL007,Retail Partner Network - Stores,Phoenix,AZ,85004,NDA REG / EXPRESS PKG,Next Day Air / Express,NDA,Premium,Domestic,Yes,828,59826.46,20198.54,39627.92,2294.1,,,No,Yes,No,No,SAMPLE_2025_01_VolumeSpend.xlsx,Synthetic,Payor View
2025,1,Jan,202501,Q1,2025-01-01,0009100016|RTL007,0009100016,Retail Partner Network,No,RTL007,Retail Partner Network - Stores,Phoenix,AZ,85004,NDA REG / EXPRESS LTR,Next Day Air / Express,NDA,Premium,Domestic,Yes,1024,29670.73,9669.88,20000.85,466.9,,,No,Yes,No,No,SAMPLE_2025_01_VolumeSpend.xlsx,Synthetic,Payor View
2025,1,Jan,202501,Q1,2025-01-01,0009100016|RTL007,0009100016,Retail Partner Network,No,RTL007,Retail Partner Network - Stores,Phoenix,AZ,85004,NDA AM / EXPRESS PLUS PKG,Next Day Air Early,NDA Early,Premium,Domestic,Yes,9,2556.02,817.78,1738.24,17.5,,,No,Yes,No,No,SAMPLE_2025_01_VolumeSpend.xlsx,Synthetic,Payor View
2025,1,Jan,202501,Q1,2025-01-01,0009100016|RTL007,0009100016,Retail Partner Network,No,RTL007,Retail Partner Network - Stores,Phoenix,AZ,85004,WW EXPRESS REG PKG,International Express,Intl Express,Premium,International,Yes,9,4029.19,1248.16,2781.03,85.8,,,No,Yes,No,No,SAMPLE_2025_01_VolumeSpend.xlsx,Synthetic,Payor View
2025,1,Jan,202501,Q1,2025-01-01,0009100016|RTL007,0009100016,Retail Partner Network,No,RTL007,Retail Partner Network - Stores,Phoenix,AZ,85004,WW EXPRESS PM / SAVER PKG,International Express Saver,Intl Saver,Premium,International,Yes,6,2022.8,686.52,1336.28,52.8,,,No,Yes,No,No,SAMPLE_2025_01_VolumeSpend.xlsx,Synthetic,Payor View
2025,1,Jan,202501,Q1,2025-01-01,0009100016|RTL007,0009100016,Retail Partner Network,No,RTL007,Retail Partner Network - Stores,Phoenix,AZ,85004,WW EXPEDITED / 2DA PKG,International Expedited,Intl Expedited,Expedited,International,Yes,3,790.81,280.49,510.32,23.9,,,No,Yes,No,No,SAMPLE_2025_01_VolumeSpend.xlsx,Synthetic,Payor View
2025,1,Jan,202501,Q1,2025-01-01,0009100016|RTL007,0009100016,Retail Partner Network,No,RTL007,Retail Partner Network - Stores,Phoenix,AZ,85004,MISC / UNC,Excluded - Adjustments,Excluded,Non-Service,Not Applicable,No,0,1327.73,1327.73,0.0,0.0,,,Yes,No,Yes,No,SAMPLE_2025_01_VolumeSpend.xlsx,Synthetic,Payor View
2025,1,Jan,202501,Q1,2025-01-01,0009100017|CSH008,0009100017,Cash Operations,No,CSH008,Cash Operations - Processing,Newark,NJ,07102,GROUND PKG,Ground,Ground,Deferred,Domestic,Yes,4303,162723.21,60659.97,102063.24,75765.6,,,No,Yes,No,No,SAMPLE_2025_01_VolumeSpend.xlsx,Synthetic,Payor View
2025,1,Jan,202501,Q1,2025-01-01,0009100017|CSH008,0009100017,Cash Operations,No,CSH008,Cash Operations - Processing,Newark,NJ,07102,GROUND CWT,Ground,Ground,Deferred,Domestic,Yes,18,1963.92,637.18,1326.74,513.8,,,No,Yes,No,No,SAMPLE_2025_01_VolumeSpend.xlsx,Synthetic,Payor View
2025,1,Jan,202501,Q1,2025-01-01,0009100017|CSH008,0009100017,Cash Operations,No,CSH008,Cash Operations - Processing,Newark,NJ,07102,STANDARD GROUND,Ground,Ground,Deferred,Domestic,Yes,72,2145.81,715.4,1430.41,609.4,,,No,Yes,No,No,SAMPLE_2025_01_VolumeSpend.xlsx,Synthetic,Payor View
2025,1,Jan,202501,Q1,2025-01-01,0009100017|CSH008,0009100017,Cash Operations,No,CSH008,Cash Operations - Processing,Newark,NJ,07102,3DS PKG,3 Day Select,3DS,Deferred,Domestic,Yes,47,1941.0,722.54,1218.46,171.7,,,No,Yes,No,No,SAMPLE_2025_01_VolumeSpend.xlsx,Synthetic,Payor View
2025,1,Jan,202501,Q1,2025-01-01,0009100017|CSH008,0009100017,Cash Operations,No,CSH008,Cash Operations - Processing,Newark,NJ,07102,2DA REG / EXPEDITED PKG,2nd Day Air / Expedited,2DA,Expedited,Domestic,Yes,365,18743.39,6471.89,12271.5,1045.7,,,No,Yes,No,No,SAMPLE_2025_01_VolumeSpend.xlsx,Synthetic,Payor View
2025,1,Jan,202501,Q1,2025-01-01,0009100017|CSH008,0009100017,Cash Operations,No,CSH008,Cash Operations - Processing,Newark,NJ,07102,2DA REG / EXPEDITED LTR,2nd Day Air / Expedited,2DA,Expedited,Domestic,Yes,92,1250.5,395.1,855.4,43.5,,,No,Yes,No,No,SAMPLE_2025_01_VolumeSpend.xlsx,Synthetic,Payor View
2025,1,Jan,202501,Q1,2025-01-01,0009100017|CSH008,0009100017,Cash Operations,No,CSH008,Cash Operations - Processing,Newark,NJ,07102,2DA AM PKG,2nd Day Air Early A.M.,2DA AM,Expedited,Domestic,Yes,22,210.27,73.65,136.62,6.0,,,No,Yes,No,No,SAMPLE_2025_01_VolumeSpend.xlsx,Synthetic,Payor View
2025,1,Jan,202501,Q1,2025-01-01,0009100017|CSH008,0009100017,Cash Operations,No,CSH008,Cash Operations - Processing,Newark,NJ,07102,NDA PM / EXPRESS SAVER PKG,Next Day Air Saver,NDA Saver,Premium,Domestic,Yes,149,6445.92,2312.63,4133.29,149.6,,,No,Yes,No,No,SAMPLE_2025_01_VolumeSpend.xlsx,Synthetic,Payor View
2025,1,Jan,202501,Q1,2025-01-01,0009100017|CSH008,0009100017,Cash Operations,No,CSH008,Cash Operations - Processing,Newark,NJ,07102,NDA PM / EXPRESS SAVER LTR,Next Day Air Saver,NDA Saver,Premium,Domestic,Yes,52,1347.99,475.61,872.38,23.0,,,No,Yes,No,No,SAMPLE_2025_01_VolumeSpend.xlsx,Synthetic,Payor View
2025,1,Jan,202501,Q1,2025-01-01,0009100017|CSH008,0009100017,Cash Operations,No,CSH008,Cash Operations - Processing,Newark,NJ,07102,NDA REG / EXPRESS PKG,Next Day Air / Express,NDA,Premium,Domestic,Yes,281,20383.47,6459.96,13923.51,741.3,,,No,Yes,No,No,SAMPLE_2025_01_VolumeSpend.xlsx,Synthetic,Payor View
2025,1,Jan,202501,Q1,2025-01-01,0009100017|CSH008,0009100017,Cash Operations,No,CSH008,Cash Operations - Processing,Newark,NJ,07102,NDA REG / EXPRESS LTR,Next Day Air / Express,NDA,Premium,Domestic,Yes,500,11561.8,3798.9,7762.9,185.7,,,No,Yes,No,No,SAMPLE_2025_01_VolumeSpend.xlsx,Synthetic,Payor View
2025,1,Jan,202501,Q1,2025-01-01,0009100017|CSH008,0009100017,Cash Operations,No,CSH008,Cash Operations - Processing,Newark,NJ,07102,NDA AM / EXPRESS PLUS PKG,Next Day Air Early,NDA Early,Premium,Domestic,Yes,3,554.45,197.54,356.91,5.0,,,No,Yes,No,No,SAMPLE_2025_01_VolumeSpend.xlsx,Synthetic,Payor View
2025,1,Jan,202501,Q1,2025-01-01,0009100017|CSH008,0009100017,Cash Operations,No,CSH008,Cash Operations - Processing,Newark,NJ,07102,WW EXPRESS REG PKG,International Express,Intl Express,Premium,International,Yes,4,1312.47,458.27,854.2,30.6,,,No,Yes,No,No,SAMPLE_2025_01_VolumeSpend.xlsx,Synthetic,Payor View
2025,1,Jan,202501,Q1,2025-01-01,0009100017|CSH008,0009100017,Cash Operations,No,CSH008,Cash Operations - Processing,Newark,NJ,07102,WW EXPRESS PM / SAVER PKG,International Express Saver,Intl Saver,Premium,International,Yes,3,1069.59,357.41,712.18,28.1,,,No,Yes,No,No,SAMPLE_2025_01_VolumeSpend.xlsx,Synthetic,Payor View
2025,1,Jan,202501,Q1,2025-01-01,0009100017|CSH008,0009100017,Cash Operations,No,CSH008,Cash Operations - Processing,Newark,NJ,07102,WW EXPEDITED / 2DA PKG,International Expedited,Intl Expedited,Expedited,International,Yes,1,265.35,94.93,170.42,8.1,,,No,Yes,No,No,SAMPLE_2025_01_VolumeSpend.xlsx,Synthetic,Payor View
2025,1,Jan,202501,Q1,2025-01-01,0009100017|CSH008,0009100017,Cash Operations,No,CSH008,Cash Operations - Processing,Newark,NJ,07102,MISC / UNC,Excluded - Adjustments,Excluded,Non-Service,Not Applicable,No,0,512.85,512.85,0.0,0.0,,,Yes,No,Yes,No,SAMPLE_2025_01_VolumeSpend.xlsx,Synthetic,Payor View
2025,1,Jan,202501,Q1,2025-01-01,@@|TCO009,@@,Unassigned Sub-Parent,Yes,TCO009,Transfer Co Operations,Whippany,NJ,07981,GROUND PKG,Ground,Ground,Deferred,Domestic,Yes,592,28623.01,9562.05,19060.96,11241.8,,,No,Yes,No,No,SAMPLE_2025_01_VolumeSpend.xlsx,Synthetic,Payor View
2025,1,Jan,202501,Q1,2025-01-01,@@|TCO009,@@,Unassigned Sub-Parent,Yes,TCO009,Transfer Co Operations,Whippany,NJ,07981,GROUND CWT,Ground,Ground,Deferred,Domestic,Yes,2,209.11,71.98,137.13,61.1,,,No,Yes,No,No,SAMPLE_2025_01_VolumeSpend.xlsx,Synthetic,Payor View
2025,1,Jan,202501,Q1,2025-01-01,@@|TCO009,@@,Unassigned Sub-Parent,Yes,TCO009,Transfer Co Operations,Whippany,NJ,07981,STANDARD GROUND,Ground,Ground,Deferred,Domestic,Yes,10,234.38,86.13,148.25,81.3,,,No,Yes,No,No,SAMPLE_2025_01_VolumeSpend.xlsx,Synthetic,Payor View
2025,1,Jan,202501,Q1,2025-01-01,@@|TCO009,@@,Unassigned Sub-Parent,Yes,TCO009,Transfer Co Operations,Whippany,NJ,07981,3DS PKG,3 Day Select,3DS,Deferred,Domestic,Yes,6,239.73,75.71,164.02,18.3,,,No,Yes,No,No,SAMPLE_2025_01_VolumeSpend.xlsx,Synthetic,Payor View
2025,1,Jan,202501,Q1,2025-01-01,@@|TCO009,@@,Unassigned Sub-Parent,Yes,TCO009,Transfer Co Operations,Whippany,NJ,07981,2DA REG / EXPEDITED PKG,2nd Day Air / Expedited,2DA,Expedited,Domestic,Yes,64,4605.65,1448.13,3157.52,224.5,,,No,Yes,No,No,SAMPLE_2025_01_VolumeSpend.xlsx,Synthetic,Payor View
2025,1,Jan,202501,Q1,2025-01-01,@@|TCO009,@@,Unassigned Sub-Parent,Yes,TCO009,Transfer Co Operations,Whippany,NJ,07981,2DA REG / EXPEDITED LTR,2nd Day Air / Expedited,2DA,Expedited,Domestic,Yes,13,244.13,75.37,168.76,6.9,,,No,Yes,No,No,SAMPLE_2025_01_VolumeSpend.xlsx,Synthetic,Payor View
2025,1,Jan,202501,Q1,2025-01-01,@@|TCO009,@@,Unassigned Sub-Parent,Yes,TCO009,Transfer Co Operations,Whippany,NJ,07981,2DA AM PKG,2nd Day Air Early A.M.,2DA AM,Expedited,Domestic,Yes,2,17.13,6.35,10.78,0.6,,,No,Yes,No,No,SAMPLE_2025_01_VolumeSpend.xlsx,Synthetic,Payor View
2025,1,Jan,202501,Q1,2025-01-01,@@|TCO009,@@,Unassigned Sub-Parent,Yes,TCO009,Transfer Co Operations,Whippany,NJ,07981,NDA PM / EXPRESS SAVER PKG,Next Day Air Saver,NDA Saver,Premium,Domestic,Yes,17,741.14,255.69,485.45,19.2,,,No,Yes,No,No,SAMPLE_2025_01_VolumeSpend.xlsx,Synthetic,Payor View
2025,1,Jan,202501,Q1,2025-01-01,@@|TCO009,@@,Unassigned Sub-Parent,Yes,TCO009,Transfer Co Operations,Whippany,NJ,07981,NDA PM / EXPRESS SAVER LTR,Next Day Air Saver,NDA Saver,Premium,Domestic,Yes,4,126.84,43.17,83.67,1.9,,,No,Yes,No,No,SAMPLE_2025_01_VolumeSpend.xlsx,Synthetic,Payor View
2025,1,Jan,202501,Q1,2025-01-01,@@|TCO009,@@,Unassigned Sub-Parent,Yes,TCO009,Transfer Co Operations,Whippany,NJ,07981,NDA REG / EXPRESS PKG,Next Day Air / Express,NDA,Premium,Domestic,Yes,37,3227.9,1101.2,2126.7,110.6,,,No,Yes,No,No,SAMPLE_2025_01_VolumeSpend.xlsx,Synthetic,Payor View
2025,1,Jan,202501,Q1,2025-01-01,@@|TCO009,@@,Unassigned Sub-Parent,Yes,TCO009,Transfer Co Operations,Whippany,NJ,07981,NDA REG / EXPRESS LTR,Next Day Air / Express,NDA,Premium,Domestic,Yes,55,1250.41,385.33,865.08,18.9,,,No,Yes,No,No,SAMPLE_2025_01_VolumeSpend.xlsx,Synthetic,Payor View
2025,1,Jan,202501,Q1,2025-01-01,@@|TCO009,@@,Unassigned Sub-Parent,Yes,TCO009,Transfer Co Operations,Whippany,NJ,07981,MISC / UNC,Excluded - Adjustments,Excluded,Non-Service,Not Applicable,No,0,92.17,92.17,0.0,0.0,,,Yes,No,Yes,No,SAMPLE_2025_01_VolumeSpend.xlsx,Synthetic,Payor View
2025,2,Feb,202502,Q1,2025-02-01,0009100011|TCH001,0009100011,Technology Operations,No,TCH001,Technology Operations - Central,Columbus,OH,43004,GROUND PKG,Ground,Ground,Deferred,Domestic,Yes,17486,748747.81,265078.08,483669.73,287336.2,,,No,Yes,No,No,SAMPLE_2025_02_VolumeSpend.xlsx,Synthetic,Payor View
2025,2,Feb,202502,Q1,2025-02-01,0009100011|TCH001,0009100011,Technology Operations,No,TCH001,Technology Operations - Central,Columbus,OH,43004,GROUND CWT,Ground,Ground,Deferred,Domestic,Yes,90,7558.11,2569.98,4988.13,2289.5,,,No,Yes,No,No,SAMPLE_2025_02_VolumeSpend.xlsx,Synthetic,Payor View
2025,2,Feb,202502,Q1,2025-02-01,0009100011|TCH001,0009100011,Technology Operations,No,TCH001,Technology Operations - Central,Columbus,OH,43004,STANDARD GROUND,Ground,Ground,Deferred,Domestic,Yes,224,6012.29,2101.55,3910.74,1990.7,,,No,Yes,No,No,SAMPLE_2025_02_VolumeSpend.xlsx,Synthetic,Payor View
2025,2,Feb,202502,Q1,2025-02-01,0009100011|TCH001,0009100011,Technology Operations,No,TCH001,Technology Operations - Central,Columbus,OH,43004,3DS PKG,3 Day Select,3DS,Deferred,Domestic,Yes,182,6566.13,2114.73,4451.4,583.1,,,No,Yes,No,No,SAMPLE_2025_02_VolumeSpend.xlsx,Synthetic,Payor View
2025,2,Feb,202502,Q1,2025-02-01,0009100011|TCH001,0009100011,Technology Operations,No,TCH001,Technology Operations - Central,Columbus,OH,43004,2DA REG / EXPEDITED PKG,2nd Day Air / Expedited,2DA,Expedited,Domestic,Yes,1752,100451.83,32954.11,67497.72,5644.2,,,No,Yes,No,No,SAMPLE_2025_02_VolumeSpend.xlsx,Synthetic,Payor View
2025,2,Feb,202502,Q1,2025-02-01,0009100011|TCH001,0009100011,Technology Operations,No,TCH001,Technology Operations - Central,Columbus,OH,43004,2DA REG / EXPEDITED LTR,2nd Day Air / Expedited,2DA,Expedited,Domestic,Yes,441,7380.12,2334.55,5045.57,248.3,,,No,Yes,No,No,SAMPLE_2025_02_VolumeSpend.xlsx,Synthetic,Payor View
2025,2,Feb,202502,Q1,2025-02-01,0009100011|TCH001,0009100011,Technology Operations,No,TCH001,Technology Operations - Central,Columbus,OH,43004,2DA AM PKG,2nd Day Air Early A.M.,2DA AM,Expedited,Domestic,Yes,95,1164.84,412.92,751.92,33.0,,,No,Yes,No,No,SAMPLE_2025_02_VolumeSpend.xlsx,Synthetic,Payor View
2025,2,Feb,202502,Q1,2025-02-01,0009100011|TCH001,0009100011,Technology Operations,No,TCH001,Technology Operations - Central,Columbus,OH,43004,NDA PM / EXPRESS SAVER PKG,Next Day Air Saver,NDA Saver,Premium,Domestic,Yes,673,40114.2,12516.89,27597.31,755.3,,,No,Yes,No,No,SAMPLE_2025_02_VolumeSpend.xlsx,Synthetic,Payor View
2025,2,Feb,202502,Q1,2025-02-01,0009100011|TCH001,0009100011,Technology Operations,No,TCH001,Technology Operations - Central,Columbus,OH,43004,NDA PM / EXPRESS SAVER LTR,Next Day Air Saver,NDA Saver,Premium,Domestic,Yes,205,5678.07,1814.46,3863.61,76.6,,,No,Yes,No,No,SAMPLE_2025_02_VolumeSpend.xlsx,Synthetic,Payor View
2025,2,Feb,202502,Q1,2025-02-01,0009100011|TCH001,0009100011,Technology Operations,No,TCH001,Technology Operations - Central,Columbus,OH,43004,NDA REG / EXPRESS PKG,Next Day Air / Express,NDA,Premium,Domestic,Yes,999,90163.51,32432.23,57731.28,3336.6,,,No,Yes,No,No,SAMPLE_2025_02_VolumeSpend.xlsx,Synthetic,Payor View
2025,2,Feb,202502,Q1,2025-02-01,0009100011|TCH001,0009100011,Technology Operations,No,TCH001,Technology Operations - Central,Columbus,OH,43004,NDA REG / EXPRESS LTR,Next Day Air / Express,NDA,Premium,Domestic,Yes,1531,31356.43,11268.32,20088.11,564.3,,,No,Yes,No,No,SAMPLE_2025_02_VolumeSpend.xlsx,Synthetic,Payor View
2025,2,Feb,202502,Q1,2025-02-01,0009100011|TCH001,0009100011,Technology Operations,No,TCH001,Technology Operations - Central,Columbus,OH,43004,NDA AM / EXPRESS PLUS PKG,Next Day Air Early,NDA Early,Premium,Domestic,Yes,13,3020.45,1122.63,1897.82,26.6,,,No,Yes,No,No,SAMPLE_2025_02_VolumeSpend.xlsx,Synthetic,Payor View
2025,2,Feb,202502,Q1,2025-02-01,0009100011|TCH001,0009100011,Technology Operations,No,TCH001,Technology Operations - Central,Columbus,OH,43004,WW EXPRESS REG PKG,International Express,Intl Express,Premium,International,Yes,15,4278.58,1578.8,2699.78,116.8,,,No,Yes,No,No,SAMPLE_2025_02_VolumeSpend.xlsx,Synthetic,Payor View
2025,2,Feb,202502,Q1,2025-02-01,0009100011|TCH001,0009100011,Technology Operations,No,TCH001,Technology Operations - Central,Columbus,OH,43004,WW EXPRESS PM / SAVER PKG,International Express Saver,Intl Saver,Premium,International,Yes,12,3137.12,1160.04,1977.08,80.0,,,No,Yes,No,No,SAMPLE_2025_02_VolumeSpend.xlsx,Synthetic,Payor View
2025,2,Feb,202502,Q1,2025-02-01,0009100011|TCH001,0009100011,Technology Operations,No,TCH001,Technology Operations - Central,Columbus,OH,43004,WW EXPEDITED / 2DA PKG,International Expedited,Intl Expedited,Expedited,International,Yes,3,845.83,271.39,574.44,20.2,,,No,Yes,No,No,SAMPLE_2025_02_VolumeSpend.xlsx,Synthetic,Payor View
2025,2,Feb,202502,Q1,2025-02-01,0009100011|TCH001,0009100011,Technology Operations,No,TCH001,Technology Operations - Central,Columbus,OH,43004,MISC / UNC,Excluded - Adjustments,Excluded,Non-Service,Not Applicable,No,0,2517.82,2517.82,0.0,0.0,,,Yes,No,Yes,No,SAMPLE_2025_02_VolumeSpend.xlsx,Synthetic,Payor View
2025,2,Feb,202502,Q1,2025-02-01,0009100012|MAI002,0009100012,Mail Services,No,MAI002,Mail Services - Regional,Kansas City,MO,64108,GROUND PKG,Ground,Ground,Deferred,Domestic,Yes,2967,137576.33,47748.1,89828.23,49632.7,,,No,Yes,No,No,SAMPLE_2025_02_VolumeSpend.xlsx,Synthetic,Payor View
2025,2,Feb,202502,Q1,2025-02-01,0009100012|MAI002,0009100012,Mail Services,No,MAI002,Mail Services - Regional,Kansas City,MO,64108,GROUND CWT,Ground,Ground,Deferred,Domestic,Yes,12,1528.03,502.88,1025.15,398.5,,,No,Yes,No,No,SAMPLE_2025_02_VolumeSpend.xlsx,Synthetic,Payor View
2025,2,Feb,202502,Q1,2025-02-01,0009100012|MAI002,0009100012,Mail Services,No,MAI002,Mail Services - Regional,Kansas City,MO,64108,STANDARD GROUND,Ground,Ground,Deferred,Domestic,Yes,47,1414.01,482.67,931.34,444.6,,,No,Yes,No,No,SAMPLE_2025_02_VolumeSpend.xlsx,Synthetic,Payor View
2025,2,Feb,202502,Q1,2025-02-01,0009100012|MAI002,0009100012,Mail Services,No,MAI002,Mail Services - Regional,Kansas City,MO,64108,3DS PKG,3 Day Select,3DS,Deferred,Domestic,Yes,35,1616.29,572.66,1043.63,136.6,,,No,Yes,No,No,SAMPLE_2025_02_VolumeSpend.xlsx,Synthetic,Payor View
2025,2,Feb,202502,Q1,2025-02-01,0009100012|MAI002,0009100012,Mail Services,No,MAI002,Mail Services - Regional,Kansas City,MO,64108,2DA REG / EXPEDITED PKG,2nd Day Air / Expedited,2DA,Expedited,Domestic,Yes,233,10845.27,3472.6,7372.67,595.1,,,No,Yes,No,No,SAMPLE_2025_02_VolumeSpend.xlsx,Synthetic,Payor View
2025,2,Feb,202502,Q1,2025-02-01,0009100012|MAI002,0009100012,Mail Services,No,MAI002,Mail Services - Regional,Kansas City,MO,64108,2DA REG / EXPEDITED LTR,2nd Day Air / Expedited,2DA,Expedited,Domestic,Yes,78,1112.31,372.5,739.81,42.1,,,No,Yes,No,No,SAMPLE_2025_02_VolumeSpend.xlsx,Synthetic,Payor View
2025,2,Feb,202502,Q1,2025-02-01,0009100012|MAI002,0009100012,Mail Services,No,MAI002,Mail Services - Regional,Kansas City,MO,64108,2DA AM PKG,2nd Day Air Early A.M.,2DA AM,Expedited,Domestic,Yes,17,233.67,73.99,159.68,5.8,,,No,Yes,No,No,SAMPLE_2025_02_VolumeSpend.xlsx,Synthetic,Payor View
2025,2,Feb,202502,Q1,2025-02-01,0009100012|MAI002,0009100012,Mail Services,No,MAI002,Mail Services - Regional,Kansas City,MO,64108,NDA PM / EXPRESS SAVER PKG,Next Day Air Saver,NDA Saver,Premium,Domestic,Yes,105,5194.25,1898.1,3296.15,131.8,,,No,Yes,No,No,SAMPLE_2025_02_VolumeSpend.xlsx,Synthetic,Payor View
2025,2,Feb,202502,Q1,2025-02-01,0009100012|MAI002,0009100012,Mail Services,No,MAI002,Mail Services - Regional,Kansas City,MO,64108,NDA PM / EXPRESS SAVER LTR,Next Day Air Saver,NDA Saver,Premium,Domestic,Yes,32,718.94,258.91,460.03,11.0,,,No,Yes,No,No,SAMPLE_2025_02_VolumeSpend.xlsx,Synthetic,Payor View
2025,2,Feb,202502,Q1,2025-02-01,0009100012|MAI002,0009100012,Mail Services,No,MAI002,Mail Services - Regional,Kansas City,MO,64108,NDA REG / EXPRESS PKG,Next Day Air / Express,NDA,Premium,Domestic,Yes,206,15768.25,5745.85,10022.4,650.0,,,No,Yes,No,No,SAMPLE_2025_02_VolumeSpend.xlsx,Synthetic,Payor View
2025,2,Feb,202502,Q1,2025-02-01,0009100012|MAI002,0009100012,Mail Services,No,MAI002,Mail Services - Regional,Kansas City,MO,64108,NDA REG / EXPRESS LTR,Next Day Air / Express,NDA,Premium,Domestic,Yes,302,8073.67,2691.99,5381.68,130.1,,,No,Yes,No,No,SAMPLE_2025_02_VolumeSpend.xlsx,Synthetic,Payor View
2025,2,Feb,202502,Q1,2025-02-01,0009100012|MAI002,0009100012,Mail Services,No,MAI002,Mail Services - Regional,Kansas City,MO,64108,NDA AM / EXPRESS PLUS PKG,Next Day Air Early,NDA Early,Premium,Domestic,Yes,2,536.05,181.85,354.2,4.3,,,No,Yes,No,No,SAMPLE_2025_02_VolumeSpend.xlsx,Synthetic,Payor View
2025,2,Feb,202502,Q1,2025-02-01,0009100012|MAI002,0009100012,Mail Services,No,MAI002,Mail Services - Regional,Kansas City,MO,64108,WW EXPRESS REG PKG,International Express,Intl Express,Premium,International,Yes,3,1069.19,366.11,703.08,23.8,,,No,Yes,No,No,SAMPLE_2025_02_VolumeSpend.xlsx,Synthetic,Payor View
2025,2,Feb,202502,Q1,2025-02-01,0009100012|MAI002,0009100012,Mail Services,No,MAI002,Mail Services - Regional,Kansas City,MO,64108,WW EXPRESS PM / SAVER PKG,International Express Saver,Intl Saver,Premium,International,Yes,1,332.85,121.97,210.88,9.3,,,No,Yes,No,No,SAMPLE_2025_02_VolumeSpend.xlsx,Synthetic,Payor View
2025,2,Feb,202502,Q1,2025-02-01,0009100012|MAI002,0009100012,Mail Services,No,MAI002,Mail Services - Regional,Kansas City,MO,64108,MISC / UNC,Excluded - Adjustments,Excluded,Non-Service,Not Applicable,No,0,749.47,749.47,0.0,0.0,,,Yes,No,Yes,No,SAMPLE_2025_02_VolumeSpend.xlsx,Synthetic,Payor View
2025,2,Feb,202502,Q1,2025-02-01,0009100013|VEN003,0009100013,Vendor Programs,No,VEN003,Vendor Programs - Print,Aurora,IL,60502,GROUND PKG,Ground,Ground,Deferred,Domestic,Yes,3659,137742.62,47821.65,89920.97,56759.1,,,No,Yes,No,No,SAMPLE_2025_02_VolumeSpend.xlsx,Synthetic,Payor View
2025,2,Feb,202502,Q1,2025-02-01,0009100013|VEN003,0009100013,Vendor Programs,No,VEN003,Vendor Programs - Print,Aurora,IL,60502,GROUND CWT,Ground,Ground,Deferred,Domestic,Yes,19,2122.34,716.43,1405.91,606.8,,,No,Yes,No,No,SAMPLE_2025_02_VolumeSpend.xlsx,Synthetic,Payor View
2025,2,Feb,202502,Q1,2025-02-01,0009100013|VEN003,0009100013,Vendor Programs,No,VEN003,Vendor Programs - Print,Aurora,IL,60502,STANDARD GROUND,Ground,Ground,Deferred,Domestic,Yes,64,1744.66,600.67,1143.99,516.2,,,No,Yes,No,No,SAMPLE_2025_02_VolumeSpend.xlsx,Synthetic,Payor View
2025,2,Feb,202502,Q1,2025-02-01,0009100013|VEN003,0009100013,Vendor Programs,No,VEN003,Vendor Programs - Print,Aurora,IL,60502,3DS PKG,3 Day Select,3DS,Deferred,Domestic,Yes,66,2960.01,1012.89,1947.12,241.6,,,No,Yes,No,No,SAMPLE_2025_02_VolumeSpend.xlsx,Synthetic,Payor View
2025,2,Feb,202502,Q1,2025-02-01,0009100013|VEN003,0009100013,Vendor Programs,No,VEN003,Vendor Programs - Print,Aurora,IL,60502,2DA REG / EXPEDITED PKG,2nd Day Air / Expedited,2DA,Expedited,Domestic,Yes,437,22142.75,7309.29,14833.46,1304.2,,,No,Yes,No,No,SAMPLE_2025_02_VolumeSpend.xlsx,Synthetic,Payor View
2025,2,Feb,202502,Q1,2025-02-01,0009100013|VEN003,0009100013,Vendor Programs,No,VEN003,Vendor Programs - Print,Aurora,IL,60502,2DA REG / EXPEDITED LTR,2nd Day Air / Expedited,2DA,Expedited,Domestic,Yes,119,1554.5,543.64,1010.86,54.4,,,No,Yes,No,No,SAMPLE_2025_02_VolumeSpend.xlsx,Synthetic,Payor View
2025,2,Feb,202502,Q1,2025-02-01,0009100013|VEN003,0009100013,Vendor Programs,No,VEN003,Vendor Programs - Print,Aurora,IL,60502,2DA AM PKG,2nd Day Air Early A.M.,2DA AM,Expedited,Domestic,Yes,24,283.59,101.3,182.29,8.1,,,No,Yes,No,No,SAMPLE_2025_02_VolumeSpend.xlsx,Synthetic,Payor View
2025,2,Feb,202502,Q1,2025-02-01,0009100013|VEN003,0009100013,Vendor Programs,No,VEN003,Vendor Programs - Print,Aurora,IL,60502,NDA PM / EXPRESS SAVER PKG,Next Day Air Saver,NDA Saver,Premium,Domestic,Yes,160,6300.19,2270.37,4029.82,146.3,,,No,Yes,No,No,SAMPLE_2025_02_VolumeSpend.xlsx,Synthetic,Payor View
2025,2,Feb,202502,Q1,2025-02-01,0009100013|VEN003,0009100013,Vendor Programs,No,VEN003,Vendor Programs - Print,Aurora,IL,60502,NDA PM / EXPRESS SAVER LTR,Next Day Air Saver,NDA Saver,Premium,Domestic,Yes,55,1752.92,566.49,1186.43,24.6,,,No,Yes,No,No,SAMPLE_2025_02_VolumeSpend.xlsx,Synthetic,Payor View
2025,2,Feb,202502,Q1,2025-02-01,0009100013|VEN003,0009100013,Vendor Programs,No,VEN003,Vendor Programs - Print,Aurora,IL,60502,NDA REG / EXPRESS PKG,Next Day Air / Express,NDA,Premium,Domestic,Yes,276,20704.89,7477.95,13226.94,923.2,,,No,Yes,No,No,SAMPLE_2025_02_VolumeSpend.xlsx,Synthetic,Payor View
2025,2,Feb,202502,Q1,2025-02-01,0009100013|VEN003,0009100013,Vendor Programs,No,VEN003,Vendor Programs - Print,Aurora,IL,60502,NDA REG / EXPRESS LTR,Next Day Air / Express,NDA,Premium,Domestic,Yes,522,13445.79,4821.08,8624.71,210.3,,,No,Yes,No,No,SAMPLE_2025_02_VolumeSpend.xlsx,Synthetic,Payor View
2025,2,Feb,202502,Q1,2025-02-01,0009100013|VEN003,0009100013,Vendor Programs,No,VEN003,Vendor Programs - Print,Aurora,IL,60502,NDA AM / EXPRESS PLUS PKG,Next Day Air Early,NDA Early,Premium,Domestic,Yes,3,927.63,284.21,643.42,6.9,,,No,Yes,No,No,SAMPLE_2025_02_VolumeSpend.xlsx,Synthetic,Payor View
2025,2,Feb,202502,Q1,2025-02-01,0009100013|VEN003,0009100013,Vendor Programs,No,VEN003,Vendor Programs - Print,Aurora,IL,60502,WW EXPRESS REG PKG,International Express,Intl Express,Premium,International,Yes,4,1196.98,444.38,752.6,34.7,,,No,Yes,No,No,SAMPLE_2025_02_VolumeSpend.xlsx,Synthetic,Payor View
2025,2,Feb,202502,Q1,2025-02-01,0009100013|VEN003,0009100013,Vendor Programs,No,VEN003,Vendor Programs - Print,Aurora,IL,60502,WW EXPRESS PM / SAVER PKG,International Express Saver,Intl Saver,Premium,International,Yes,2,503.68,175.33,328.35,15.2,,,No,Yes,No,No,SAMPLE_2025_02_VolumeSpend.xlsx,Synthetic,Payor View
2025,2,Feb,202502,Q1,2025-02-01,0009100013|VEN003,0009100013,Vendor Programs,No,VEN003,Vendor Programs - Print,Aurora,IL,60502,WW EXPEDITED / 2DA PKG,International Expedited,Intl Expedited,Expedited,International,Yes,1,211.64,68.41,143.23,6.0,,,No,Yes,No,No,SAMPLE_2025_02_VolumeSpend.xlsx,Synthetic,Payor View
2025,2,Feb,202502,Q1,2025-02-01,0009100013|VEN003,0009100013,Vendor Programs,No,VEN003,Vendor Programs - Print,Aurora,IL,60502,MISC / UNC,Excluded - Adjustments,Excluded,Non-Service,Not Applicable,No,0,1273.63,1273.63,0.0,0.0,,,Yes,No,Yes,No,SAMPLE_2025_02_VolumeSpend.xlsx,Synthetic,Payor View
2025,2,Feb,202502,Q1,2025-02-01,0009100013|VEN004,0009100013,Vendor Programs,No,VEN004,Vendor Programs - Fulfilment,Aurora,IL,60502,GROUND PKG,Ground,Ground,Deferred,Domestic,Yes,2725,115891.64,39718.2,76173.44,45822.3,,,No,Yes,No,No,SAMPLE_2025_02_VolumeSpend.xlsx,Synthetic,Payor View
2025,2,Feb,202502,Q1,2025-02-01,0009100013|VEN004,0009100013,Vendor Programs,No,VEN004,Vendor Programs - Fulfilment,Aurora,IL,60502,GROUND CWT,Ground,Ground,Deferred,Domestic,Yes,21,2584.2,834.75,1749.45,649.1,,,No,Yes,No,No,SAMPLE_2025_02_VolumeSpend.xlsx,Synthetic,Payor View
2025,2,Feb,202502,Q1,2025-02-01,0009100013|VEN004,0009100013,Vendor Programs,No,VEN004,Vendor Programs - Fulfilment,Aurora,IL,60502,STANDARD GROUND,Ground,Ground,Deferred,Domestic,Yes,56,1233.07,434.0,799.07,467.3,,,No,Yes,No,No,SAMPLE_2025_02_VolumeSpend.xlsx,Synthetic,Payor View
2025,2,Feb,202502,Q1,2025-02-01,0009100013|VEN004,0009100013,Vendor Programs,No,VEN004,Vendor Programs - Fulfilment,Aurora,IL,60502,3DS PKG,3 Day Select,3DS,Deferred,Domestic,Yes,38,1935.29,664.83,1270.46,162.6,,,No,Yes,No,No,SAMPLE_2025_02_VolumeSpend.xlsx,Synthetic,Payor View
2025,2,Feb,202502,Q1,2025-02-01,0009100013|VEN004,0009100013,Vendor Programs,No,VEN004,Vendor Programs - Fulfilment,Aurora,IL,60502,2DA REG / EXPEDITED PKG,2nd Day Air / Expedited,2DA,Expedited,Domestic,Yes,300,17275.7,5324.61,11951.09,852.7,,,No,Yes,No,No,SAMPLE_2025_02_VolumeSpend.xlsx,Synthetic,Payor View
2025,2,Feb,202502,Q1,2025-02-01,0009100013|VEN004,0009100013,Vendor Programs,No,VEN004,Vendor Programs - Fulfilment,Aurora,IL,60502,2DA REG / EXPEDITED LTR,2nd Day Air / Expedited,2DA,Expedited,Domestic,Yes,84,1361.57,466.35,895.22,49.5,,,No,Yes,No,No,SAMPLE_2025_02_VolumeSpend.xlsx,Synthetic,Payor View
2025,2,Feb,202502,Q1,2025-02-01,0009100013|VEN004,0009100013,Vendor Programs,No,VEN004,Vendor Programs - Fulfilment,Aurora,IL,60502,2DA AM PKG,2nd Day Air Early A.M.,2DA AM,Expedited,Domestic,Yes,14,128.15,41.04,87.11,3.7,,,No,Yes,No,No,SAMPLE_2025_02_VolumeSpend.xlsx,Synthetic,Payor View
2025,2,Feb,202502,Q1,2025-02-01,0009100013|VEN004,0009100013,Vendor Programs,No,VEN004,Vendor Programs - Fulfilment,Aurora,IL,60502,NDA PM / EXPRESS SAVER PKG,Next Day Air Saver,NDA Saver,Premium,Domestic,Yes,126,7091.19,2197.56,4893.63,154.5,,,No,Yes,No,No,SAMPLE_2025_02_VolumeSpend.xlsx,Synthetic,Payor View
2025,2,Feb,202502,Q1,2025-02-01,0009100013|VEN004,0009100013,Vendor Programs,No,VEN004,Vendor Programs - Fulfilment,Aurora,IL,60502,NDA PM / EXPRESS SAVER LTR,Next Day Air Saver,NDA Saver,Premium,Domestic,Yes,30,880.15,302.18,577.97,12.5,,,No,Yes,No,No,SAMPLE_2025_02_VolumeSpend.xlsx,Synthetic,Payor View
2025,2,Feb,202502,Q1,2025-02-01,0009100013|VEN004,0009100013,Vendor Programs,No,VEN004,Vendor Programs - Fulfilment,Aurora,IL,60502,NDA REG / EXPRESS PKG,Next Day Air / Express,NDA,Premium,Domestic,Yes,236,17871.73,6446.81,11424.92,750.2,,,No,Yes,No,No,SAMPLE_2025_02_VolumeSpend.xlsx,Synthetic,Payor View
2025,2,Feb,202502,Q1,2025-02-01,0009100013|VEN004,0009100013,Vendor Programs,No,VEN004,Vendor Programs - Fulfilment,Aurora,IL,60502,NDA REG / EXPRESS LTR,Next Day Air / Express,NDA,Premium,Domestic,Yes,340,9427.34,3416.69,6010.65,149.7,,,No,Yes,No,No,SAMPLE_2025_02_VolumeSpend.xlsx,Synthetic,Payor View
2025,2,Feb,202502,Q1,2025-02-01,0009100013|VEN004,0009100013,Vendor Programs,No,VEN004,Vendor Programs - Fulfilment,Aurora,IL,60502,NDA AM / EXPRESS PLUS PKG,Next Day Air Early,NDA Early,Premium,Domestic,Yes,2,587.94,195.47,392.47,4.7,,,No,Yes,No,No,SAMPLE_2025_02_VolumeSpend.xlsx,Synthetic,Payor View
2025,2,Feb,202502,Q1,2025-02-01,0009100013|VEN004,0009100013,Vendor Programs,No,VEN004,Vendor Programs - Fulfilment,Aurora,IL,60502,WW EXPRESS REG PKG,International Express,Intl Express,Premium,International,Yes,2,776.65,239.98,536.67,16.2,,,No,Yes,No,No,SAMPLE_2025_02_VolumeSpend.xlsx,Synthetic,Payor View
2025,2,Feb,202502,Q1,2025-02-01,0009100013|VEN004,0009100013,Vendor Programs,No,VEN004,Vendor Programs - Fulfilment,Aurora,IL,60502,WW EXPRESS PM / SAVER PKG,International Express Saver,Intl Saver,Premium,International,Yes,2,697.74,222.32,475.42,18.7,,,No,Yes,No,No,SAMPLE_2025_02_VolumeSpend.xlsx,Synthetic,Payor View
2025,2,Feb,202502,Q1,2025-02-01,0009100013|VEN004,0009100013,Vendor Programs,No,VEN004,Vendor Programs - Fulfilment,Aurora,IL,60502,MISC / UNC,Excluded - Adjustments,Excluded,Non-Service,Not Applicable,No,0,1013.73,1013.73,0.0,0.0,,,Yes,No,Yes,No,SAMPLE_2025_02_VolumeSpend.xlsx,Synthetic,Payor View
2025,2,Feb,202502,Q1,2025-02-01,0009100014|FLD005,0009100014,Field Administration,No,FLD005,Field Administration - North,Madison,WI,53703,GROUND PKG,Ground,Ground,Deferred,Domestic,Yes,5071,181604.77,56037.25,125567.52,70974.7,,,No,Yes,No,No,SAMPLE_2025_02_VolumeSpend.xlsx,Synthetic,Payor View
2025,2,Feb,202502,Q1,2025-02-01,0009100014|FLD005,0009100014,Field Administration,No,FLD005,Field Administration - North,Madison,WI,53703,GROUND CWT,Ground,Ground,Deferred,Domestic,Yes,38,4603.67,1463.28,3140.39,1139.2,,,No,Yes,No,No,SAMPLE_2025_02_VolumeSpend.xlsx,Synthetic,Payor View
2025,2,Feb,202502,Q1,2025-02-01,0009100014|FLD005,0009100014,Field Administration,No,FLD005,Field Administration - North,Madison,WI,53703,STANDARD GROUND,Ground,Ground,Deferred,Domestic,Yes,107,2778.42,990.37,1788.05,897.5,,,No,Yes,No,No,SAMPLE_2025_02_VolumeSpend.xlsx,Synthetic,Payor View
2025,2,Feb,202502,Q1,2025-02-01,0009100014|FLD005,0009100014,Field Administration,No,FLD005,Field Administration - North,Madison,WI,53703,3DS PKG,3 Day Select,3DS,Deferred,Domestic,Yes,83,3343.9,1170.3,2173.6,304.7,,,No,Yes,No,No,SAMPLE_2025_02_VolumeSpend.xlsx,Synthetic,Payor View
2025,2,Feb,202502,Q1,2025-02-01,0009100014|FLD005,0009100014,Field Administration,No,FLD005,Field Administration - North,Madison,WI,53703,2DA REG / EXPEDITED PKG,2nd Day Air / Expedited,2DA,Expedited,Domestic,Yes,461,30834.59,10441.53,20393.06,1580.1,,,No,Yes,No,No,SAMPLE_2025_02_VolumeSpend.xlsx,Synthetic,Payor View
2025,2,Feb,202502,Q1,2025-02-01,0009100014|FLD005,0009100014,Field Administration,No,FLD005,Field Administration - North,Madison,WI,53703,2DA REG / EXPEDITED LTR,2nd Day Air / Expedited,2DA,Expedited,Domestic,Yes,129,1819.97,569.04,1250.93,61.9,,,No,Yes,No,No,SAMPLE_2025_02_VolumeSpend.xlsx,Synthetic,Payor View
2025,2,Feb,202502,Q1,2025-02-01,0009100014|FLD005,0009100014,Field Administration,No,FLD005,Field Administration - North,Madison,WI,53703,2DA AM PKG,2nd Day Air Early A.M.,2DA AM,Expedited,Domestic,Yes,31,360.71,128.84,231.87,9.6,,,No,Yes,No,No,SAMPLE_2025_02_VolumeSpend.xlsx,Synthetic,Payor View
2025,2,Feb,202502,Q1,2025-02-01,0009100014|FLD005,0009100014,Field Administration,No,FLD005,Field Administration - North,Madison,WI,53703,NDA PM / EXPRESS SAVER PKG,Next Day Air Saver,NDA Saver,Premium,Domestic,Yes,247,11390.03,3488.28,7901.75,241.1,,,No,Yes,No,No,SAMPLE_2025_02_VolumeSpend.xlsx,Synthetic,Payor View
2025,2,Feb,202502,Q1,2025-02-01,0009100014|FLD005,0009100014,Field Administration,No,FLD005,Field Administration - North,Madison,WI,53703,NDA PM / EXPRESS SAVER LTR,Next Day Air Saver,NDA Saver,Premium,Domestic,Yes,55,1484.39,485.3,999.09,24.5,,,No,Yes,No,No,SAMPLE_2025_02_VolumeSpend.xlsx,Synthetic,Payor View
2025,2,Feb,202502,Q1,2025-02-01,0009100014|FLD005,0009100014,Field Administration,No,FLD005,Field Administration - North,Madison,WI,53703,NDA REG / EXPRESS PKG,Next Day Air / Express,NDA,Premium,Domestic,Yes,483,45326.9,14899.37,30427.53,1536.0,,,No,Yes,No,No,SAMPLE_2025_02_VolumeSpend.xlsx,Synthetic,Payor View
2025,2,Feb,202502,Q1,2025-02-01,0009100014|FLD005,0009100014,Field Administration,No,FLD005,Field Administration - North,Madison,WI,53703,NDA REG / EXPRESS LTR,Next Day Air / Express,NDA,Premium,Domestic,Yes,625,12459.49,4600.77,7858.72,226.4,,,No,Yes,No,No,SAMPLE_2025_02_VolumeSpend.xlsx,Synthetic,Payor View
2025,2,Feb,202502,Q1,2025-02-01,0009100014|FLD005,0009100014,Field Administration,No,FLD005,Field Administration - North,Madison,WI,53703,NDA AM / EXPRESS PLUS PKG,Next Day Air Early,NDA Early,Premium,Domestic,Yes,3,751.02,239.38,511.64,5.7,,,No,Yes,No,No,SAMPLE_2025_02_VolumeSpend.xlsx,Synthetic,Payor View
2025,2,Feb,202502,Q1,2025-02-01,0009100014|FLD005,0009100014,Field Administration,No,FLD005,Field Administration - North,Madison,WI,53703,WW EXPRESS REG PKG,International Express,Intl Express,Premium,International,Yes,4,1798.99,573.1,1225.89,41.6,,,No,Yes,No,No,SAMPLE_2025_02_VolumeSpend.xlsx,Synthetic,Payor View
2025,2,Feb,202502,Q1,2025-02-01,0009100014|FLD005,0009100014,Field Administration,No,FLD005,Field Administration - North,Madison,WI,53703,WW EXPRESS PM / SAVER PKG,International Express Saver,Intl Saver,Premium,International,Yes,4,1380.88,496.29,884.59,36.0,,,No,Yes,No,No,SAMPLE_2025_02_VolumeSpend.xlsx,Synthetic,Payor View
2025,2,Feb,202502,Q1,2025-02-01,0009100014|FLD005,0009100014,Field Administration,No,FLD005,Field Administration - North,Madison,WI,53703,WW EXPEDITED / 2DA PKG,International Expedited,Intl Expedited,Expedited,International,Yes,1,211.57,73.89,137.68,6.5,,,No,Yes,No,No,SAMPLE_2025_02_VolumeSpend.xlsx,Synthetic,Payor View
2025,2,Feb,202502,Q1,2025-02-01,0009100014|FLD005,0009100014,Field Administration,No,FLD005,Field Administration - North,Madison,WI,53703,MISC / UNC,Excluded - Adjustments,Excluded,Non-Service,Not Applicable,No,0,1958.5,1958.5,0.0,0.0,,,Yes,No,Yes,No,SAMPLE_2025_02_VolumeSpend.xlsx,Synthetic,Payor View
2025,2,Feb,202502,Q1,2025-02-01,0009100015|HQX006,0009100015,Corporate HQ,No,HQX006,Corporate HQ - Facilities,Columbus,OH,43004,GROUND PKG,Ground,Ground,Deferred,Domestic,Yes,1549,74842.09,25629.03,49213.06,30883.3,,,No,Yes,No,No,SAMPLE_2025_02_VolumeSpend.xlsx,Synthetic,Payor View
2025,2,Feb,202502,Q1,2025-02-01,0009100015|HQX006,0009100015,Corporate HQ,No,HQX006,Corporate HQ - Facilities,Columbus,OH,43004,GROUND CWT,Ground,Ground,Deferred,Domestic,Yes,9,1142.37,354.14,788.23,305.9,,,No,Yes,No,No,SAMPLE_2025_02_VolumeSpend.xlsx,Synthetic,Payor View
2025,2,Feb,202502,Q1,2025-02-01,0009100015|HQX006,0009100015,Corporate HQ,No,HQX006,Corporate HQ - Facilities,Columbus,OH,43004,STANDARD GROUND,Ground,Ground,Deferred,Domestic,Yes,28,704.56,263.13,441.43,252.4,,,No,Yes,No,No,SAMPLE_2025_02_VolumeSpend.xlsx,Synthetic,Payor View
2025,2,Feb,202502,Q1,2025-02-01,0009100015|HQX006,0009100015,Corporate HQ,No,HQX006,Corporate HQ - Facilities,Columbus,OH,43004,3DS PKG,3 Day Select,3DS,Deferred,Domestic,Yes,26,973.98,350.91,623.07,83.3,,,No,Yes,No,No,SAMPLE_2025_02_VolumeSpend.xlsx,Synthetic,Payor View
2025,2,Feb,202502,Q1,2025-02-01,0009100015|HQX006,0009100015,Corporate HQ,No,HQX006,Corporate HQ - Facilities,Columbus,OH,43004,2DA REG / EXPEDITED PKG,2nd Day Air / Expedited,2DA,Expedited,Domestic,Yes,188,10239.09,3254.35,6984.74,545.1,,,No,Yes,No,No,SAMPLE_2025_02_VolumeSpend.xlsx,Synthetic,Payor View
2025,2,Feb,202502,Q1,2025-02-01,0009100015|HQX006,0009100015,Corporate HQ,No,HQX006,Corporate HQ - Facilities,Columbus,OH,43004,2DA REG / EXPEDITED LTR,2nd Day Air / Expedited,2DA,Expedited,Domestic,Yes,59,841.54,304.24,537.3,30.4,,,No,Yes,No,No,SAMPLE_2025_02_VolumeSpend.xlsx,Synthetic,Payor View
2025,2,Feb,202502,Q1,2025-02-01,0009100015|HQX006,0009100015,Corporate HQ,No,HQX006,Corporate HQ - Facilities,Columbus,OH,43004,2DA AM PKG,2nd Day Air Early A.M.,2DA AM,Expedited,Domestic,Yes,11,117.3,40.9,76.4,3.2,,,No,Yes,No,No,SAMPLE_2025_02_VolumeSpend.xlsx,Synthetic,Payor View
2025,2,Feb,202502,Q1,2025-02-01,0009100015|HQX006,0009100015,Corporate HQ,No,HQX006,Corporate HQ - Facilities,Columbus,OH,43004,NDA PM / EXPRESS SAVER PKG,Next Day Air Saver,NDA Saver,Premium,Domestic,Yes,72,4422.53,1431.12,2991.41,91.5,,,No,Yes,No,No,SAMPLE_2025_02_VolumeSpend.xlsx,Synthetic,Payor View
2025,2,Feb,202502,Q1,2025-02-01,0009100015|HQX006,0009100015,Corporate HQ,No,HQX006,Corporate HQ - Facilities,Columbus,OH,43004,NDA PM / EXPRESS SAVER LTR,Next Day Air Saver,NDA Saver,Premium,Domestic,Yes,17,490.2,153.91,336.29,7.2,,,No,Yes,No,No,SAMPLE_2025_02_VolumeSpend.xlsx,Synthetic,Payor View
2025,2,Feb,202502,Q1,2025-02-01,0009100015|HQX006,0009100015,Corporate HQ,No,HQX006,Corporate HQ - Facilities,Columbus,OH,43004,NDA REG / EXPRESS PKG,Next Day Air / Express,NDA,Premium,Domestic,Yes,138,12057.68,4262.64,7795.04,444.1,,,No,Yes,No,No,SAMPLE_2025_02_VolumeSpend.xlsx,Synthetic,Payor View
2025,2,Feb,202502,Q1,2025-02-01,0009100015|HQX006,0009100015,Corporate HQ,No,HQX006,Corporate HQ - Facilities,Columbus,OH,43004,NDA REG / EXPRESS LTR,Next Day Air / Express,NDA,Premium,Domestic,Yes,229,5424.4,1912.82,3511.58,84.7,,,No,Yes,No,No,SAMPLE_2025_02_VolumeSpend.xlsx,Synthetic,Payor View
2025,2,Feb,202502,Q1,2025-02-01,0009100015|HQX006,0009100015,Corporate HQ,No,HQX006,Corporate HQ - Facilities,Columbus,OH,43004,NDA AM / EXPRESS PLUS PKG,Next Day Air Early,NDA Early,Premium,Domestic,Yes,1,269.72,89.71,180.01,2.3,,,No,Yes,No,No,SAMPLE_2025_02_VolumeSpend.xlsx,Synthetic,Payor View
2025,2,Feb,202502,Q1,2025-02-01,0009100015|HQX006,0009100015,Corporate HQ,No,HQX006,Corporate HQ - Facilities,Columbus,OH,43004,WW EXPRESS REG PKG,International Express,Intl Express,Premium,International,Yes,1,374.72,127.83,246.89,10.1,,,No,Yes,No,No,SAMPLE_2025_02_VolumeSpend.xlsx,Synthetic,Payor View
2025,2,Feb,202502,Q1,2025-02-01,0009100015|HQX006,0009100015,Corporate HQ,No,HQX006,Corporate HQ - Facilities,Columbus,OH,43004,WW EXPRESS PM / SAVER PKG,International Express Saver,Intl Saver,Premium,International,Yes,1,398.36,127.8,270.56,8.8,,,No,Yes,No,No,SAMPLE_2025_02_VolumeSpend.xlsx,Synthetic,Payor View
2025,2,Feb,202502,Q1,2025-02-01,0009100015|HQX006,0009100015,Corporate HQ,No,HQX006,Corporate HQ - Facilities,Columbus,OH,43004,MISC / UNC,Excluded - Adjustments,Excluded,Non-Service,Not Applicable,No,0,269.34,269.34,0.0,0.0,,,Yes,No,Yes,No,SAMPLE_2025_02_VolumeSpend.xlsx,Synthetic,Payor View
2025,2,Feb,202502,Q1,2025-02-01,0009100016|RTL007,0009100016,Retail Partner Network,No,RTL007,Retail Partner Network - Stores,Phoenix,AZ,85004,GROUND PKG,Ground,Ground,Deferred,Domestic,Yes,8356,369558.6,120269.0,249289.6,143792.9,,,No,Yes,No,No,SAMPLE_2025_02_VolumeSpend.xlsx,Synthetic,Payor View
2025,2,Feb,202502,Q1,2025-02-01,0009100016|RTL007,0009100016,Retail Partner Network,No,RTL007,Retail Partner Network - Stores,Phoenix,AZ,85004,GROUND CWT,Ground,Ground,Deferred,Domestic,Yes,43,4597.3,1567.82,3029.48,1273.3,,,No,Yes,No,No,SAMPLE_2025_02_VolumeSpend.xlsx,Synthetic,Payor View
2025,2,Feb,202502,Q1,2025-02-01,0009100016|RTL007,0009100016,Retail Partner Network,No,RTL007,Retail Partner Network - Stores,Phoenix,AZ,85004,STANDARD GROUND,Ground,Ground,Deferred,Domestic,Yes,123,2807.28,999.23,1808.05,977.2,,,No,Yes,No,No,SAMPLE_2025_02_VolumeSpend.xlsx,Synthetic,Payor View
2025,2,Feb,202502,Q1,2025-02-01,0009100016|RTL007,0009100016,Retail Partner Network,No,RTL007,Retail Partner Network - Stores,Phoenix,AZ,85004,3DS PKG,3 Day Select,3DS,Deferred,Domestic,Yes,103,5224.24,1628.73,3595.51,432.1,,,No,Yes,No,No,SAMPLE_2025_02_VolumeSpend.xlsx,Synthetic,Payor View
2025,2,Feb,202502,Q1,2025-02-01,0009100016|RTL007,0009100016,Retail Partner Network,No,RTL007,Retail Partner Network - Stores,Phoenix,AZ,85004,2DA REG / EXPEDITED PKG,2nd Day Air / Expedited,2DA,Expedited,Domestic,Yes,757,41171.41,14381.18,26790.23,2393.2,,,No,Yes,No,No,SAMPLE_2025_02_VolumeSpend.xlsx,Synthetic,Payor View
2025,2,Feb,202502,Q1,2025-02-01,0009100016|RTL007,0009100016,Retail Partner Network,No,RTL007,Retail Partner Network - Stores,Phoenix,AZ,85004,2DA REG / EXPEDITED LTR,2nd Day Air / Expedited,2DA,Expedited,Domestic,Yes,288,3565.24,1317.43,2247.81,127.8,,,No,Yes,No,No,SAMPLE_2025_02_VolumeSpend.xlsx,Synthetic,Payor View
2025,2,Feb,202502,Q1,2025-02-01,0009100016|RTL007,0009100016,Retail Partner Network,No,RTL007,Retail Partner Network - Stores,Phoenix,AZ,85004,2DA AM PKG,2nd Day Air Early A.M.,2DA AM,Expedited,Domestic,Yes,50,667.53,216.6,450.93,16.4,,,No,Yes,No,No,SAMPLE_2025_02_VolumeSpend.xlsx,Synthetic,Payor View
2025,2,Feb,202502,Q1,2025-02-01,0009100016|RTL007,0009100016,Retail Partner Network,No,RTL007,Retail Partner Network - Stores,Phoenix,AZ,85004,NDA PM / EXPRESS SAVER PKG,Next Day Air Saver,NDA Saver,Premium,Domestic,Yes,297,15083.24,4915.12,10168.12,321.7,,,No,Yes,No,No,SAMPLE_2025_02_VolumeSpend.xlsx,Synthetic,Payor View
2025,2,Feb,202502,Q1,2025-02-01,0009100016|RTL007,0009100016,Retail Partner Network,No,RTL007,Retail Partner Network - Stores,Phoenix,AZ,85004,NDA PM / EXPRESS SAVER LTR,Next Day Air Saver,NDA Saver,Premium,Domestic,Yes,75,1638.02,553.33,1084.69,26.9,,,No,Yes,No,No,SAMPLE_2025_02_VolumeSpend.xlsx,Synthetic,Payor View
2025,2,Feb,202502,Q1,2025-02-01,0009100016|RTL007,0009100016,Retail Partner Network,No,RTL007,Retail Partner Network - Stores,Phoenix,AZ,85004,NDA REG / EXPRESS PKG,Next Day Air / Express,NDA,Premium,Domestic,Yes,630,58305.93,18455.5,39850.43,2106.2,,,No,Yes,No,No,SAMPLE_2025_02_VolumeSpend.xlsx,Synthetic,Payor View
2025,2,Feb,202502,Q1,2025-02-01,0009100016|RTL007,0009100016,Retail Partner Network,No,RTL007,Retail Partner Network - Stores,Phoenix,AZ,85004,NDA REG / EXPRESS LTR,Next Day Air / Express,NDA,Premium,Domestic,Yes,926,21280.92,7957.81,13323.11,382.0,,,No,Yes,No,No,SAMPLE_2025_02_VolumeSpend.xlsx,Synthetic,Payor View
2025,2,Feb,202502,Q1,2025-02-01,0009100016|RTL007,0009100016,Retail Partner Network,No,RTL007,Retail Partner Network - Stores,Phoenix,AZ,85004,NDA AM / EXPRESS PLUS PKG,Next Day Air Early,NDA Early,Premium,Domestic,Yes,7,1688.83,622.27,1066.56,14.2,,,No,Yes,No,No,SAMPLE_2025_02_VolumeSpend.xlsx,Synthetic,Payor View
2025,2,Feb,202502,Q1,2025-02-01,0009100016|RTL007,0009100016,Retail Partner Network,No,RTL007,Retail Partner Network - Stores,Phoenix,AZ,85004,WW EXPRESS REG PKG,International Express,Intl Express,Premium,International,Yes,7,2739.36,902.22,1837.14,67.5,,,No,Yes,No,No,SAMPLE_2025_02_VolumeSpend.xlsx,Synthetic,Payor View
2025,2,Feb,202502,Q1,2025-02-01,0009100016|RTL007,0009100016,Retail Partner Network,No,RTL007,Retail Partner Network - Stores,Phoenix,AZ,85004,WW EXPRESS PM / SAVER PKG,International Express Saver,Intl Saver,Premium,International,Yes,4,1316.67,413.02,903.65,29.7,,,No,Yes,No,No,SAMPLE_2025_02_VolumeSpend.xlsx,Synthetic,Payor View
2025,2,Feb,202502,Q1,2025-02-01,0009100016|RTL007,0009100016,Retail Partner Network,No,RTL007,Retail Partner Network - Stores,Phoenix,AZ,85004,WW EXPEDITED / 2DA PKG,International Expedited,Intl Expedited,Expedited,International,Yes,2,354.11,125.91,228.2,11.7,,,No,Yes,No,No,SAMPLE_2025_02_VolumeSpend.xlsx,Synthetic,Payor View
2025,2,Feb,202502,Q1,2025-02-01,0009100016|RTL007,0009100016,Retail Partner Network,No,RTL007,Retail Partner Network - Stores,Phoenix,AZ,85004,MISC / UNC,Excluded - Adjustments,Excluded,Non-Service,Not Applicable,No,0,3006.29,3006.29,0.0,0.0,,,Yes,No,Yes,No,SAMPLE_2025_02_VolumeSpend.xlsx,Synthetic,Payor View
2025,2,Feb,202502,Q1,2025-02-01,0009100017|CSH008,0009100017,Cash Operations,No,CSH008,Cash Operations - Processing,Newark,NJ,07102,GROUND PKG,Ground,Ground,Deferred,Domestic,Yes,3568,151100.86,52121.59,98979.27,55780.4,,,No,Yes,No,No,SAMPLE_2025_02_VolumeSpend.xlsx,Synthetic,Payor View
2025,2,Feb,202502,Q1,2025-02-01,0009100017|CSH008,0009100017,Cash Operations,No,CSH008,Cash Operations - Processing,Newark,NJ,07102,GROUND CWT,Ground,Ground,Deferred,Domestic,Yes,19,1888.51,608.67,1279.84,567.2,,,No,Yes,No,No,SAMPLE_2025_02_VolumeSpend.xlsx,Synthetic,Payor View
2025,2,Feb,202502,Q1,2025-02-01,0009100017|CSH008,0009100017,Cash Operations,No,CSH008,Cash Operations - Processing,Newark,NJ,07102,STANDARD GROUND,Ground,Ground,Deferred,Domestic,Yes,56,1700.89,552.57,1148.32,523.6,,,No,Yes,No,No,SAMPLE_2025_02_VolumeSpend.xlsx,Synthetic,Payor View
2025,2,Feb,202502,Q1,2025-02-01,0009100017|CSH008,0009100017,Cash Operations,No,CSH008,Cash Operations - Processing,Newark,NJ,07102,3DS PKG,3 Day Select,3DS,Deferred,Domestic,Yes,54,1980.9,733.61,1247.29,174.3,,,No,Yes,No,No,SAMPLE_2025_02_VolumeSpend.xlsx,Synthetic,Payor View
2025,2,Feb,202502,Q1,2025-02-01,0009100017|CSH008,0009100017,Cash Operations,No,CSH008,Cash Operations - Processing,Newark,NJ,07102,2DA REG / EXPEDITED PKG,2nd Day Air / Expedited,2DA,Expedited,Domestic,Yes,270,17855.13,5559.6,12295.53,814.4,,,No,Yes,No,No,SAMPLE_2025_02_VolumeSpend.xlsx,Synthetic,Payor View
2025,2,Feb,202502,Q1,2025-02-01,0009100017|CSH008,0009100017,Cash Operations,No,CSH008,Cash Operations - Processing,Newark,NJ,07102,2DA REG / EXPEDITED LTR,2nd Day Air / Expedited,2DA,Expedited,Domestic,Yes,88,1363.26,490.26,873.0,48.6,,,No,Yes,No,No,SAMPLE_2025_02_VolumeSpend.xlsx,Synthetic,Payor View
2025,2,Feb,202502,Q1,2025-02-01,0009100017|CSH008,0009100017,Cash Operations,No,CSH008,Cash Operations - Processing,Newark,NJ,07102,2DA AM PKG,2nd Day Air Early A.M.,2DA AM,Expedited,Domestic,Yes,15,163.98,58.48,105.5,4.8,,,No,Yes,No,No,SAMPLE_2025_02_VolumeSpend.xlsx,Synthetic,Payor View
2025,2,Feb,202502,Q1,2025-02-01,0009100017|CSH008,0009100017,Cash Operations,No,CSH008,Cash Operations - Processing,Newark,NJ,07102,NDA PM / EXPRESS SAVER PKG,Next Day Air Saver,NDA Saver,Premium,Domestic,Yes,127,7473.57,2434.45,5039.12,153.8,,,No,Yes,No,No,SAMPLE_2025_02_VolumeSpend.xlsx,Synthetic,Payor View
2025,2,Feb,202502,Q1,2025-02-01,0009100017|CSH008,0009100017,Cash Operations,No,CSH008,Cash Operations - Processing,Newark,NJ,07102,NDA PM / EXPRESS SAVER LTR,Next Day Air Saver,NDA Saver,Premium,Domestic,Yes,42,1177.28,395.2,782.08,16.5,,,No,Yes,No,No,SAMPLE_2025_02_VolumeSpend.xlsx,Synthetic,Payor View
2025,2,Feb,202502,Q1,2025-02-01,0009100017|CSH008,0009100017,Cash Operations,No,CSH008,Cash Operations - Processing,Newark,NJ,07102,NDA REG / EXPRESS PKG,Next Day Air / Express,NDA,Premium,Domestic,Yes,217,15428.48,5596.57,9831.91,609.1,,,No,Yes,No,No,SAMPLE_2025_02_VolumeSpend.xlsx,Synthetic,Payor View
2025,2,Feb,202502,Q1,2025-02-01,0009100017|CSH008,0009100017,Cash Operations,No,CSH008,Cash Operations - Processing,Newark,NJ,07102,NDA REG / EXPRESS LTR,Next Day Air / Express,NDA,Premium,Domestic,Yes,297,8005.08,2953.37,5051.71,127.8,,,No,Yes,No,No,SAMPLE_2025_02_VolumeSpend.xlsx,Synthetic,Payor View
2025,2,Feb,202502,Q1,2025-02-01,0009100017|CSH008,0009100017,Cash Operations,No,CSH008,Cash Operations - Processing,Newark,NJ,07102,NDA AM / EXPRESS PLUS PKG,Next Day Air Early,NDA Early,Premium,Domestic,Yes,2,457.83,158.21,299.62,4.0,,,No,Yes,No,No,SAMPLE_2025_02_VolumeSpend.xlsx,Synthetic,Payor View
2025,2,Feb,202502,Q1,2025-02-01,0009100017|CSH008,0009100017,Cash Operations,No,CSH008,Cash Operations - Processing,Newark,NJ,07102,WW EXPRESS REG PKG,International Express,Intl Express,Premium,International,Yes,3,1240.93,435.8,805.13,30.8,,,No,Yes,No,No,SAMPLE_2025_02_VolumeSpend.xlsx,Synthetic,Payor View
2025,2,Feb,202502,Q1,2025-02-01,0009100017|CSH008,0009100017,Cash Operations,No,CSH008,Cash Operations - Processing,Newark,NJ,07102,WW EXPRESS PM / SAVER PKG,International Express Saver,Intl Saver,Premium,International,Yes,1,324.88,100.13,224.75,8.4,,,No,Yes,No,No,SAMPLE_2025_02_VolumeSpend.xlsx,Synthetic,Payor View
2025,2,Feb,202502,Q1,2025-02-01,0009100017|CSH008,0009100017,Cash Operations,No,CSH008,Cash Operations - Processing,Newark,NJ,07102,MISC / UNC,Excluded - Adjustments,Excluded,Non-Service,Not Applicable,No,0,1246.24,1246.24,0.0,0.0,,,Yes,No,Yes,No,SAMPLE_2025_02_VolumeSpend.xlsx,Synthetic,Payor View
2025,2,Feb,202502,Q1,2025-02-01,@@|TCO009,@@,Unassigned Sub-Parent,Yes,TCO009,Transfer Co Operations,Whippany,NJ,07981,GROUND PKG,Ground,Ground,Deferred,Domestic,Yes,379,15802.2,5615.21,10186.99,6212.4,,,No,Yes,No,No,SAMPLE_2025_02_VolumeSpend.xlsx,Synthetic,Payor View
2025,2,Feb,202502,Q1,2025-02-01,@@|TCO009,@@,Unassigned Sub-Parent,Yes,TCO009,Transfer Co Operations,Whippany,NJ,07981,GROUND CWT,Ground,Ground,Deferred,Domestic,Yes,2,269.07,83.16,185.91,63.4,,,No,Yes,No,No,SAMPLE_2025_02_VolumeSpend.xlsx,Synthetic,Payor View
2025,2,Feb,202502,Q1,2025-02-01,@@|TCO009,@@,Unassigned Sub-Parent,Yes,TCO009,Transfer Co Operations,Whippany,NJ,07981,STANDARD GROUND,Ground,Ground,Deferred,Domestic,Yes,8,200.96,68.36,132.6,66.1,,,No,Yes,No,No,SAMPLE_2025_02_VolumeSpend.xlsx,Synthetic,Payor View
2025,2,Feb,202502,Q1,2025-02-01,@@|TCO009,@@,Unassigned Sub-Parent,Yes,TCO009,Transfer Co Operations,Whippany,NJ,07981,3DS PKG,3 Day Select,3DS,Deferred,Domestic,Yes,5,203.84,62.99,140.85,16.7,,,No,Yes,No,No,SAMPLE_2025_02_VolumeSpend.xlsx,Synthetic,Payor View
2025,2,Feb,202502,Q1,2025-02-01,@@|TCO009,@@,Unassigned Sub-Parent,Yes,TCO009,Transfer Co Operations,Whippany,NJ,07981,2DA REG / EXPEDITED PKG,2nd Day Air / Expedited,2DA,Expedited,Domestic,Yes,51,3293.63,1102.21,2191.42,179.5,,,No,Yes,No,No,SAMPLE_2025_02_VolumeSpend.xlsx,Synthetic,Payor View
2025,2,Feb,202502,Q1,2025-02-01,@@|TCO009,@@,Unassigned Sub-Parent,Yes,TCO009,Transfer Co Operations,Whippany,NJ,07981,2DA REG / EXPEDITED LTR,2nd Day Air / Expedited,2DA,Expedited,Domestic,Yes,10,173.91,56.2,117.71,5.6,,,No,Yes,No,No,SAMPLE_2025_02_VolumeSpend.xlsx,Synthetic,Payor View
2025,2,Feb,202502,Q1,2025-02-01,@@|TCO009,@@,Unassigned Sub-Parent,Yes,TCO009,Transfer Co Operations,Whippany,NJ,07981,2DA AM PKG,2nd Day Air Early A.M.,2DA AM,Expedited,Domestic,Yes,2,24.79,7.95,16.84,0.7,,,No,Yes,No,No,SAMPLE_2025_02_VolumeSpend.xlsx,Synthetic,Payor View
2025,2,Feb,202502,Q1,2025-02-01,@@|TCO009,@@,Unassigned Sub-Parent,Yes,TCO009,Transfer Co Operations,Whippany,NJ,07981,NDA PM / EXPRESS SAVER PKG,Next Day Air Saver,NDA Saver,Premium,Domestic,Yes,14,885.81,302.99,582.82,18.1,,,No,Yes,No,No,SAMPLE_2025_02_VolumeSpend.xlsx,Synthetic,Payor View
2025,2,Feb,202502,Q1,2025-02-01,@@|TCO009,@@,Unassigned Sub-Parent,Yes,TCO009,Transfer Co Operations,Whippany,NJ,07981,NDA PM / EXPRESS SAVER LTR,Next Day Air Saver,NDA Saver,Premium,Domestic,Yes,4,113.45,36.15,77.3,1.7,,,No,Yes,No,No,SAMPLE_2025_02_VolumeSpend.xlsx,Synthetic,Payor View
2025,2,Feb,202502,Q1,2025-02-01,@@|TCO009,@@,Unassigned Sub-Parent,Yes,TCO009,Transfer Co Operations,Whippany,NJ,07981,NDA REG / EXPRESS PKG,Next Day Air / Express,NDA,Premium,Domestic,Yes,39,3312.66,1148.36,2164.3,134.6,,,No,Yes,No,No,SAMPLE_2025_02_VolumeSpend.xlsx,Synthetic,Payor View
2025,2,Feb,202502,Q1,2025-02-01,@@|TCO009,@@,Unassigned Sub-Parent,Yes,TCO009,Transfer Co Operations,Whippany,NJ,07981,NDA REG / EXPRESS LTR,Next Day Air / Express,NDA,Premium,Domestic,Yes,47,1116.5,412.35,704.15,17.8,,,No,Yes,No,No,SAMPLE_2025_02_VolumeSpend.xlsx,Synthetic,Payor View
2025,2,Feb,202502,Q1,2025-02-01,@@|TCO009,@@,Unassigned Sub-Parent,Yes,TCO009,Transfer Co Operations,Whippany,NJ,07981,MISC / UNC,Excluded - Adjustments,Excluded,Non-Service,Not Applicable,No,0,118.73,118.73,0.0,0.0,,,Yes,No,Yes,No,SAMPLE_2025_02_VolumeSpend.xlsx,Synthetic,Payor View
2025,3,Mar,202503,Q1,2025-03-01,0009100011|TCH001,0009100011,Technology Operations,No,TCH001,Technology Operations - Central,Columbus,OH,43004,GROUND PKG,Ground,Ground,Deferred,Domestic,Yes,14142,545376.76,169004.7,376372.06,212348.1,,,No,Yes,No,No,SAMPLE_2025_03_VolumeSpend.xlsx,Synthetic,Payor View
2025,3,Mar,202503,Q1,2025-03-01,0009100011|TCH001,0009100011,Technology Operations,No,TCH001,Technology Operations - Central,Columbus,OH,43004,GROUND CWT,Ground,Ground,Deferred,Domestic,Yes,104,9843.93,3292.31,6551.62,3001.9,,,No,Yes,No,No,SAMPLE_2025_03_VolumeSpend.xlsx,Synthetic,Payor View
2025,3,Mar,202503,Q1,2025-03-01,0009100011|TCH001,0009100011,Technology Operations,No,TCH001,Technology Operations - Central,Columbus,OH,43004,STANDARD GROUND,Ground,Ground,Deferred,Domestic,Yes,237,6077.81,2191.36,3886.45,2126.3,,,No,Yes,No,No,SAMPLE_2025_03_VolumeSpend.xlsx,Synthetic,Payor View
2025,3,Mar,202503,Q1,2025-03-01,0009100011|TCH001,0009100011,Technology Operations,No,TCH001,Technology Operations - Central,Columbus,OH,43004,3DS PKG,3 Day Select,3DS,Deferred,Domestic,Yes,187,7024.71,2435.83,4588.88,703.8,,,No,Yes,No,No,SAMPLE_2025_03_VolumeSpend.xlsx,Synthetic,Payor View
2025,3,Mar,202503,Q1,2025-03-01,0009100011|TCH001,0009100011,Technology Operations,No,TCH001,Technology Operations - Central,Columbus,OH,43004,2DA REG / EXPEDITED PKG,2nd Day Air / Expedited,2DA,Expedited,Domestic,Yes,1541,81215.45,28164.54,53050.91,4759.2,,,No,Yes,No,No,SAMPLE_2025_03_VolumeSpend.xlsx,Synthetic,Payor View
2025,3,Mar,202503,Q1,2025-03-01,0009100011|TCH001,0009100011,Technology Operations,No,TCH001,Technology Operations - Central,Columbus,OH,43004,2DA REG / EXPEDITED LTR,2nd Day Air / Expedited,2DA,Expedited,Domestic,Yes,533,7119.0,2308.72,4810.28,261.7,,,No,Yes,No,No,SAMPLE_2025_03_VolumeSpend.xlsx,Synthetic,Payor View
2025,3,Mar,202503,Q1,2025-03-01,0009100011|TCH001,0009100011,Technology Operations,No,TCH001,Technology Operations - Central,Columbus,OH,43004,2DA AM PKG,2nd Day Air Early A.M.,2DA AM,Expedited,Domestic,Yes,101,1180.22,362.49,817.73,30.6,,,No,Yes,No,No,SAMPLE_2025_03_VolumeSpend.xlsx,Synthetic,Payor View
2025,3,Mar,202503,Q1,2025-03-01,0009100011|TCH001,0009100011,Technology Operations,No,TCH001,Technology Operations - Central,Columbus,OH,43004,NDA PM / EXPRESS SAVER PKG,Next Day Air Saver,NDA Saver,Premium,Domestic,Yes,575,22784.39,7053.63,15730.76,532.9,,,No,Yes,No,No,SAMPLE_2025_03_VolumeSpend.xlsx,Synthetic,Payor View
2025,3,Mar,202503,Q1,2025-03-01,0009100011|TCH001,0009100011,Technology Operations,No,TCH001,Technology Operations - Central,Columbus,OH,43004,NDA PM / EXPRESS SAVER LTR,Next Day Air Saver,NDA Saver,Premium,Domestic,Yes,163,3884.47,1219.48,2664.99,61.2,,,No,Yes,No,No,SAMPLE_2025_03_VolumeSpend.xlsx,Synthetic,Payor View
2025,3,Mar,202503,Q1,2025-03-01,0009100011|TCH001,0009100011,Technology Operations,No,TCH001,Technology Operations - Central,Columbus,OH,43004,NDA REG / EXPRESS PKG,Next Day Air / Express,NDA,Premium,Domestic,Yes,1529,110674.44,40875.29,69799.15,4664.2,,,No,Yes,No,No,SAMPLE_2025_03_VolumeSpend.xlsx,Synthetic,Payor View
2025,3,Mar,202503,Q1,2025-03-01,0009100011|TCH001,0009100011,Technology Operations,No,TCH001,Technology Operations - Central,Columbus,OH,43004,NDA REG / EXPRESS LTR,Next Day Air / Express,NDA,Premium,Domestic,Yes,1522,42924.97,14829.1,28095.87,637.9,,,No,Yes,No,No,SAMPLE_2025_03_VolumeSpend.xlsx,Synthetic,Payor View
2025,3,Mar,202503,Q1,2025-03-01,0009100011|TCH001,0009100011,Technology Operations,No,TCH001,Technology Operations - Central,Columbus,OH,43004,NDA AM / EXPRESS PLUS PKG,Next Day Air Early,NDA Early,Premium,Domestic,Yes,13,2653.77,969.83,1683.94,24.7,,,No,Yes,No,No,SAMPLE_2025_03_VolumeSpend.xlsx,Synthetic,Payor View
2025,3,Mar,202503,Q1,2025-03-01,0009100011|TCH001,0009100011,Technology Operations,No,TCH001,Technology Operations - Central,Columbus,OH,43004,WW EXPRESS REG PKG,International Express,Intl Express,Premium,International,Yes,15,6475.19,2059.52,4415.67,140.7,,,No,Yes,No,No,SAMPLE_2025_03_VolumeSpend.xlsx,Synthetic,Payor View
2025,3,Mar,202503,Q1,2025-03-01,0009100011|TCH001,0009100011,Technology Operations,No,TCH001,Technology Operations - Central,Columbus,OH,43004,WW EXPRESS PM / SAVER PKG,International Express Saver,Intl Saver,Premium,International,Yes,12,4175.12,1419.65,2755.47,100.7,,,No,Yes,No,No,SAMPLE_2025_03_VolumeSpend.xlsx,Synthetic,Payor View
2025,3,Mar,202503,Q1,2025-03-01,0009100011|TCH001,0009100011,Technology Operations,No,TCH001,Technology Operations - Central,Columbus,OH,43004,WW EXPEDITED / 2DA PKG,International Expedited,Intl Expedited,Expedited,International,Yes,5,1033.01,335.1,697.91,30.4,,,No,Yes,No,No,SAMPLE_2025_03_VolumeSpend.xlsx,Synthetic,Payor View
2025,3,Mar,202503,Q1,2025-03-01,0009100011|TCH001,0009100011,Technology Operations,No,TCH001,Technology Operations - Central,Columbus,OH,43004,MISC / UNC,Excluded - Adjustments,Excluded,Non-Service,Not Applicable,No,0,4989.51,4989.51,0.0,0.0,,,Yes,No,Yes,No,SAMPLE_2025_03_VolumeSpend.xlsx,Synthetic,Payor View
2025,3,Mar,202503,Q1,2025-03-01,0009100012|MAI002,0009100012,Mail Services,No,MAI002,Mail Services - Regional,Kansas City,MO,64108,GROUND PKG,Ground,Ground,Deferred,Domestic,Yes,2435,96550.56,35795.36,60755.2,38517.8,,,No,Yes,No,No,SAMPLE_2025_03_VolumeSpend.xlsx,Synthetic,Payor View
2025,3,Mar,202503,Q1,2025-03-01,0009100012|MAI002,0009100012,Mail Services,No,MAI002,Mail Services - Regional,Kansas City,MO,64108,GROUND CWT,Ground,Ground,Deferred,Domestic,Yes,16,1315.37,482.68,832.69,412.4,,,No,Yes,No,No,SAMPLE_2025_03_VolumeSpend.xlsx,Synthetic,Payor View
2025,3,Mar,202503,Q1,2025-03-01,0009100012|MAI002,0009100012,Mail Services,No,MAI002,Mail Services - Regional,Kansas City,MO,64108,STANDARD GROUND,Ground,Ground,Deferred,Domestic,Yes,58,1972.25,678.17,1294.08,611.5,,,No,Yes,No,No,SAMPLE_2025_03_VolumeSpend.xlsx,Synthetic,Payor View
2025,3,Mar,202503,Q1,2025-03-01,0009100012|MAI002,0009100012,Mail Services,No,MAI002,Mail Services - Regional,Kansas City,MO,64108,3DS PKG,3 Day Select,3DS,Deferred,Domestic,Yes,46,1614.69,593.97,1020.72,161.0,,,No,Yes,No,No,SAMPLE_2025_03_VolumeSpend.xlsx,Synthetic,Payor View
2025,3,Mar,202503,Q1,2025-03-01,0009100012|MAI002,0009100012,Mail Services,No,MAI002,Mail Services - Regional,Kansas City,MO,64108,2DA REG / EXPEDITED PKG,2nd Day Air / Expedited,2DA,Expedited,Domestic,Yes,283,20106.83,6171.11,13935.72,931.3,,,No,Yes,No,No,SAMPLE_2025_03_VolumeSpend.xlsx,Synthetic,Payor View
2025,3,Mar,202503,Q1,2025-03-01,0009100012|MAI002,0009100012,Mail Services,No,MAI002,Mail Services - Regional,Kansas City,MO,64108,2DA REG / EXPEDITED LTR,2nd Day Air / Expedited,2DA,Expedited,Domestic,Yes,70,955.61,293.97,661.64,31.4,,,No,Yes,No,No,SAMPLE_2025_03_VolumeSpend.xlsx,Synthetic,Payor View
2025,3,Mar,202503,Q1,2025-03-01,0009100012|MAI002,0009100012,Mail Services,No,MAI002,Mail Services - Regional,Kansas City,MO,64108,2DA AM PKG,2nd Day Air Early A.M.,2DA AM,Expedited,Domestic,Yes,14,167.27,56.44,110.83,4.2,,,No,Yes,No,No,SAMPLE_2025_03_VolumeSpend.xlsx,Synthetic,Payor View
2025,3,Mar,202503,Q1,2025-03-01,0009100012|MAI002,0009100012,Mail Services,No,MAI002,Mail Services - Regional,Kansas City,MO,64108,NDA PM / EXPRESS SAVER PKG,Next Day Air Saver,NDA Saver,Premium,Domestic,Yes,97,4166.11,1335.43,2830.68,89.7,,,No,Yes,No,No,SAMPLE_2025_03_VolumeSpend.xlsx,Synthetic,Payor View
2025,3,Mar,202503,Q1,2025-03-01,0009100012|MAI002,0009100012,Mail Services,No,MAI002,Mail Services - Regional,Kansas City,MO,64108,NDA PM / EXPRESS SAVER LTR,Next Day Air Saver,NDA Saver,Premium,Domestic,Yes,35,775.51,282.85,492.66,12.5,,,No,Yes,No,No,SAMPLE_2025_03_VolumeSpend.xlsx,Synthetic,Payor View
2025,3,Mar,202503,Q1,2025-03-01,0009100012|MAI002,0009100012,Mail Services,No,MAI002,Mail Services - Regional,Kansas City,MO,64108,NDA REG / EXPRESS PKG,Next Day Air / Express,NDA,Premium,Domestic,Yes,234,18795.62,6266.57,12529.05,768.7,,,No,Yes,No,No,SAMPLE_2025_03_VolumeSpend.xlsx,Synthetic,Payor View
2025,3,Mar,202503,Q1,2025-03-01,0009100012|MAI002,0009100012,Mail Services,No,MAI002,Mail Services - Regional,Kansas City,MO,64108,NDA REG / EXPRESS LTR,Next Day Air / Express,NDA,Premium,Domestic,Yes,347,9654.09,3576.43,6077.66,153.5,,,No,Yes,No,No,SAMPLE_2025_03_VolumeSpend.xlsx,Synthetic,Payor View
2025,3,Mar,202503,Q1,2025-03-01,0009100012|MAI002,0009100012,Mail Services,No,MAI002,Mail Services - Regional,Kansas City,MO,64108,NDA AM / EXPRESS PLUS PKG,Next Day Air Early,NDA Early,Premium,Domestic,Yes,2,535.25,175.42,359.83,4.4,,,No,Yes,No,No,SAMPLE_2025_03_VolumeSpend.xlsx,Synthetic,Payor View
2025,3,Mar,202503,Q1,2025-03-01,0009100012|MAI002,0009100012,Mail Services,No,MAI002,Mail Services - Regional,Kansas City,MO,64108,WW EXPRESS REG PKG,International Express,Intl Express,Premium,International,Yes,2,878.79,310.81,567.98,20.7,,,No,Yes,No,No,SAMPLE_2025_03_VolumeSpend.xlsx,Synthetic,Payor View
2025,3,Mar,202503,Q1,2025-03-01,0009100012|MAI002,0009100012,Mail Services,No,MAI002,Mail Services - Regional,Kansas City,MO,64108,WW EXPRESS PM / SAVER PKG,International Express Saver,Intl Saver,Premium,International,Yes,2,493.77,168.18,325.59,14.3,,,No,Yes,No,No,SAMPLE_2025_03_VolumeSpend.xlsx,Synthetic,Payor View
2025,3,Mar,202503,Q1,2025-03-01,0009100012|MAI002,0009100012,Mail Services,No,MAI002,Mail Services - Regional,Kansas City,MO,64108,MISC / UNC,Excluded - Adjustments,Excluded,Non-Service,Not Applicable,No,0,583.77,583.77,0.0,0.0,,,Yes,No,Yes,No,SAMPLE_2025_03_VolumeSpend.xlsx,Synthetic,Payor View
2025,3,Mar,202503,Q1,2025-03-01,0009100013|VEN003,0009100013,Vendor Programs,No,VEN003,Vendor Programs - Print,Aurora,IL,60502,GROUND PKG,Ground,Ground,Deferred,Domestic,Yes,4591,183933.98,65955.5,117978.48,80369.7,,,No,Yes,No,No,SAMPLE_2025_03_VolumeSpend.xlsx,Synthetic,Payor View
2025,3,Mar,202503,Q1,2025-03-01,0009100013|VEN003,0009100013,Vendor Programs,No,VEN003,Vendor Programs - Print,Aurora,IL,60502,GROUND CWT,Ground,Ground,Deferred,Domestic,Yes,23,2438.83,864.7,1574.13,745.6,,,No,Yes,No,No,SAMPLE_2025_03_VolumeSpend.xlsx,Synthetic,Payor View
2025,3,Mar,202503,Q1,2025-03-01,0009100013|VEN003,0009100013,Vendor Programs,No,VEN003,Vendor Programs - Print,Aurora,IL,60502,STANDARD GROUND,Ground,Ground,Deferred,Domestic,Yes,78,2141.46,710.06,1431.4,748.9,,,No,Yes,No,No,SAMPLE_2025_03_VolumeSpend.xlsx,Synthetic,Payor View
2025,3,Mar,202503,Q1,2025-03-01,0009100013|VEN003,0009100013,Vendor Programs,No,VEN003,Vendor Programs - Print,Aurora,IL,60502,3DS PKG,3 Day Select,3DS,Deferred,Domestic,Yes,62,2109.6,757.42,1352.18,223.1,,,No,Yes,No,No,SAMPLE_2025_03_VolumeSpend.xlsx,Synthetic,Payor View
2025,3,Mar,202503,Q1,2025-03-01,0009100013|VEN003,0009100013,Vendor Programs,No,VEN003,Vendor Programs - Print,Aurora,IL,60502,2DA REG / EXPEDITED PKG,2nd Day Air / Expedited,2DA,Expedited,Domestic,Yes,484,26834.16,8588.71,18245.45,1387.7,,,No,Yes,No,No,SAMPLE_2025_03_VolumeSpend.xlsx,Synthetic,Payor View
2025,3,Mar,202503,Q1,2025-03-01,0009100013|VEN003,0009100013,Vendor Programs,No,VEN003,Vendor Programs - Print,Aurora,IL,60502,2DA REG / EXPEDITED LTR,2nd Day Air / Expedited,2DA,Expedited,Domestic,Yes,140,1769.43,584.23,1185.2,66.1,,,No,Yes,No,No,SAMPLE_2025_03_VolumeSpend.xlsx,Synthetic,Payor View
2025,3,Mar,202503,Q1,2025-03-01,0009100013|VEN003,0009100013,Vendor Programs,No,VEN003,Vendor Programs - Print,Aurora,IL,60502,2DA AM PKG,2nd Day Air Early A.M.,2DA AM,Expedited,Domestic,Yes,19,172.71,63.16,109.55,4.9,,,No,Yes,No,No,SAMPLE_2025_03_VolumeSpend.xlsx,Synthetic,Payor View
2025,3,Mar,202503,Q1,2025-03-01,0009100013|VEN003,0009100013,Vendor Programs,No,VEN003,Vendor Programs - Print,Aurora,IL,60502,NDA PM / EXPRESS SAVER PKG,Next Day Air Saver,NDA Saver,Premium,Domestic,Yes,206,11679.43,4161.74,7517.69,266.6,,,No,Yes,No,No,SAMPLE_2025_03_VolumeSpend.xlsx,Synthetic,Payor View
2025,3,Mar,202503,Q1,2025-03-01,0009100013|VEN003,0009100013,Vendor Programs,No,VEN003,Vendor Programs - Print,Aurora,IL,60502,NDA PM / EXPRESS SAVER LTR,Next Day Air Saver,NDA Saver,Premium,Domestic,Yes,41,921.85,341.71,580.14,15.2,,,No,Yes,No,No,SAMPLE_2025_03_VolumeSpend.xlsx,Synthetic,Payor View
2025,3,Mar,202503,Q1,2025-03-01,0009100013|VEN003,0009100013,Vendor Programs,No,VEN003,Vendor Programs - Print,Aurora,IL,60502,NDA REG / EXPRESS PKG,Next Day Air / Express,NDA,Premium,Domestic,Yes,311,28421.05,9308.66,19112.39,1038.2,,,No,Yes,No,No,SAMPLE_2025_03_VolumeSpend.xlsx,Synthetic,Payor View
2025,3,Mar,202503,Q1,2025-03-01,0009100013|VEN003,0009100013,Vendor Programs,No,VEN003,Vendor Programs - Print,Aurora,IL,60502,NDA REG / EXPRESS LTR,Next Day Air / Express,NDA,Premium,Domestic,Yes,431,10244.61,3780.21,6464.4,190.1,,,No,Yes,No,No,SAMPLE_2025_03_VolumeSpend.xlsx,Synthetic,Payor View
2025,3,Mar,202503,Q1,2025-03-01,0009100013|VEN003,0009100013,Vendor Programs,No,VEN003,Vendor Programs - Print,Aurora,IL,60502,NDA AM / EXPRESS PLUS PKG,Next Day Air Early,NDA Early,Premium,Domestic,Yes,4,864.2,281.37,582.83,7.6,,,No,Yes,No,No,SAMPLE_2025_03_VolumeSpend.xlsx,Synthetic,Payor View
2025,3,Mar,202503,Q1,2025-03-01,0009100013|VEN003,0009100013,Vendor Programs,No,VEN003,Vendor Programs - Print,Aurora,IL,60502,WW EXPRESS REG PKG,International Express,Intl Express,Premium,International,Yes,4,1169.04,393.11,775.93,30.7,,,No,Yes,No,No,SAMPLE_2025_03_VolumeSpend.xlsx,Synthetic,Payor View
2025,3,Mar,202503,Q1,2025-03-01,0009100013|VEN003,0009100013,Vendor Programs,No,VEN003,Vendor Programs - Print,Aurora,IL,60502,WW EXPRESS PM / SAVER PKG,International Express Saver,Intl Saver,Premium,International,Yes,3,920.93,334.95,585.98,23.7,,,No,Yes,No,No,SAMPLE_2025_03_VolumeSpend.xlsx,Synthetic,Payor View
2025,3,Mar,202503,Q1,2025-03-01,0009100013|VEN003,0009100013,Vendor Programs,No,VEN003,Vendor Programs - Print,Aurora,IL,60502,WW EXPEDITED / 2DA PKG,International Expedited,Intl Expedited,Expedited,International,Yes,1,233.81,73.8,160.01,5.8,,,No,Yes,No,No,SAMPLE_2025_03_VolumeSpend.xlsx,Synthetic,Payor View
2025,3,Mar,202503,Q1,2025-03-01,0009100013|VEN003,0009100013,Vendor Programs,No,VEN003,Vendor Programs - Print,Aurora,IL,60502,MISC / UNC,Excluded - Adjustments,Excluded,Non-Service,Not Applicable,No,0,1299.41,1299.41,0.0,0.0,,,Yes,No,Yes,No,SAMPLE_2025_03_VolumeSpend.xlsx,Synthetic,Payor View
2025,3,Mar,202503,Q1,2025-03-01,0009100013|VEN004,0009100013,Vendor Programs,No,VEN004,Vendor Programs - Fulfilment,Aurora,IL,60502,GROUND PKG,Ground,Ground,Deferred,Domestic,Yes,3056,120169.61,44925.0,75244.61,58251.7,,,No,Yes,No,No,SAMPLE_2025_03_VolumeSpend.xlsx,Synthetic,Payor View
2025,3,Mar,202503,Q1,2025-03-01,0009100013|VEN004,0009100013,Vendor Programs,No,VEN004,Vendor Programs - Fulfilment,Aurora,IL,60502,GROUND CWT,Ground,Ground,Deferred,Domestic,Yes,22,2615.6,931.89,1683.71,719.8,,,No,Yes,No,No,SAMPLE_2025_03_VolumeSpend.xlsx,Synthetic,Payor View
2025,3,Mar,202503,Q1,2025-03-01,0009100013|VEN004,0009100013,Vendor Programs,No,VEN004,Vendor Programs - Fulfilment,Aurora,IL,60502,STANDARD GROUND,Ground,Ground,Deferred,Domestic,Yes,65,1706.74,624.47,1082.27,565.0,,,No,Yes,No,No,SAMPLE_2025_03_VolumeSpend.xlsx,Synthetic,Payor View
2025,3,Mar,202503,Q1,2025-03-01,0009100013|VEN004,0009100013,Vendor Programs,No,VEN004,Vendor Programs - Fulfilment,Aurora,IL,60502,3DS PKG,3 Day Select,3DS,Deferred,Domestic,Yes,42,1735.65,561.76,1173.89,142.5,,,No,Yes,No,No,SAMPLE_2025_03_VolumeSpend.xlsx,Synthetic,Payor View
2025,3,Mar,202503,Q1,2025-03-01,0009100013|VEN004,0009100013,Vendor Programs,No,VEN004,Vendor Programs - Fulfilment,Aurora,IL,60502,2DA REG / EXPEDITED PKG,2nd Day Air / Expedited,2DA,Expedited,Domestic,Yes,314,17976.88,5694.05,12282.83,863.3,,,No,Yes,No,No,SAMPLE_2025_03_VolumeSpend.xlsx,Synthetic,Payor View
2025,3,Mar,202503,Q1,2025-03-01,0009100013|VEN004,0009100013,Vendor Programs,No,VEN004,Vendor Programs - Fulfilment,Aurora,IL,60502,2DA REG / EXPEDITED LTR,2nd Day Air / Expedited,2DA,Expedited,Domestic,Yes,115,1293.41,440.44,852.97,47.9,,,No,Yes,No,No,SAMPLE_2025_03_VolumeSpend.xlsx,Synthetic,Payor View
2025,3,Mar,202503,Q1,2025-03-01,0009100013|VEN004,0009100013,Vendor Programs,No,VEN004,Vendor Programs - Fulfilment,Aurora,IL,60502,2DA AM PKG,2nd Day Air Early A.M.,2DA AM,Expedited,Domestic,Yes,18,205.93,66.29,139.64,6.1,,,No,Yes,No,No,SAMPLE_2025_03_VolumeSpend.xlsx,Synthetic,Payor View
2025,3,Mar,202503,Q1,2025-03-01,0009100013|VEN004,0009100013,Vendor Programs,No,VEN004,Vendor Programs - Fulfilment,Aurora,IL,60502,NDA PM / EXPRESS SAVER PKG,Next Day Air Saver,NDA Saver,Premium,Domestic,Yes,107,4888.56,1575.6,3312.96,101.7,,,No,Yes,No,No,SAMPLE_2025_03_VolumeSpend.xlsx,Synthetic,Payor View
2025,3,Mar,202503,Q1,2025-03-01,0009100013|VEN004,0009100013,Vendor Programs,No,VEN004,Vendor Programs - Fulfilment,Aurora,IL,60502,NDA PM / EXPRESS SAVER LTR,Next Day Air Saver,NDA Saver,Premium,Domestic,Yes,41,1285.63,397.38,888.25,17.8,,,No,Yes,No,No,SAMPLE_2025_03_VolumeSpend.xlsx,Synthetic,Payor View
2025,3,Mar,202503,Q1,2025-03-01,0009100013|VEN004,0009100013,Vendor Programs,No,VEN004,Vendor Programs - Fulfilment,Aurora,IL,60502,NDA REG / EXPRESS PKG,Next Day Air / Express,NDA,Premium,Domestic,Yes,286,22109.46,7727.29,14382.17,848.7,,,No,Yes,No,No,SAMPLE_2025_03_VolumeSpend.xlsx,Synthetic,Payor View
2025,3,Mar,202503,Q1,2025-03-01,0009100013|VEN004,0009100013,Vendor Programs,No,VEN004,Vendor Programs - Fulfilment,Aurora,IL,60502,NDA REG / EXPRESS LTR,Next Day Air / Express,NDA,Premium,Domestic,Yes,331,8024.38,2656.63,5367.75,126.5,,,No,Yes,No,No,SAMPLE_2025_03_VolumeSpend.xlsx,Synthetic,Payor View
2025,3,Mar,202503,Q1,2025-03-01,0009100013|VEN004,0009100013,Vendor Programs,No,VEN004,Vendor Programs - Fulfilment,Aurora,IL,60502,NDA AM / EXPRESS PLUS PKG,Next Day Air Early,NDA Early,Premium,Domestic,Yes,3,637.61,231.77,405.84,5.1,,,No,Yes,No,No,SAMPLE_2025_03_VolumeSpend.xlsx,Synthetic,Payor View
2025,3,Mar,202503,Q1,2025-03-01,0009100013|VEN004,0009100013,Vendor Programs,No,VEN004,Vendor Programs - Fulfilment,Aurora,IL,60502,WW EXPRESS REG PKG,International Express,Intl Express,Premium,International,Yes,3,1201.1,446.72,754.38,28.9,,,No,Yes,No,No,SAMPLE_2025_03_VolumeSpend.xlsx,Synthetic,Payor View
2025,3,Mar,202503,Q1,2025-03-01,0009100013|VEN004,0009100013,Vendor Programs,No,VEN004,Vendor Programs - Fulfilment,Aurora,IL,60502,WW EXPRESS PM / SAVER PKG,International Express Saver,Intl Saver,Premium,International,Yes,2,684.13,222.94,461.19,15.8,,,No,Yes,No,No,SAMPLE_2025_03_VolumeSpend.xlsx,Synthetic,Payor View
2025,3,Mar,202503,Q1,2025-03-01,0009100013|VEN004,0009100013,Vendor Programs,No,VEN004,Vendor Programs - Fulfilment,Aurora,IL,60502,MISC / UNC,Excluded - Adjustments,Excluded,Non-Service,Not Applicable,No,0,1131.06,1131.06,0.0,0.0,,,Yes,No,Yes,No,SAMPLE_2025_03_VolumeSpend.xlsx,Synthetic,Payor View
2025,3,Mar,202503,Q1,2025-03-01,0009100014|FLD005,0009100014,Field Administration,No,FLD005,Field Administration - North,Madison,WI,53703,GROUND PKG,Ground,Ground,Deferred,Domestic,Yes,7130,336014.58,110077.1,225937.48,127555.5,,,No,Yes,No,No,SAMPLE_2025_03_VolumeSpend.xlsx,Synthetic,Payor View
2025,3,Mar,202503,Q1,2025-03-01,0009100014|FLD005,0009100014,Field Administration,No,FLD005,Field Administration - North,Madison,WI,53703,GROUND CWT,Ground,Ground,Deferred,Domestic,Yes,39,3437.21,1225.89,2211.32,1072.9,,,No,Yes,No,No,SAMPLE_2025_03_VolumeSpend.xlsx,Synthetic,Payor View
2025,3,Mar,202503,Q1,2025-03-01,0009100014|FLD005,0009100014,Field Administration,No,FLD005,Field Administration - North,Madison,WI,53703,STANDARD GROUND,Ground,Ground,Deferred,Domestic,Yes,99,3033.53,1040.57,1992.96,983.0,,,No,Yes,No,No,SAMPLE_2025_03_VolumeSpend.xlsx,Synthetic,Payor View
2025,3,Mar,202503,Q1,2025-03-01,0009100014|FLD005,0009100014,Field Administration,No,FLD005,Field Administration - North,Madison,WI,53703,3DS PKG,3 Day Select,3DS,Deferred,Domestic,Yes,69,3341.17,1121.68,2219.49,282.7,,,No,Yes,No,No,SAMPLE_2025_03_VolumeSpend.xlsx,Synthetic,Payor View
2025,3,Mar,202503,Q1,2025-03-01,0009100014|FLD005,0009100014,Field Administration,No,FLD005,Field Administration - North,Madison,WI,53703,2DA REG / EXPEDITED PKG,2nd Day Air / Expedited,2DA,Expedited,Domestic,Yes,633,28393.65,9768.14,18625.51,1754.5,,,No,Yes,No,No,SAMPLE_2025_03_VolumeSpend.xlsx,Synthetic,Payor View
2025,3,Mar,202503,Q1,2025-03-01,0009100014|FLD005,0009100014,Field Administration,No,FLD005,Field Administration - North,Madison,WI,53703,2DA REG / EXPEDITED LTR,2nd Day Air / Expedited,2DA,Expedited,Domestic,Yes,206,3246.93,1119.79,2127.14,113.6,,,No,Yes,No,No,SAMPLE_2025_03_VolumeSpend.xlsx,Synthetic,Payor View
2025,3,Mar,202503,Q1,2025-03-01,0009100014|FLD005,0009100014,Field Administration,No,FLD005,Field Administration - North,Madison,WI,53703,2DA AM PKG,2nd Day Air Early A.M.,2DA AM,Expedited,Domestic,Yes,34,312.82,114.17,198.65,9.2,,,No,Yes,No,No,SAMPLE_2025_03_VolumeSpend.xlsx,Synthetic,Payor View
2025,3,Mar,202503,Q1,2025-03-01,0009100014|FLD005,0009100014,Field Administration,No,FLD005,Field Administration - North,Madison,WI,53703,NDA PM / EXPRESS SAVER PKG,Next Day Air Saver,NDA Saver,Premium,Domestic,Yes,282,11626.73,4007.29,7619.44,282.1,,,No,Yes,No,No,SAMPLE_2025_03_VolumeSpend.xlsx,Synthetic,Payor View
2025,3,Mar,202503,Q1,2025-03-01,0009100014|FLD005,0009100014,Field Administration,No,FLD005,Field Administration - North,Madison,WI,53703,NDA PM / EXPRESS SAVER LTR,Next Day Air Saver,NDA Saver,Premium,Domestic,Yes,71,1775.9,545.25,1230.65,25.7,,,No,Yes,No,No,SAMPLE_2025_03_VolumeSpend.xlsx,Synthetic,Payor View
2025,3,Mar,202503,Q1,2025-03-01,0009100014|FLD005,0009100014,Field Administration,No,FLD005,Field Administration - North,Madison,WI,53703,NDA REG / EXPRESS PKG,Next Day Air / Express,NDA,Premium,Domestic,Yes,590,50449.83,18669.77,31780.06,1833.2,,,No,Yes,No,No,SAMPLE_2025_03_VolumeSpend.xlsx,Synthetic,Payor View
2025,3,Mar,202503,Q1,2025-03-01,0009100014|FLD005,0009100014,Field Administration,No,FLD005,Field Administration - North,Madison,WI,53703,NDA REG / EXPRESS LTR,Next Day Air / Express,NDA,Premium,Domestic,Yes,613,11446.69,4128.96,7317.73,202.8,,,No,Yes,No,No,SAMPLE_2025_03_VolumeSpend.xlsx,Synthetic,Payor View
2025,3,Mar,202503,Q1,2025-03-01,0009100014|FLD005,0009100014,Field Administration,No,FLD005,Field Administration - North,Madison,WI,53703,NDA AM / EXPRESS PLUS PKG,Next Day Air Early,NDA Early,Premium,Domestic,Yes,5,1166.59,399.06,767.53,8.9,,,No,Yes,No,No,SAMPLE_2025_03_VolumeSpend.xlsx,Synthetic,Payor View
2025,3,Mar,202503,Q1,2025-03-01,0009100014|FLD005,0009100014,Field Administration,No,FLD005,Field Administration - North,Madison,WI,53703,WW EXPRESS REG PKG,International Express,Intl Express,Premium,International,Yes,5,1708.24,575.79,1132.45,44.6,,,No,Yes,No,No,SAMPLE_2025_03_VolumeSpend.xlsx,Synthetic,Payor View
2025,3,Mar,202503,Q1,2025-03-01,0009100014|FLD005,0009100014,Field Administration,No,FLD005,Field Administration - North,Madison,WI,53703,WW EXPRESS PM / SAVER PKG,International Express Saver,Intl Saver,Premium,International,Yes,4,1469.43,459.42,1010.01,36.4,,,No,Yes,No,No,SAMPLE_2025_03_VolumeSpend.xlsx,Synthetic,Payor View
2025,3,Mar,202503,Q1,2025-03-01,0009100014|FLD005,0009100014,Field Administration,No,FLD005,Field Administration - North,Madison,WI,53703,WW EXPEDITED / 2DA PKG,International Expedited,Intl Expedited,Expedited,International,Yes,1,231.95,84.94,147.01,6.8,,,No,Yes,No,No,SAMPLE_2025_03_VolumeSpend.xlsx,Synthetic,Payor View
2025,3,Mar,202503,Q1,2025-03-01,0009100014|FLD005,0009100014,Field Administration,No,FLD005,Field Administration - North,Madison,WI,53703,MISC / UNC,Excluded - Adjustments,Excluded,Non-Service,Not Applicable,No,0,1686.96,1686.96,0.0,0.0,,,Yes,No,Yes,No,SAMPLE_2025_03_VolumeSpend.xlsx,Synthetic,Payor View
2025,3,Mar,202503,Q1,2025-03-01,0009100015|HQX006,0009100015,Corporate HQ,No,HQX006,Corporate HQ - Facilities,Columbus,OH,43004,GROUND PKG,Ground,Ground,Deferred,Domestic,Yes,2217,86377.72,26789.39,59588.33,32926.5,,,No,Yes,No,No,SAMPLE_2025_03_VolumeSpend.xlsx,Synthetic,Payor View
2025,3,Mar,202503,Q1,2025-03-01,0009100015|HQX006,0009100015,Corporate HQ,No,HQX006,Corporate HQ - Facilities,Columbus,OH,43004,GROUND CWT,Ground,Ground,Deferred,Domestic,Yes,10,1193.03,424.98,768.05,320.2,,,No,Yes,No,No,SAMPLE_2025_03_VolumeSpend.xlsx,Synthetic,Payor View
2025,3,Mar,202503,Q1,2025-03-01,0009100015|HQX006,0009100015,Corporate HQ,No,HQX006,Corporate HQ - Facilities,Columbus,OH,43004,STANDARD GROUND,Ground,Ground,Deferred,Domestic,Yes,28,801.87,277.49,524.38,258.0,,,No,Yes,No,No,SAMPLE_2025_03_VolumeSpend.xlsx,Synthetic,Payor View
2025,3,Mar,202503,Q1,2025-03-01,0009100015|HQX006,0009100015,Corporate HQ,No,HQX006,Corporate HQ - Facilities,Columbus,OH,43004,3DS PKG,3 Day Select,3DS,Deferred,Domestic,Yes,26,949.53,344.46,605.07,81.7,,,No,Yes,No,No,SAMPLE_2025_03_VolumeSpend.xlsx,Synthetic,Payor View
2025,3,Mar,202503,Q1,2025-03-01,0009100015|HQX006,0009100015,Corporate HQ,No,HQX006,Corporate HQ - Facilities,Columbus,OH,43004,2DA REG / EXPEDITED PKG,2nd Day Air / Expedited,2DA,Expedited,Domestic,Yes,196,10926.44,3657.69,7268.75,598.2,,,No,Yes,No,No,SAMPLE_2025_03_VolumeSpend.xlsx,Synthetic,Payor View
2025,3,Mar,202503,Q1,2025-03-01,0009100015|HQX006,0009100015,Corporate HQ,No,HQX006,Corporate HQ - Facilities,Columbus,OH,43004,2DA REG / EXPEDITED LTR,2nd Day Air / Expedited,2DA,Expedited,Domestic,Yes,54,738.86,254.03,484.83,28.9,,,No,Yes,No,No,SAMPLE_2025_03_VolumeSpend.xlsx,Synthetic,Payor View
2025,3,Mar,202503,Q1,2025-03-01,0009100015|HQX006,0009100015,Corporate HQ,No,HQX006,Corporate HQ - Facilities,Columbus,OH,43004,2DA AM PKG,2nd Day Air Early A.M.,2DA AM,Expedited,Domestic,Yes,11,129.26,41.65,87.61,3.4,,,No,Yes,No,No,SAMPLE_2025_03_VolumeSpend.xlsx,Synthetic,Payor View
2025,3,Mar,202503,Q1,2025-03-01,0009100015|HQX006,0009100015,Corporate HQ,No,HQX006,Corporate HQ - Facilities,Columbus,OH,43004,NDA PM / EXPRESS SAVER PKG,Next Day Air Saver,NDA Saver,Premium,Domestic,Yes,77,4108.59,1331.02,2777.57,93.6,,,No,Yes,No,No,SAMPLE_2025_03_VolumeSpend.xlsx,Synthetic,Payor View
2025,3,Mar,202503,Q1,2025-03-01,0009100015|HQX006,0009100015,Corporate HQ,No,HQX006,Corporate HQ - Facilities,Columbus,OH,43004,NDA PM / EXPRESS SAVER LTR,Next Day Air Saver,NDA Saver,Premium,Domestic,Yes,24,463.21,159.26,303.95,8.2,,,No,Yes,No,No,SAMPLE_2025_03_VolumeSpend.xlsx,Synthetic,Payor View
2025,3,Mar,202503,Q1,2025-03-01,0009100015|HQX006,0009100015,Corporate HQ,No,HQX006,Corporate HQ - Facilities,Columbus,OH,43004,NDA REG / EXPRESS PKG,Next Day Air / Express,NDA,Premium,Domestic,Yes,167,16606.56,5848.85,10757.71,575.6,,,No,Yes,No,No,SAMPLE_2025_03_VolumeSpend.xlsx,Synthetic,Payor View
2025,3,Mar,202503,Q1,2025-03-01,0009100015|HQX006,0009100015,Corporate HQ,No,HQX006,Corporate HQ - Facilities,Columbus,OH,43004,NDA REG / EXPRESS LTR,Next Day Air / Express,NDA,Premium,Domestic,Yes,174,3608.03,1273.54,2334.49,58.0,,,No,Yes,No,No,SAMPLE_2025_03_VolumeSpend.xlsx,Synthetic,Payor View
2025,3,Mar,202503,Q1,2025-03-01,0009100015|HQX006,0009100015,Corporate HQ,No,HQX006,Corporate HQ - Facilities,Columbus,OH,43004,NDA AM / EXPRESS PLUS PKG,Next Day Air Early,NDA Early,Premium,Domestic,Yes,1,272.62,100.79,171.83,2.3,,,No,Yes,No,No,SAMPLE_2025_03_VolumeSpend.xlsx,Synthetic,Payor View
2025,3,Mar,202503,Q1,2025-03-01,0009100015|HQX006,0009100015,Corporate HQ,No,HQX006,Corporate HQ - Facilities,Columbus,OH,43004,WW EXPRESS REG PKG,International Express,Intl Express,Premium,International,Yes,1,415.17,133.86,281.31,10.1,,,No,Yes,No,No,SAMPLE_2025_03_VolumeSpend.xlsx,Synthetic,Payor View
2025,3,Mar,202503,Q1,2025-03-01,0009100015|HQX006,0009100015,Corporate HQ,No,HQX006,Corporate HQ - Facilities,Columbus,OH,43004,WW EXPRESS PM / SAVER PKG,International Express Saver,Intl Saver,Premium,International,Yes,1,289.61,104.05,185.56,8.5,,,No,Yes,No,No,SAMPLE_2025_03_VolumeSpend.xlsx,Synthetic,Payor View
2025,3,Mar,202503,Q1,2025-03-01,0009100015|HQX006,0009100015,Corporate HQ,No,HQX006,Corporate HQ - Facilities,Columbus,OH,43004,MISC / UNC,Excluded - Adjustments,Excluded,Non-Service,Not Applicable,No,0,386.81,386.81,0.0,0.0,,,Yes,No,Yes,No,SAMPLE_2025_03_VolumeSpend.xlsx,Synthetic,Payor View
2025,3,Mar,202503,Q1,2025-03-01,0009100016|RTL007,0009100016,Retail Partner Network,No,RTL007,Retail Partner Network - Stores,Phoenix,AZ,85004,GROUND PKG,Ground,Ground,Deferred,Domestic,Yes,8742,417918.1,136463.05,281455.05,150945.3,,,No,Yes,No,No,SAMPLE_2025_03_VolumeSpend.xlsx,Synthetic,Payor View
2025,3,Mar,202503,Q1,2025-03-01,0009100016|RTL007,0009100016,Retail Partner Network,No,RTL007,Retail Partner Network - Stores,Phoenix,AZ,85004,GROUND CWT,Ground,Ground,Deferred,Domestic,Yes,62,6524.93,2426.54,4098.39,2001.5,,,No,Yes,No,No,SAMPLE_2025_03_VolumeSpend.xlsx,Synthetic,Payor View
2025,3,Mar,202503,Q1,2025-03-01,0009100016|RTL007,0009100016,Retail Partner Network,No,RTL007,Retail Partner Network - Stores,Phoenix,AZ,85004,STANDARD GROUND,Ground,Ground,Deferred,Domestic,Yes,126,3619.62,1309.39,2310.23,1279.7,,,No,Yes,No,No,SAMPLE_2025_03_VolumeSpend.xlsx,Synthetic,Payor View
2025,3,Mar,202503,Q1,2025-03-01,0009100016|RTL007,0009100016,Retail Partner Network,No,RTL007,Retail Partner Network - Stores,Phoenix,AZ,85004,3DS PKG,3 Day Select,3DS,Deferred,Domestic,Yes,143,7043.12,2523.71,4519.41,611.6,,,No,Yes,No,No,SAMPLE_2025_03_VolumeSpend.xlsx,Synthetic,Payor View
2025,3,Mar,202503,Q1,2025-03-01,0009100016|RTL007,0009100016,Retail Partner Network,No,RTL007,Retail Partner Network - Stores,Phoenix,AZ,85004,2DA REG / EXPEDITED PKG,2nd Day Air / Expedited,2DA,Expedited,Domestic,Yes,717,43382.76,15089.23,28293.53,2477.3,,,No,Yes,No,No,SAMPLE_2025_03_VolumeSpend.xlsx,Synthetic,Payor View
2025,3,Mar,202503,Q1,2025-03-01,0009100016|RTL007,0009100016,Retail Partner Network,No,RTL007,Retail Partner Network - Stores,Phoenix,AZ,85004,2DA REG / EXPEDITED LTR,2nd Day Air / Expedited,2DA,Expedited,Domestic,Yes,281,4653.34,1647.3,3006.04,157.7,,,No,Yes,No,No,SAMPLE_2025_03_VolumeSpend.xlsx,Synthetic,Payor View
2025,3,Mar,202503,Q1,2025-03-01,0009100016|RTL007,0009100016,Retail Partner Network,No,RTL007,Retail Partner Network - Stores,Phoenix,AZ,85004,2DA AM PKG,2nd Day Air Early A.M.,2DA AM,Expedited,Domestic,Yes,50,485.55,166.64,318.91,12.8,,,No,Yes,No,No,SAMPLE_2025_03_VolumeSpend.xlsx,Synthetic,Payor View
2025,3,Mar,202503,Q1,2025-03-01,0009100016|RTL007,0009100016,Retail Partner Network,No,RTL007,Retail Partner Network - Stores,Phoenix,AZ,85004,NDA PM / EXPRESS SAVER PKG,Next Day Air Saver,NDA Saver,Premium,Domestic,Yes,347,18366.59,6619.1,11747.49,415.6,,,No,Yes,No,No,SAMPLE_2025_03_VolumeSpend.xlsx,Synthetic,Payor View
2025,3,Mar,202503,Q1,2025-03-01,0009100016|RTL007,0009100016,Retail Partner Network,No,RTL007,Retail Partner Network - Stores,Phoenix,AZ,85004,NDA PM / EXPRESS SAVER LTR,Next Day Air Saver,NDA Saver,Premium,Domestic,Yes,107,2497.83,890.11,1607.72,42.2,,,No,Yes,No,No,SAMPLE_2025_03_VolumeSpend.xlsx,Synthetic,Payor View
2025,3,Mar,202503,Q1,2025-03-01,0009100016|RTL007,0009100016,Retail Partner Network,No,RTL007,Retail Partner Network - Stores,Phoenix,AZ,85004,NDA REG / EXPRESS PKG,Next Day Air / Express,NDA,Premium,Domestic,Yes,587,40703.66,14577.7,26125.96,1589.9,,,No,Yes,No,No,SAMPLE_2025_03_VolumeSpend.xlsx,Synthetic,Payor View
2025,3,Mar,202503,Q1,2025-03-01,0009100016|RTL007,0009100016,Retail Partner Network,No,RTL007,Retail Partner Network - Stores,Phoenix,AZ,85004,NDA REG / EXPRESS LTR,Next Day Air / Express,NDA,Premium,Domestic,Yes,1167,36082.21,11076.73,25005.48,528.9,,,No,Yes,No,No,SAMPLE_2025_03_VolumeSpend.xlsx,Synthetic,Payor View
2025,3,Mar,202503,Q1,2025-03-01,0009100016|RTL007,0009100016,Retail Partner Network,No,RTL007,Retail Partner Network - Stores,Phoenix,AZ,85004,NDA AM / EXPRESS PLUS PKG,Next Day Air Early,NDA Early,Premium,Domestic,Yes,6,1332.88,459.87,873.01,11.4,,,No,Yes,No,No,SAMPLE_2025_03_VolumeSpend.xlsx,Synthetic,Payor View
2025,3,Mar,202503,Q1,2025-03-01,0009100016|RTL007,0009100016,Retail Partner Network,No,RTL007,Retail Partner Network - Stores,Phoenix,AZ,85004,WW EXPRESS REG PKG,International Express,Intl Express,Premium,International,Yes,10,3868.71,1217.33,2651.38,78.4,,,No,Yes,No,No,SAMPLE_2025_03_VolumeSpend.xlsx,Synthetic,Payor View
2025,3,Mar,202503,Q1,2025-03-01,0009100016|RTL007,0009100016,Retail Partner Network,No,RTL007,Retail Partner Network - Stores,Phoenix,AZ,85004,WW EXPRESS PM / SAVER PKG,International Express Saver,Intl Saver,Premium,International,Yes,7,2163.12,759.41,1403.71,62.2,,,No,Yes,No,No,SAMPLE_2025_03_VolumeSpend.xlsx,Synthetic,Payor View
2025,3,Mar,202503,Q1,2025-03-01,0009100016|RTL007,0009100016,Retail Partner Network,No,RTL007,Retail Partner Network - Stores,Phoenix,AZ,85004,WW EXPEDITED / 2DA PKG,International Expedited,Intl Expedited,Expedited,International,Yes,2,413.18,154.39,258.79,13.1,,,No,Yes,No,No,SAMPLE_2025_03_VolumeSpend.xlsx,Synthetic,Payor View
2025,3,Mar,202503,Q1,2025-03-01,0009100016|RTL007,0009100016,Retail Partner Network,No,RTL007,Retail Partner Network - Stores,Phoenix,AZ,85004,MISC / UNC,Excluded - Adjustments,Excluded,Non-Service,Not Applicable,No,0,2298.91,2298.91,0.0,0.0,,,Yes,No,Yes,No,SAMPLE_2025_03_VolumeSpend.xlsx,Synthetic,Payor View
2025,3,Mar,202503,Q1,2025-03-01,0009100017|CSH008,0009100017,Cash Operations,No,CSH008,Cash Operations - Processing,Newark,NJ,07102,GROUND PKG,Ground,Ground,Deferred,Domestic,Yes,3268,105645.35,38981.41,66663.94,49801.5,,,No,Yes,No,No,SAMPLE_2025_03_VolumeSpend.xlsx,Synthetic,Payor View
2025,3,Mar,202503,Q1,2025-03-01,0009100017|CSH008,0009100017,Cash Operations,No,CSH008,Cash Operations - Processing,Newark,NJ,07102,GROUND CWT,Ground,Ground,Deferred,Domestic,Yes,16,1805.58,608.96,1196.62,470.4,,,No,Yes,No,No,SAMPLE_2025_03_VolumeSpend.xlsx,Synthetic,Payor View
2025,3,Mar,202503,Q1,2025-03-01,0009100017|CSH008,0009100017,Cash Operations,No,CSH008,Cash Operations - Processing,Newark,NJ,07102,STANDARD GROUND,Ground,Ground,Deferred,Domestic,Yes,45,1095.26,374.82,720.44,343.3,,,No,Yes,No,No,SAMPLE_2025_03_VolumeSpend.xlsx,Synthetic,Payor View
2025,3,Mar,202503,Q1,2025-03-01,0009100017|CSH008,0009100017,Cash Operations,No,CSH008,Cash Operations - Processing,Newark,NJ,07102,3DS PKG,3 Day Select,3DS,Deferred,Domestic,Yes,44,1721.25,569.41,1151.84,151.1,,,No,Yes,No,No,SAMPLE_2025_03_VolumeSpend.xlsx,Synthetic,Payor View
2025,3,Mar,202503,Q1,2025-03-01,0009100017|CSH008,0009100017,Cash Operations,No,CSH008,Cash Operations - Processing,Newark,NJ,07102,2DA REG / EXPEDITED PKG,2nd Day Air / Expedited,2DA,Expedited,Domestic,Yes,385,25380.75,9021.58,16359.17,1362.3,,,No,Yes,No,No,SAMPLE_2025_03_VolumeSpend.xlsx,Synthetic,Payor View
2025,3,Mar,202503,Q1,2025-03-01,0009100017|CSH008,0009100017,Cash Operations,No,CSH008,Cash Operations - Processing,Newark,NJ,07102,2DA REG / EXPEDITED LTR,2nd Day Air / Expedited,2DA,Expedited,Domestic,Yes,89,1239.24,441.45,797.79,45.8,,,No,Yes,No,No,SAMPLE_2025_03_VolumeSpend.xlsx,Synthetic,Payor View
2025,3,Mar,202503,Q1,2025-03-01,0009100017|CSH008,0009100017,Cash Operations,No,CSH008,Cash Operations - Processing,Newark,NJ,07102,2DA AM PKG,2nd Day Air Early A.M.,2DA AM,Expedited,Domestic,Yes,17,191.53,65.42,126.11,4.9,,,No,Yes,No,No,SAMPLE_2025_03_VolumeSpend.xlsx,Synthetic,Payor View
2025,3,Mar,202503,Q1,2025-03-01,0009100017|CSH008,0009100017,Cash Operations,No,CSH008,Cash Operations - Processing,Newark,NJ,07102,NDA PM / EXPRESS SAVER PKG,Next Day Air Saver,NDA Saver,Premium,Domestic,Yes,114,5797.8,1891.07,3906.73,119.0,,,No,Yes,No,No,SAMPLE_2025_03_VolumeSpend.xlsx,Synthetic,Payor View
2025,3,Mar,202503,Q1,2025-03-01,0009100017|CSH008,0009100017,Cash Operations,No,CSH008,Cash Operations - Processing,Newark,NJ,07102,NDA PM / EXPRESS SAVER LTR,Next Day Air Saver,NDA Saver,Premium,Domestic,Yes,34,1042.22,329.48,712.74,15.4,,,No,Yes,No,No,SAMPLE_2025_03_VolumeSpend.xlsx,Synthetic,Payor View
2025,3,Mar,202503,Q1,2025-03-01,0009100017|CSH008,0009100017,Cash Operations,No,CSH008,Cash Operations - Processing,Newark,NJ,07102,NDA REG / EXPRESS PKG,Next Day Air / Express,NDA,Premium,Domestic,Yes,206,17441.0,5338.35,12102.65,650.9,,,No,Yes,No,No,SAMPLE_2025_03_VolumeSpend.xlsx,Synthetic,Payor View
2025,3,Mar,202503,Q1,2025-03-01,0009100017|CSH008,0009100017,Cash Operations,No,CSH008,Cash Operations - Processing,Newark,NJ,07102,NDA REG / EXPRESS LTR,Next Day Air / Express,NDA,Premium,Domestic,Yes,290,8767.83,2717.16,6050.67,129.4,,,No,Yes,No,No,SAMPLE_2025_03_VolumeSpend.xlsx,Synthetic,Payor View
2025,3,Mar,202503,Q1,2025-03-01,0009100017|CSH008,0009100017,Cash Operations,No,CSH008,Cash Operations - Processing,Newark,NJ,07102,NDA AM / EXPRESS PLUS PKG,Next Day Air Early,NDA Early,Premium,Domestic,Yes,2,482.0,152.58,329.42,3.4,,,No,Yes,No,No,SAMPLE_2025_03_VolumeSpend.xlsx,Synthetic,Payor View
2025,3,Mar,202503,Q1,2025-03-01,0009100017|CSH008,0009100017,Cash Operations,No,CSH008,Cash Operations - Processing,Newark,NJ,07102,WW EXPRESS REG PKG,International Express,Intl Express,Premium,International,Yes,3,1114.93,361.82,753.11,28.9,,,No,Yes,No,No,SAMPLE_2025_03_VolumeSpend.xlsx,Synthetic,Payor View
2025,3,Mar,202503,Q1,2025-03-01,0009100017|CSH008,0009100017,Cash Operations,No,CSH008,Cash Operations - Processing,Newark,NJ,07102,WW EXPRESS PM / SAVER PKG,International Express Saver,Intl Saver,Premium,International,Yes,2,657.96,215.45,442.51,15.3,,,No,Yes,No,No,SAMPLE_2025_03_VolumeSpend.xlsx,Synthetic,Payor View
2025,3,Mar,202503,Q1,2025-03-01,0009100017|CSH008,0009100017,Cash Operations,No,CSH008,Cash Operations - Processing,Newark,NJ,07102,WW EXPEDITED / 2DA PKG,International Expedited,Intl Expedited,Expedited,International,Yes,1,276.7,85.94,190.76,7.1,,,No,Yes,No,No,SAMPLE_2025_03_VolumeSpend.xlsx,Synthetic,Payor View
2025,3,Mar,202503,Q1,2025-03-01,0009100017|CSH008,0009100017,Cash Operations,No,CSH008,Cash Operations - Processing,Newark,NJ,07102,MISC / UNC,Excluded - Adjustments,Excluded,Non-Service,Not Applicable,No,0,600.3,600.3,0.0,0.0,,,Yes,No,Yes,No,SAMPLE_2025_03_VolumeSpend.xlsx,Synthetic,Payor View
2025,3,Mar,202503,Q1,2025-03-01,@@|TCO009,@@,Unassigned Sub-Parent,Yes,TCO009,Transfer Co Operations,Whippany,NJ,07981,GROUND PKG,Ground,Ground,Deferred,Domestic,Yes,568,25961.85,8295.06,17666.79,9533.7,,,No,Yes,No,No,SAMPLE_2025_03_VolumeSpend.xlsx,Synthetic,Payor View
2025,3,Mar,202503,Q1,2025-03-01,@@|TCO009,@@,Unassigned Sub-Parent,Yes,TCO009,Transfer Co Operations,Whippany,NJ,07981,GROUND CWT,Ground,Ground,Deferred,Domestic,Yes,2,221.84,70.39,151.45,53.7,,,No,Yes,No,No,SAMPLE_2025_03_VolumeSpend.xlsx,Synthetic,Payor View
2025,3,Mar,202503,Q1,2025-03-01,@@|TCO009,@@,Unassigned Sub-Parent,Yes,TCO009,Transfer Co Operations,Whippany,NJ,07981,STANDARD GROUND,Ground,Ground,Deferred,Domestic,Yes,6,180.1,62.5,117.6,62.9,,,No,Yes,No,No,SAMPLE_2025_03_VolumeSpend.xlsx,Synthetic,Payor View
2025,3,Mar,202503,Q1,2025-03-01,@@|TCO009,@@,Unassigned Sub-Parent,Yes,TCO009,Transfer Co Operations,Whippany,NJ,07981,3DS PKG,3 Day Select,3DS,Deferred,Domestic,Yes,5,228.64,81.15,147.49,19.6,,,No,Yes,No,No,SAMPLE_2025_03_VolumeSpend.xlsx,Synthetic,Payor View
2025,3,Mar,202503,Q1,2025-03-01,@@|TCO009,@@,Unassigned Sub-Parent,Yes,TCO009,Transfer Co Operations,Whippany,NJ,07981,2DA REG / EXPEDITED PKG,2nd Day Air / Expedited,2DA,Expedited,Domestic,Yes,46,3146.85,964.25,2182.6,158.2,,,No,Yes,No,No,SAMPLE_2025_03_VolumeSpend.xlsx,Synthetic,Payor View
2025,3,Mar,202503,Q1,2025-03-01,@@|TCO009,@@,Unassigned Sub-Parent,Yes,TCO009,Transfer Co Operations,Whippany,NJ,07981,2DA REG / EXPEDITED LTR,2nd Day Air / Expedited,2DA,Expedited,Domestic,Yes,11,163.53,58.19,105.34,6.3,,,No,Yes,No,No,SAMPLE_2025_03_VolumeSpend.xlsx,Synthetic,Payor View
2025,3,Mar,202503,Q1,2025-03-01,@@|TCO009,@@,Unassigned Sub-Parent,Yes,TCO009,Transfer Co Operations,Whippany,NJ,07981,2DA AM PKG,2nd Day Air Early A.M.,2DA AM,Expedited,Domestic,Yes,3,26.71,9.9,16.81,0.9,,,No,Yes,No,No,SAMPLE_2025_03_VolumeSpend.xlsx,Synthetic,Payor View
2025,3,Mar,202503,Q1,2025-03-01,@@|TCO009,@@,Unassigned Sub-Parent,Yes,TCO009,Transfer Co Operations,Whippany,NJ,07981,NDA PM / EXPRESS SAVER PKG,Next Day Air Saver,NDA Saver,Premium,Domestic,Yes,20,1182.59,394.55,788.04,23.9,,,No,Yes,No,No,SAMPLE_2025_03_VolumeSpend.xlsx,Synthetic,Payor View
2025,3,Mar,202503,Q1,2025-03-01,@@|TCO009,@@,Unassigned Sub-Parent,Yes,TCO009,Transfer Co Operations,Whippany,NJ,07981,NDA PM / EXPRESS SAVER LTR,Next Day Air Saver,NDA Saver,Premium,Domestic,Yes,5,133.99,44.69,89.3,2.3,,,No,Yes,No,No,SAMPLE_2025_03_VolumeSpend.xlsx,Synthetic,Payor View
2025,3,Mar,202503,Q1,2025-03-01,@@|TCO009,@@,Unassigned Sub-Parent,Yes,TCO009,Transfer Co Operations,Whippany,NJ,07981,NDA REG / EXPRESS PKG,Next Day Air / Express,NDA,Premium,Domestic,Yes,37,3031.33,992.33,2039.0,107.3,,,No,Yes,No,No,SAMPLE_2025_03_VolumeSpend.xlsx,Synthetic,Payor View
2025,3,Mar,202503,Q1,2025-03-01,@@|TCO009,@@,Unassigned Sub-Parent,Yes,TCO009,Transfer Co Operations,Whippany,NJ,07981,NDA REG / EXPRESS LTR,Next Day Air / Express,NDA,Premium,Domestic,Yes,42,930.16,343.48,586.68,15.7,,,No,Yes,No,No,SAMPLE_2025_03_VolumeSpend.xlsx,Synthetic,Payor View
2025,3,Mar,202503,Q1,2025-03-01,@@|TCO009,@@,Unassigned Sub-Parent,Yes,TCO009,Transfer Co Operations,Whippany,NJ,07981,MISC / UNC,Excluded - Adjustments,Excluded,Non-Service,Not Applicable,No,0,77.05,77.05,0.0,0.0,,,Yes,No,Yes,No,SAMPLE_2025_03_VolumeSpend.xlsx,Synthetic,Payor View
2025,4,Apr,202504,Q2,2025-04-01,0009100011|TCH001,0009100011,Technology Operations,No,TCH001,Technology Operations - Central,Columbus,OH,43004,GROUND PKG,Ground,Ground,Deferred,Domestic,Yes,20087,1115589.78,380905.59,734684.19,395600.6,,,No,Yes,No,No,SAMPLE_2025_04_VolumeSpend.xlsx,Synthetic,Payor View
2025,4,Apr,202504,Q2,2025-04-01,0009100011|TCH001,0009100011,Technology Operations,No,TCH001,Technology Operations - Central,Columbus,OH,43004,GROUND CWT,Ground,Ground,Deferred,Domestic,Yes,90,11926.62,3719.67,8206.95,2802.9,,,No,Yes,No,No,SAMPLE_2025_04_VolumeSpend.xlsx,Synthetic,Payor View
2025,4,Apr,202504,Q2,2025-04-01,0009100011|TCH001,0009100011,Technology Operations,No,TCH001,Technology Operations - Central,Columbus,OH,43004,STANDARD GROUND,Ground,Ground,Deferred,Domestic,Yes,261,7364.86,2505.39,4859.47,2417.3,,,No,Yes,No,No,SAMPLE_2025_04_VolumeSpend.xlsx,Synthetic,Payor View
2025,4,Apr,202504,Q2,2025-04-01,0009100011|TCH001,0009100011,Technology Operations,No,TCH001,Technology Operations - Central,Columbus,OH,43004,3DS PKG,3 Day Select,3DS,Deferred,Domestic,Yes,226,8170.51,2714.56,5455.95,734.2,,,No,Yes,No,No,SAMPLE_2025_04_VolumeSpend.xlsx,Synthetic,Payor View
2025,4,Apr,202504,Q2,2025-04-01,0009100011|TCH001,0009100011,Technology Operations,No,TCH001,Technology Operations - Central,Columbus,OH,43004,2DA REG / EXPEDITED PKG,2nd Day Air / Expedited,2DA,Expedited,Domestic,Yes,1951,95920.67,35445.75,60474.92,5910.0,,,No,Yes,No,No,SAMPLE_2025_04_VolumeSpend.xlsx,Synthetic,Payor View
2025,4,Apr,202504,Q2,2025-04-01,0009100011|TCH001,0009100011,Technology Operations,No,TCH001,Technology Operations - Central,Columbus,OH,43004,2DA REG / EXPEDITED LTR,2nd Day Air / Expedited,2DA,Expedited,Domestic,Yes,525,9214.14,3008.12,6206.02,284.4,,,No,Yes,No,No,SAMPLE_2025_04_VolumeSpend.xlsx,Synthetic,Payor View
2025,4,Apr,202504,Q2,2025-04-01,0009100011|TCH001,0009100011,Technology Operations,No,TCH001,Technology Operations - Central,Columbus,OH,43004,2DA AM PKG,2nd Day Air Early A.M.,2DA AM,Expedited,Domestic,Yes,130,1106.42,380.95,725.47,35.2,,,No,Yes,No,No,SAMPLE_2025_04_VolumeSpend.xlsx,Synthetic,Payor View
2025,4,Apr,202504,Q2,2025-04-01,0009100011|TCH001,0009100011,Technology Operations,No,TCH001,Technology Operations - Central,Columbus,OH,43004,NDA PM / EXPRESS SAVER PKG,Next Day Air Saver,NDA Saver,Premium,Domestic,Yes,685,27873.26,10110.26,17763.0,745.0,,,No,Yes,No,No,SAMPLE_2025_04_VolumeSpend.xlsx,Synthetic,Payor View
2025,4,Apr,202504,Q2,2025-04-01,0009100011|TCH001,0009100011,Technology Operations,No,TCH001,Technology Operations - Central,Columbus,OH,43004,NDA PM / EXPRESS SAVER LTR,Next Day Air Saver,NDA Saver,Premium,Domestic,Yes,185,4131.64,1483.09,2648.55,76.1,,,No,Yes,No,No,SAMPLE_2025_04_VolumeSpend.xlsx,Synthetic,Payor View
2025,4,Apr,202504,Q2,2025-04-01,0009100011|TCH001,0009100011,Technology Operations,No,TCH001,Technology Operations - Central,Columbus,OH,43004,NDA REG / EXPRESS PKG,Next Day Air / Express,NDA,Premium,Domestic,Yes,1605,125334.98,46573.46,78761.52,5469.2,,,No,Yes,No,No,SAMPLE_2025_04_VolumeSpend.xlsx,Synthetic,Payor View
2025,4,Apr,202504,Q2,2025-04-01,0009100011|TCH001,0009100011,Technology Operations,No,TCH001,Technology Operations - Central,Columbus,OH,43004,NDA REG / EXPRESS LTR,Next Day Air / Express,NDA,Premium,Domestic,Yes,2239,53979.27,18706.04,35273.23,978.8,,,No,Yes,No,No,SAMPLE_2025_04_VolumeSpend.xlsx,Synthetic,Payor View
2025,4,Apr,202504,Q2,2025-04-01,0009100011|TCH001,0009100011,Technology Operations,No,TCH001,Technology Operations - Central,Columbus,OH,43004,NDA AM / EXPRESS PLUS PKG,Next Day Air Early,NDA Early,Premium,Domestic,Yes,19,4051.29,1487.44,2563.85,37.8,,,No,Yes,No,No,SAMPLE_2025_04_VolumeSpend.xlsx,Synthetic,Payor View
2025,4,Apr,202504,Q2,2025-04-01,0009100011|TCH001,0009100011,Technology Operations,No,TCH001,Technology Operations - Central,Columbus,OH,43004,WW EXPRESS REG PKG,International Express,Intl Express,Premium,International,Yes,19,7111.06,2352.33,4758.73,159.0,,,No,Yes,No,No,SAMPLE_2025_04_VolumeSpend.xlsx,Synthetic,Payor View
2025,4,Apr,202504,Q2,2025-04-01,0009100011|TCH001,0009100011,Technology Operations,No,TCH001,Technology Operations - Central,Columbus,OH,43004,WW EXPRESS PM / SAVER PKG,International Express Saver,Intl Saver,Premium,International,Yes,14,5581.69,1800.22,3781.47,127.1,,,No,Yes,No,No,SAMPLE_2025_04_VolumeSpend.xlsx,Synthetic,Payor View
2025,4,Apr,202504,Q2,2025-04-01,0009100011|TCH001,0009100011,Technology Operations,No,TCH001,Technology Operations - Central,Columbus,OH,43004,WW EXPEDITED / 2DA PKG,International Expedited,Intl Expedited,Expedited,International,Yes,4,1172.82,361.75,811.07,30.9,,,No,Yes,No,No,SAMPLE_2025_04_VolumeSpend.xlsx,Synthetic,Payor View
2025,4,Apr,202504,Q2,2025-04-01,0009100011|TCH001,0009100011,Technology Operations,No,TCH001,Technology Operations - Central,Columbus,OH,43004,MISC / UNC,Excluded - Adjustments,Excluded,Non-Service,Not Applicable,No,0,5904.43,5904.43,0.0,0.0,,,Yes,No,Yes,No,SAMPLE_2025_04_VolumeSpend.xlsx,Synthetic,Payor View
2025,4,Apr,202504,Q2,2025-04-01,0009100012|MAI002,0009100012,Mail Services,No,MAI002,Mail Services - Regional,Kansas City,MO,64108,GROUND PKG,Ground,Ground,Deferred,Domestic,Yes,4061,204098.06,68549.48,135548.58,80506.7,,,No,Yes,No,No,SAMPLE_2025_04_VolumeSpend.xlsx,Synthetic,Payor View
2025,4,Apr,202504,Q2,2025-04-01,0009100012|MAI002,0009100012,Mail Services,No,MAI002,Mail Services - Regional,Kansas City,MO,64108,GROUND CWT,Ground,Ground,Deferred,Domestic,Yes,19,2062.86,653.43,1409.43,524.5,,,No,Yes,No,No,SAMPLE_2025_04_VolumeSpend.xlsx,Synthetic,Payor View
2025,4,Apr,202504,Q2,2025-04-01,0009100012|MAI002,0009100012,Mail Services,No,MAI002,Mail Services - Regional,Kansas City,MO,64108,STANDARD GROUND,Ground,Ground,Deferred,Domestic,Yes,66,1660.08,567.46,1092.62,538.7,,,No,Yes,No,No,SAMPLE_2025_04_VolumeSpend.xlsx,Synthetic,Payor View
2025,4,Apr,202504,Q2,2025-04-01,0009100012|MAI002,0009100012,Mail Services,No,MAI002,Mail Services - Regional,Kansas City,MO,64108,3DS PKG,3 Day Select,3DS,Deferred,Domestic,Yes,56,2019.45,656.29,1363.16,189.3,,,No,Yes,No,No,SAMPLE_2025_04_VolumeSpend.xlsx,Synthetic,Payor View
2025,4,Apr,202504,Q2,2025-04-01,0009100012|MAI002,0009100012,Mail Services,No,MAI002,Mail Services - Regional,Kansas City,MO,64108,2DA REG / EXPEDITED PKG,2nd Day Air / Expedited,2DA,Expedited,Domestic,Yes,318,18135.39,6386.79,11748.6,959.7,,,No,Yes,No,No,SAMPLE_2025_04_VolumeSpend.xlsx,Synthetic,Payor View
2025,4,Apr,202504,Q2,2025-04-01,0009100012|MAI002,0009100012,Mail Services,No,MAI002,Mail Services - Regional,Kansas City,MO,64108,2DA REG / EXPEDITED LTR,2nd Day Air / Expedited,2DA,Expedited,Domestic,Yes,78,840.95,287.51,553.44,32.4,,,No,Yes,No,No,SAMPLE_2025_04_VolumeSpend.xlsx,Synthetic,Payor View
2025,4,Apr,202504,Q2,2025-04-01,0009100012|MAI002,0009100012,Mail Services,No,MAI002,Mail Services - Regional,Kansas City,MO,64108,2DA AM PKG,2nd Day Air Early A.M.,2DA AM,Expedited,Domestic,Yes,15,153.17,52.22,100.95,4.5,,,No,Yes,No,No,SAMPLE_2025_04_VolumeSpend.xlsx,Synthetic,Payor View
2025,4,Apr,202504,Q2,2025-04-01,0009100012|MAI002,0009100012,Mail Services,No,MAI002,Mail Services - Regional,Kansas City,MO,64108,NDA PM / EXPRESS SAVER PKG,Next Day Air Saver,NDA Saver,Premium,Domestic,Yes,120,4802.87,1619.89,3182.98,117.0,,,No,Yes,No,No,SAMPLE_2025_04_VolumeSpend.xlsx,Synthetic,Payor View
2025,4,Apr,202504,Q2,2025-04-01,0009100012|MAI002,0009100012,Mail Services,No,MAI002,Mail Services - Regional,Kansas City,MO,64108,NDA PM / EXPRESS SAVER LTR,Next Day Air Saver,NDA Saver,Premium,Domestic,Yes,33,938.79,293.32,645.47,14.9,,,No,Yes,No,No,SAMPLE_2025_04_VolumeSpend.xlsx,Synthetic,Payor View
2025,4,Apr,202504,Q2,2025-04-01,0009100012|MAI002,0009100012,Mail Services,No,MAI002,Mail Services - Regional,Kansas City,MO,64108,NDA REG / EXPRESS PKG,Next Day Air / Express,NDA,Premium,Domestic,Yes,217,16608.78,6171.07,10437.71,684.5,,,No,Yes,No,No,SAMPLE_2025_04_VolumeSpend.xlsx,Synthetic,Payor View
2025,4,Apr,202504,Q2,2025-04-01,0009100012|MAI002,0009100012,Mail Services,No,MAI002,Mail Services - Regional,Kansas City,MO,64108,NDA REG / EXPRESS LTR,Next Day Air / Express,NDA,Premium,Domestic,Yes,413,10206.91,3557.21,6649.7,170.7,,,No,Yes,No,No,SAMPLE_2025_04_VolumeSpend.xlsx,Synthetic,Payor View
2025,4,Apr,202504,Q2,2025-04-01,0009100012|MAI002,0009100012,Mail Services,No,MAI002,Mail Services - Regional,Kansas City,MO,64108,NDA AM / EXPRESS PLUS PKG,Next Day Air Early,NDA Early,Premium,Domestic,Yes,2,457.58,170.22,287.36,4.4,,,No,Yes,No,No,SAMPLE_2025_04_VolumeSpend.xlsx,Synthetic,Payor View
2025,4,Apr,202504,Q2,2025-04-01,0009100012|MAI002,0009100012,Mail Services,No,MAI002,Mail Services - Regional,Kansas City,MO,64108,WW EXPRESS REG PKG,International Express,Intl Express,Premium,International,Yes,3,1343.12,468.28,874.84,29.9,,,No,Yes,No,No,SAMPLE_2025_04_VolumeSpend.xlsx,Synthetic,Payor View
2025,4,Apr,202504,Q2,2025-04-01,0009100012|MAI002,0009100012,Mail Services,No,MAI002,Mail Services - Regional,Kansas City,MO,64108,WW EXPRESS PM / SAVER PKG,International Express Saver,Intl Saver,Premium,International,Yes,2,489.72,180.99,308.73,15.1,,,No,Yes,No,No,SAMPLE_2025_04_VolumeSpend.xlsx,Synthetic,Payor View
2025,4,Apr,202504,Q2,2025-04-01,0009100012|MAI002,0009100012,Mail Services,No,MAI002,Mail Services - Regional,Kansas City,MO,64108,MISC / UNC,Excluded - Adjustments,Excluded,Non-Service,Not Applicable,No,0,486.16,486.16,0.0,0.0,,,Yes,No,Yes,No,SAMPLE_2025_04_VolumeSpend.xlsx,Synthetic,Payor View
2025,4,Apr,202504,Q2,2025-04-01,0009100013|VEN003,0009100013,Vendor Programs,No,VEN003,Vendor Programs - Print,Aurora,IL,60502,GROUND PKG,Ground,Ground,Deferred,Domestic,Yes,5478,253755.54,78316.64,175438.9,88582.9,,,No,Yes,No,No,SAMPLE_2025_04_VolumeSpend.xlsx,Synthetic,Payor View
2025,4,Apr,202504,Q2,2025-04-01,0009100013|VEN003,0009100013,Vendor Programs,No,VEN003,Vendor Programs - Print,Aurora,IL,60502,GROUND CWT,Ground,Ground,Deferred,Domestic,Yes,22,2533.88,838.76,1695.12,716.5,,,No,Yes,No,No,SAMPLE_2025_04_VolumeSpend.xlsx,Synthetic,Payor View
2025,4,Apr,202504,Q2,2025-04-01,0009100013|VEN003,0009100013,Vendor Programs,No,VEN003,Vendor Programs - Print,Aurora,IL,60502,STANDARD GROUND,Ground,Ground,Deferred,Domestic,Yes,73,2145.49,656.61,1488.88,651.6,,,No,Yes,No,No,SAMPLE_2025_04_VolumeSpend.xlsx,Synthetic,Payor View
2025,4,Apr,202504,Q2,2025-04-01,0009100013|VEN003,0009100013,Vendor Programs,No,VEN003,Vendor Programs - Print,Aurora,IL,60502,3DS PKG,3 Day Select,3DS,Deferred,Domestic,Yes,60,2566.45,808.48,1757.97,198.7,,,No,Yes,No,No,SAMPLE_2025_04_VolumeSpend.xlsx,Synthetic,Payor View
2025,4,Apr,202504,Q2,2025-04-01,0009100013|VEN003,0009100013,Vendor Programs,No,VEN003,Vendor Programs - Print,Aurora,IL,60502,2DA REG / EXPEDITED PKG,2nd Day Air / Expedited,2DA,Expedited,Domestic,Yes,414,18685.52,6379.27,12306.25,1111.7,,,No,Yes,No,No,SAMPLE_2025_04_VolumeSpend.xlsx,Synthetic,Payor View
2025,4,Apr,202504,Q2,2025-04-01,0009100013|VEN003,0009100013,Vendor Programs,No,VEN003,Vendor Programs - Print,Aurora,IL,60502,2DA REG / EXPEDITED LTR,2nd Day Air / Expedited,2DA,Expedited,Domestic,Yes,145,2620.9,821.33,1799.57,77.2,,,No,Yes,No,No,SAMPLE_2025_04_VolumeSpend.xlsx,Synthetic,Payor View
2025,4,Apr,202504,Q2,2025-04-01,0009100013|VEN003,0009100013,Vendor Programs,No,VEN003,Vendor Programs - Print,Aurora,IL,60502,2DA AM PKG,2nd Day Air Early A.M.,2DA AM,Expedited,Domestic,Yes,34,389.75,125.93,263.82,9.4,,,No,Yes,No,No,SAMPLE_2025_04_VolumeSpend.xlsx,Synthetic,Payor View
2025,4,Apr,202504,Q2,2025-04-01,0009100013|VEN003,0009100013,Vendor Programs,No,VEN003,Vendor Programs - Print,Aurora,IL,60502,NDA PM / EXPRESS SAVER PKG,Next Day Air Saver,NDA Saver,Premium,Domestic,Yes,172,9064.67,2910.47,6154.2,204.7,,,No,Yes,No,No,SAMPLE_2025_04_VolumeSpend.xlsx,Synthetic,Payor View
2025,4,Apr,202504,Q2,2025-04-01,0009100013|VEN003,0009100013,Vendor Programs,No,VEN003,Vendor Programs - Print,Aurora,IL,60502,NDA PM / EXPRESS SAVER LTR,Next Day Air Saver,NDA Saver,Premium,Domestic,Yes,50,1389.59,475.11,914.48,20.2,,,No,Yes,No,No,SAMPLE_2025_04_VolumeSpend.xlsx,Synthetic,Payor View
2025,4,Apr,202504,Q2,2025-04-01,0009100013|VEN003,0009100013,Vendor Programs,No,VEN003,Vendor Programs - Print,Aurora,IL,60502,NDA REG / EXPRESS PKG,Next Day Air / Express,NDA,Premium,Domestic,Yes,387,29330.82,10471.72,18859.1,1243.0,,,No,Yes,No,No,SAMPLE_2025_04_VolumeSpend.xlsx,Synthetic,Payor View
2025,4,Apr,202504,Q2,2025-04-01,0009100013|VEN003,0009100013,Vendor Programs,No,VEN003,Vendor Programs - Print,Aurora,IL,60502,NDA REG / EXPRESS LTR,Next Day Air / Express,NDA,Premium,Domestic,Yes,460,9924.44,3239.56,6684.88,173.2,,,No,Yes,No,No,SAMPLE_2025_04_VolumeSpend.xlsx,Synthetic,Payor View
2025,4,Apr,202504,Q2,2025-04-01,0009100013|VEN003,0009100013,Vendor Programs,No,VEN003,Vendor Programs - Print,Aurora,IL,60502,NDA AM / EXPRESS PLUS PKG,Next Day Air Early,NDA Early,Premium,Domestic,Yes,3,808.02,254.33,553.69,6.4,,,No,Yes,No,No,SAMPLE_2025_04_VolumeSpend.xlsx,Synthetic,Payor View
2025,4,Apr,202504,Q2,2025-04-01,0009100013|VEN003,0009100013,Vendor Programs,No,VEN003,Vendor Programs - Print,Aurora,IL,60502,WW EXPRESS REG PKG,International Express,Intl Express,Premium,International,Yes,5,2074.02,741.52,1332.5,52.3,,,No,Yes,No,No,SAMPLE_2025_04_VolumeSpend.xlsx,Synthetic,Payor View
2025,4,Apr,202504,Q2,2025-04-01,0009100013|VEN003,0009100013,Vendor Programs,No,VEN003,Vendor Programs - Print,Aurora,IL,60502,WW EXPRESS PM / SAVER PKG,International Express Saver,Intl Saver,Premium,International,Yes,3,817.88,257.4,560.48,21.0,,,No,Yes,No,No,SAMPLE_2025_04_VolumeSpend.xlsx,Synthetic,Payor View
2025,4,Apr,202504,Q2,2025-04-01,0009100013|VEN003,0009100013,Vendor Programs,No,VEN003,Vendor Programs - Print,Aurora,IL,60502,WW EXPEDITED / 2DA PKG,International Expedited,Intl Expedited,Expedited,International,Yes,1,207.49,63.9,143.59,6.0,,,No,Yes,No,No,SAMPLE_2025_04_VolumeSpend.xlsx,Synthetic,Payor View
2025,4,Apr,202504,Q2,2025-04-01,0009100013|VEN003,0009100013,Vendor Programs,No,VEN003,Vendor Programs - Print,Aurora,IL,60502,MISC / UNC,Excluded - Adjustments,Excluded,Non-Service,Not Applicable,No,0,740.38,740.38,0.0,0.0,,,Yes,No,Yes,No,SAMPLE_2025_04_VolumeSpend.xlsx,Synthetic,Payor View
2025,4,Apr,202504,Q2,2025-04-01,0009100013|VEN004,0009100013,Vendor Programs,No,VEN004,Vendor Programs - Fulfilment,Aurora,IL,60502,GROUND PKG,Ground,Ground,Deferred,Domestic,Yes,4068,163534.79,54104.31,109430.48,63332.9,,,No,Yes,No,No,SAMPLE_2025_04_VolumeSpend.xlsx,Synthetic,Payor View
2025,4,Apr,202504,Q2,2025-04-01,0009100013|VEN004,0009100013,Vendor Programs,No,VEN004,Vendor Programs - Fulfilment,Aurora,IL,60502,GROUND CWT,Ground,Ground,Deferred,Domestic,Yes,17,1657.71,552.58,1105.13,504.6,,,No,Yes,No,No,SAMPLE_2025_04_VolumeSpend.xlsx,Synthetic,Payor View
2025,4,Apr,202504,Q2,2025-04-01,0009100013|VEN004,0009100013,Vendor Programs,No,VEN004,Vendor Programs - Fulfilment,Aurora,IL,60502,STANDARD GROUND,Ground,Ground,Deferred,Domestic,Yes,61,1617.6,514.01,1103.59,517.7,,,No,Yes,No,No,SAMPLE_2025_04_VolumeSpend.xlsx,Synthetic,Payor View
2025,4,Apr,202504,Q2,2025-04-01,0009100013|VEN004,0009100013,Vendor Programs,No,VEN004,Vendor Programs - Fulfilment,Aurora,IL,60502,3DS PKG,3 Day Select,3DS,Deferred,Domestic,Yes,46,1737.12,589.71,1147.41,164.7,,,No,Yes,No,No,SAMPLE_2025_04_VolumeSpend.xlsx,Synthetic,Payor View
2025,4,Apr,202504,Q2,2025-04-01,0009100013|VEN004,0009100013,Vendor Programs,No,VEN004,Vendor Programs - Fulfilment,Aurora,IL,60502,2DA REG / EXPEDITED PKG,2nd Day Air / Expedited,2DA,Expedited,Domestic,Yes,400,26423.49,8459.5,17963.99,1411.6,,,No,Yes,No,No,SAMPLE_2025_04_VolumeSpend.xlsx,Synthetic,Payor View
2025,4,Apr,202504,Q2,2025-04-01,0009100013|VEN004,0009100013,Vendor Programs,No,VEN004,Vendor Programs - Fulfilment,Aurora,IL,60502,2DA REG / EXPEDITED LTR,2nd Day Air / Expedited,2DA,Expedited,Domestic,Yes,98,1275.03,471.3,803.73,50.5,,,No,Yes,No,No,SAMPLE_2025_04_VolumeSpend.xlsx,Synthetic,Payor View
2025,4,Apr,202504,Q2,2025-04-01,0009100013|VEN004,0009100013,Vendor Programs,No,VEN004,Vendor Programs - Fulfilment,Aurora,IL,60502,2DA AM PKG,2nd Day Air Early A.M.,2DA AM,Expedited,Domestic,Yes,22,217.39,78.01,139.38,5.9,,,No,Yes,No,No,SAMPLE_2025_04_VolumeSpend.xlsx,Synthetic,Payor View
2025,4,Apr,202504,Q2,2025-04-01,0009100013|VEN004,0009100013,Vendor Programs,No,VEN004,Vendor Programs - Fulfilment,Aurora,IL,60502,NDA PM / EXPRESS SAVER PKG,Next Day Air Saver,NDA Saver,Premium,Domestic,Yes,161,8371.28,2742.71,5628.57,190.5,,,No,Yes,No,No,SAMPLE_2025_04_VolumeSpend.xlsx,Synthetic,Payor View
2025,4,Apr,202504,Q2,2025-04-01,0009100013|VEN004,0009100013,Vendor Programs,No,VEN004,Vendor Programs - Fulfilment,Aurora,IL,60502,NDA PM / EXPRESS SAVER LTR,Next Day Air Saver,NDA Saver,Premium,Domestic,Yes,37,996.45,334.96,661.49,16.8,,,No,Yes,No,No,SAMPLE_2025_04_VolumeSpend.xlsx,Synthetic,Payor View
2025,4,Apr,202504,Q2,2025-04-01,0009100013|VEN004,0009100013,Vendor Programs,No,VEN004,Vendor Programs - Fulfilment,Aurora,IL,60502,NDA REG / EXPRESS PKG,Next Day Air / Express,NDA,Premium,Domestic,Yes,281,21895.86,7297.88,14597.98,810.1,,,No,Yes,No,No,SAMPLE_2025_04_VolumeSpend.xlsx,Synthetic,Payor View
2025,4,Apr,202504,Q2,2025-04-01,0009100013|VEN004,0009100013,Vendor Programs,No,VEN004,Vendor Programs - Fulfilment,Aurora,IL,60502,NDA REG / EXPRESS LTR,Next Day Air / Express,NDA,Premium,Domestic,Yes,375,8704.7,3210.24,5494.46,170.5,,,No,Yes,No,No,SAMPLE_2025_04_VolumeSpend.xlsx,Synthetic,Payor View
2025,4,Apr,202504,Q2,2025-04-01,0009100013|VEN004,0009100013,Vendor Programs,No,VEN004,Vendor Programs - Fulfilment,Aurora,IL,60502,NDA AM / EXPRESS PLUS PKG,Next Day Air Early,NDA Early,Premium,Domestic,Yes,4,1127.01,415.39,711.62,9.4,,,No,Yes,No,No,SAMPLE_2025_04_VolumeSpend.xlsx,Synthetic,Payor View
2025,4,Apr,202504,Q2,2025-04-01,0009100013|VEN004,0009100013,Vendor Programs,No,VEN004,Vendor Programs - Fulfilment,Aurora,IL,60502,WW EXPRESS REG PKG,International Express,Intl Express,Premium,International,Yes,4,1530.85,526.08,1004.77,39.0,,,No,Yes,No,No,SAMPLE_2025_04_VolumeSpend.xlsx,Synthetic,Payor View
2025,4,Apr,202504,Q2,2025-04-01,0009100013|VEN004,0009100013,Vendor Programs,No,VEN004,Vendor Programs - Fulfilment,Aurora,IL,60502,WW EXPRESS PM / SAVER PKG,International Express Saver,Intl Saver,Premium,International,Yes,3,964.61,350.43,614.18,27.2,,,No,Yes,No,No,SAMPLE_2025_04_VolumeSpend.xlsx,Synthetic,Payor View
2025,4,Apr,202504,Q2,2025-04-01,0009100013|VEN004,0009100013,Vendor Programs,No,VEN004,Vendor Programs - Fulfilment,Aurora,IL,60502,WW EXPEDITED / 2DA PKG,International Expedited,Intl Expedited,Expedited,International,Yes,1,289.64,91.53,198.11,7.3,,,No,Yes,No,No,SAMPLE_2025_04_VolumeSpend.xlsx,Synthetic,Payor View
2025,4,Apr,202504,Q2,2025-04-01,0009100013|VEN004,0009100013,Vendor Programs,No,VEN004,Vendor Programs - Fulfilment,Aurora,IL,60502,MISC / UNC,Excluded - Adjustments,Excluded,Non-Service,Not Applicable,No,0,994.22,994.22,0.0,0.0,,,Yes,No,Yes,No,SAMPLE_2025_04_VolumeSpend.xlsx,Synthetic,Payor View
2025,4,Apr,202504,Q2,2025-04-01,0009100014|FLD005,0009100014,Field Administration,No,FLD005,Field Administration - North,Madison,WI,53703,GROUND PKG,Ground,Ground,Deferred,Domestic,Yes,8210,362361.2,119208.97,243152.23,138623.0,,,No,Yes,No,No,SAMPLE_2025_04_VolumeSpend.xlsx,Synthetic,Payor View
2025,4,Apr,202504,Q2,2025-04-01,0009100014|FLD005,0009100014,Field Administration,No,FLD005,Field Administration - North,Madison,WI,53703,GROUND CWT,Ground,Ground,Deferred,Domestic,Yes,37,3313.9,1208.78,2105.12,980.2,,,No,Yes,No,No,SAMPLE_2025_04_VolumeSpend.xlsx,Synthetic,Payor View
2025,4,Apr,202504,Q2,2025-04-01,0009100014|FLD005,0009100014,Field Administration,No,FLD005,Field Administration - North,Madison,WI,53703,STANDARD GROUND,Ground,Ground,Deferred,Domestic,Yes,129,3850.88,1248.94,2601.94,1312.7,,,No,Yes,No,No,SAMPLE_2025_04_VolumeSpend.xlsx,Synthetic,Payor View
2025,4,Apr,202504,Q2,2025-04-01,0009100014|FLD005,0009100014,Field Administration,No,FLD005,Field Administration - North,Madison,WI,53703,3DS PKG,3 Day Select,3DS,Deferred,Domestic,Yes,83,3253.42,1031.68,2221.74,299.0,,,No,Yes,No,No,SAMPLE_2025_04_VolumeSpend.xlsx,Synthetic,Payor View
2025,4,Apr,202504,Q2,2025-04-01,0009100014|FLD005,0009100014,Field Administration,No,FLD005,Field Administration - North,Madison,WI,53703,2DA REG / EXPEDITED PKG,2nd Day Air / Expedited,2DA,Expedited,Domestic,Yes,764,46507.25,16392.59,30114.66,2643.7,,,No,Yes,No,No,SAMPLE_2025_04_VolumeSpend.xlsx,Synthetic,Payor View
2025,4,Apr,202504,Q2,2025-04-01,0009100014|FLD005,0009100014,Field Administration,No,FLD005,Field Administration - North,Madison,WI,53703,2DA REG / EXPEDITED LTR,2nd Day Air / Expedited,2DA,Expedited,Domestic,Yes,194,2519.23,939.8,1579.43,99.4,,,No,Yes,No,No,SAMPLE_2025_04_VolumeSpend.xlsx,Synthetic,Payor View
2025,4,Apr,202504,Q2,2025-04-01,0009100014|FLD005,0009100014,Field Administration,No,FLD005,Field Administration - North,Madison,WI,53703,2DA AM PKG,2nd Day Air Early A.M.,2DA AM,Expedited,Domestic,Yes,45,485.68,176.26,309.42,15.4,,,No,Yes,No,No,SAMPLE_2025_04_VolumeSpend.xlsx,Synthetic,Payor View
2025,4,Apr,202504,Q2,2025-04-01,0009100014|FLD005,0009100014,Field Administration,No,FLD005,Field Administration - North,Madison,WI,53703,NDA PM / EXPRESS SAVER PKG,Next Day Air Saver,NDA Saver,Premium,Domestic,Yes,318,14739.89,4685.91,10053.98,296.6,,,No,Yes,No,No,SAMPLE_2025_04_VolumeSpend.xlsx,Synthetic,Payor View
2025,4,Apr,202504,Q2,2025-04-01,0009100014|FLD005,0009100014,Field Administration,No,FLD005,Field Administration - North,Madison,WI,53703,NDA PM / EXPRESS SAVER LTR,Next Day Air Saver,NDA Saver,Premium,Domestic,Yes,79,2162.19,733.93,1428.26,31.4,,,No,Yes,No,No,SAMPLE_2025_04_VolumeSpend.xlsx,Synthetic,Payor View
2025,4,Apr,202504,Q2,2025-04-01,0009100014|FLD005,0009100014,Field Administration,No,FLD005,Field Administration - North,Madison,WI,53703,NDA REG / EXPRESS PKG,Next Day Air / Express,NDA,Premium,Domestic,Yes,627,53204.01,19830.5,33373.51,2132.4,,,No,Yes,No,No,SAMPLE_2025_04_VolumeSpend.xlsx,Synthetic,Payor View
2025,4,Apr,202504,Q2,2025-04-01,0009100014|FLD005,0009100014,Field Administration,No,FLD005,Field Administration - North,Madison,WI,53703,NDA REG / EXPRESS LTR,Next Day Air / Express,NDA,Premium,Domestic,Yes,986,29201.62,9048.32,20153.3,450.4,,,No,Yes,No,No,SAMPLE_2025_04_VolumeSpend.xlsx,Synthetic,Payor View
2025,4,Apr,202504,Q2,2025-04-01,0009100014|FLD005,0009100014,Field Administration,No,FLD005,Field Administration - North,Madison,WI,53703,NDA AM / EXPRESS PLUS PKG,Next Day Air Early,NDA Early,Premium,Domestic,Yes,6,1838.13,574.71,1263.42,14.1,,,No,Yes,No,No,SAMPLE_2025_04_VolumeSpend.xlsx,Synthetic,Payor View
2025,4,Apr,202504,Q2,2025-04-01,0009100014|FLD005,0009100014,Field Administration,No,FLD005,Field Administration - North,Madison,WI,53703,WW EXPRESS REG PKG,International Express,Intl Express,Premium,International,Yes,8,3045.0,1097.58,1947.42,82.0,,,No,Yes,No,No,SAMPLE_2025_04_VolumeSpend.xlsx,Synthetic,Payor View
2025,4,Apr,202504,Q2,2025-04-01,0009100014|FLD005,0009100014,Field Administration,No,FLD005,Field Administration - North,Madison,WI,53703,WW EXPRESS PM / SAVER PKG,International Express Saver,Intl Saver,Premium,International,Yes,4,1286.92,448.46,838.46,35.3,,,No,Yes,No,No,SAMPLE_2025_04_VolumeSpend.xlsx,Synthetic,Payor View
2025,4,Apr,202504,Q2,2025-04-01,0009100014|FLD005,0009100014,Field Administration,No,FLD005,Field Administration - North,Madison,WI,53703,WW EXPEDITED / 2DA PKG,International Expedited,Intl Expedited,Expedited,International,Yes,2,523.64,167.08,356.56,12.8,,,No,Yes,No,No,SAMPLE_2025_04_VolumeSpend.xlsx,Synthetic,Payor View
2025,4,Apr,202504,Q2,2025-04-01,0009100014|FLD005,0009100014,Field Administration,No,FLD005,Field Administration - North,Madison,WI,53703,MISC / UNC,Excluded - Adjustments,Excluded,Non-Service,Not Applicable,No,0,1310.57,1310.57,0.0,0.0,,,Yes,No,Yes,No,SAMPLE_2025_04_VolumeSpend.xlsx,Synthetic,Payor View
2025,4,Apr,202504,Q2,2025-04-01,0009100015|HQX006,0009100015,Corporate HQ,No,HQX006,Corporate HQ - Facilities,Columbus,OH,43004,GROUND PKG,Ground,Ground,Deferred,Domestic,Yes,2257,103675.49,31983.85,71691.64,38654.1,,,No,Yes,No,No,SAMPLE_2025_04_VolumeSpend.xlsx,Synthetic,Payor View
2025,4,Apr,202504,Q2,2025-04-01,0009100015|HQX006,0009100015,Corporate HQ,No,HQX006,Corporate HQ - Facilities,Columbus,OH,43004,GROUND CWT,Ground,Ground,Deferred,Domestic,Yes,10,1149.12,354.22,794.9,328.9,,,No,Yes,No,No,SAMPLE_2025_04_VolumeSpend.xlsx,Synthetic,Payor View
2025,4,Apr,202504,Q2,2025-04-01,0009100015|HQX006,0009100015,Corporate HQ,No,HQX006,Corporate HQ - Facilities,Columbus,OH,43004,STANDARD GROUND,Ground,Ground,Deferred,Domestic,Yes,30,872.11,293.45,578.66,315.4,,,No,Yes,No,No,SAMPLE_2025_04_VolumeSpend.xlsx,Synthetic,Payor View
2025,4,Apr,202504,Q2,2025-04-01,0009100015|HQX006,0009100015,Corporate HQ,No,HQX006,Corporate HQ - Facilities,Columbus,OH,43004,3DS PKG,3 Day Select,3DS,Deferred,Domestic,Yes,29,1465.44,487.38,978.06,116.1,,,No,Yes,No,No,SAMPLE_2025_04_VolumeSpend.xlsx,Synthetic,Payor View
2025,4,Apr,202504,Q2,2025-04-01,0009100015|HQX006,0009100015,Corporate HQ,No,HQX006,Corporate HQ - Facilities,Columbus,OH,43004,2DA REG / EXPEDITED PKG,2nd Day Air / Expedited,2DA,Expedited,Domestic,Yes,223,13151.38,4833.39,8317.99,756.8,,,No,Yes,No,No,SAMPLE_2025_04_VolumeSpend.xlsx,Synthetic,Payor View
2025,4,Apr,202504,Q2,2025-04-01,0009100015|HQX006,0009100015,Corporate HQ,No,HQX006,Corporate HQ - Facilities,Columbus,OH,43004,2DA REG / EXPEDITED LTR,2nd Day Air / Expedited,2DA,Expedited,Domestic,Yes,69,1070.35,346.36,723.99,31.8,,,No,Yes,No,No,SAMPLE_2025_04_VolumeSpend.xlsx,Synthetic,Payor View
2025,4,Apr,202504,Q2,2025-04-01,0009100015|HQX006,0009100015,Corporate HQ,No,HQX006,Corporate HQ - Facilities,Columbus,OH,43004,2DA AM PKG,2nd Day Air Early A.M.,2DA AM,Expedited,Domestic,Yes,13,122.29,40.68,81.61,3.7,,,No,Yes,No,No,SAMPLE_2025_04_VolumeSpend.xlsx,Synthetic,Payor View
2025,4,Apr,202504,Q2,2025-04-01,0009100015|HQX006,0009100015,Corporate HQ,No,HQX006,Corporate HQ - Facilities,Columbus,OH,43004,NDA PM / EXPRESS SAVER PKG,Next Day Air Saver,NDA Saver,Premium,Domestic,Yes,105,5171.48,1678.63,3492.85,102.5,,,No,Yes,No,No,SAMPLE_2025_04_VolumeSpend.xlsx,Synthetic,Payor View
2025,4,Apr,202504,Q2,2025-04-01,0009100015|HQX006,0009100015,Corporate HQ,No,HQX006,Corporate HQ - Facilities,Columbus,OH,43004,NDA PM / EXPRESS SAVER LTR,Next Day Air Saver,NDA Saver,Premium,Domestic,Yes,20,402.88,148.45,254.43,7.2,,,No,Yes,No,No,SAMPLE_2025_04_VolumeSpend.xlsx,Synthetic,Payor View
2025,4,Apr,202504,Q2,2025-04-01,0009100015|HQX006,0009100015,Corporate HQ,No,HQX006,Corporate HQ - Facilities,Columbus,OH,43004,NDA REG / EXPRESS PKG,Next Day Air / Express,NDA,Premium,Domestic,Yes,173,11403.51,3986.41,7417.1,445.4,,,No,Yes,No,No,SAMPLE_2025_04_VolumeSpend.xlsx,Synthetic,Payor View
2025,4,Apr,202504,Q2,2025-04-01,0009100015|HQX006,0009100015,Corporate HQ,No,HQX006,Corporate HQ - Facilities,Columbus,OH,43004,NDA REG / EXPRESS LTR,Next Day Air / Express,NDA,Premium,Domestic,Yes,261,6583.56,2423.13,4160.43,117.5,,,No,Yes,No,No,SAMPLE_2025_04_VolumeSpend.xlsx,Synthetic,Payor View
2025,4,Apr,202504,Q2,2025-04-01,0009100015|HQX006,0009100015,Corporate HQ,No,HQX006,Corporate HQ - Facilities,Columbus,OH,43004,NDA AM / EXPRESS PLUS PKG,Next Day Air Early,NDA Early,Premium,Domestic,Yes,1,271.89,93.58,178.31,2.1,,,No,Yes,No,No,SAMPLE_2025_04_VolumeSpend.xlsx,Synthetic,Payor View
2025,4,Apr,202504,Q2,2025-04-01,0009100015|HQX006,0009100015,Corporate HQ,No,HQX006,Corporate HQ - Facilities,Columbus,OH,43004,WW EXPRESS REG PKG,International Express,Intl Express,Premium,International,Yes,2,645.1,207.63,437.47,16.6,,,No,Yes,No,No,SAMPLE_2025_04_VolumeSpend.xlsx,Synthetic,Payor View
2025,4,Apr,202504,Q2,2025-04-01,0009100015|HQX006,0009100015,Corporate HQ,No,HQX006,Corporate HQ - Facilities,Columbus,OH,43004,WW EXPRESS PM / SAVER PKG,International Express Saver,Intl Saver,Premium,International,Yes,1,282.96,98.02,184.94,8.1,,,No,Yes,No,No,SAMPLE_2025_04_VolumeSpend.xlsx,Synthetic,Payor View
2025,4,Apr,202504,Q2,2025-04-01,0009100015|HQX006,0009100015,Corporate HQ,No,HQX006,Corporate HQ - Facilities,Columbus,OH,43004,MISC / UNC,Excluded - Adjustments,Excluded,Non-Service,Not Applicable,No,0,386.49,386.49,0.0,0.0,,,Yes,No,Yes,No,SAMPLE_2025_04_VolumeSpend.xlsx,Synthetic,Payor View
2025,4,Apr,202504,Q2,2025-04-01,0009100016|RTL007,0009100016,Retail Partner Network,No,RTL007,Retail Partner Network - Stores,Phoenix,AZ,85004,GROUND PKG,Ground,Ground,Deferred,Domestic,Yes,11539,530544.24,176768.18,353776.06,219581.6,,,No,Yes,No,No,SAMPLE_2025_04_VolumeSpend.xlsx,Synthetic,Payor View
2025,4,Apr,202504,Q2,2025-04-01,0009100016|RTL007,0009100016,Retail Partner Network,No,RTL007,Retail Partner Network - Stores,Phoenix,AZ,85004,GROUND CWT,Ground,Ground,Deferred,Domestic,Yes,49,4111.52,1447.96,2663.56,1259.5,,,No,Yes,No,No,SAMPLE_2025_04_VolumeSpend.xlsx,Synthetic,Payor View
2025,4,Apr,202504,Q2,2025-04-01,0009100016|RTL007,0009100016,Retail Partner Network,No,RTL007,Retail Partner Network - Stores,Phoenix,AZ,85004,STANDARD GROUND,Ground,Ground,Deferred,Domestic,Yes,221,4796.41,1780.03,3016.38,1660.3,,,No,Yes,No,No,SAMPLE_2025_04_VolumeSpend.xlsx,Synthetic,Payor View
2025,4,Apr,202504,Q2,2025-04-01,0009100016|RTL007,0009100016,Retail Partner Network,No,RTL007,Retail Partner Network - Stores,Phoenix,AZ,85004,3DS PKG,3 Day Select,3DS,Deferred,Domestic,Yes,130,4893.08,1576.36,3316.72,450.9,,,No,Yes,No,No,SAMPLE_2025_04_VolumeSpend.xlsx,Synthetic,Payor View
2025,4,Apr,202504,Q2,2025-04-01,0009100016|RTL007,0009100016,Retail Partner Network,No,RTL007,Retail Partner Network - Stores,Phoenix,AZ,85004,2DA REG / EXPEDITED PKG,2nd Day Air / Expedited,2DA,Expedited,Domestic,Yes,1285,90297.53,28237.89,62059.64,4618.9,,,No,Yes,No,No,SAMPLE_2025_04_VolumeSpend.xlsx,Synthetic,Payor View
2025,4,Apr,202504,Q2,2025-04-01,0009100016|RTL007,0009100016,Retail Partner Network,No,RTL007,Retail Partner Network - Stores,Phoenix,AZ,85004,2DA REG / EXPEDITED LTR,2nd Day Air / Expedited,2DA,Expedited,Domestic,Yes,251,4125.15,1283.95,2841.2,122.4,,,No,Yes,No,No,SAMPLE_2025_04_VolumeSpend.xlsx,Synthetic,Payor View
2025,4,Apr,202504,Q2,2025-04-01,0009100016|RTL007,0009100016,Retail Partner Network,No,RTL007,Retail Partner Network - Stores,Phoenix,AZ,85004,2DA AM PKG,2nd Day Air Early A.M.,2DA AM,Expedited,Domestic,Yes,62,693.65,255.45,438.2,20.9,,,No,Yes,No,No,SAMPLE_2025_04_VolumeSpend.xlsx,Synthetic,Payor View
2025,4,Apr,202504,Q2,2025-04-01,0009100016|RTL007,0009100016,Retail Partner Network,No,RTL007,Retail Partner Network - Stores,Phoenix,AZ,85004,NDA PM / EXPRESS SAVER PKG,Next Day Air Saver,NDA Saver,Premium,Domestic,Yes,462,21347.91,7837.36,13510.55,551.6,,,No,Yes,No,No,SAMPLE_2025_04_VolumeSpend.xlsx,Synthetic,Payor View
2025,4,Apr,202504,Q2,2025-04-01,0009100016|RTL007,0009100016,Retail Partner Network,No,RTL007,Retail Partner Network - Stores,Phoenix,AZ,85004,NDA PM / EXPRESS SAVER LTR,Next Day Air Saver,NDA Saver,Premium,Domestic,Yes,145,4217.21,1544.34,2672.87,63.4,,,No,Yes,No,No,SAMPLE_2025_04_VolumeSpend.xlsx,Synthetic,Payor View
2025,4,Apr,202504,Q2,2025-04-01,0009100016|RTL007,0009100016,Retail Partner Network,No,RTL007,Retail Partner Network - Stores,Phoenix,AZ,85004,NDA REG / EXPRESS PKG,Next Day Air / Express,NDA,Premium,Domestic,Yes,874,87870.82,28457.01,59413.81,3061.6,,,No,Yes,No,No,SAMPLE_2025_04_VolumeSpend.xlsx,Synthetic,Payor View
2025,4,Apr,202504,Q2,2025-04-01,0009100016|RTL007,0009100016,Retail Partner Network,No,RTL007,Retail Partner Network - Stores,Phoenix,AZ,85004,NDA REG / EXPRESS LTR,Next Day Air / Express,NDA,Premium,Domestic,Yes,938,18259.02,6207.46,12051.56,326.2,,,No,Yes,No,No,SAMPLE_2025_04_VolumeSpend.xlsx,Synthetic,Payor View
2025,4,Apr,202504,Q2,2025-04-01,0009100016|RTL007,0009100016,Retail Partner Network,No,RTL007,Retail Partner Network - Stores,Phoenix,AZ,85004,NDA AM / EXPRESS PLUS PKG,Next Day Air Early,NDA Early,Premium,Domestic,Yes,9,2140.77,752.69,1388.08,17.7,,,No,Yes,No,No,SAMPLE_2025_04_VolumeSpend.xlsx,Synthetic,Payor View
2025,4,Apr,202504,Q2,2025-04-01,0009100016|RTL007,0009100016,Retail Partner Network,No,RTL007,Retail Partner Network - Stores,Phoenix,AZ,85004,WW EXPRESS REG PKG,International Express,Intl Express,Premium,International,Yes,12,4720.53,1520.03,3200.5,100.5,,,No,Yes,No,No,SAMPLE_2025_04_VolumeSpend.xlsx,Synthetic,Payor View
2025,4,Apr,202504,Q2,2025-04-01,0009100016|RTL007,0009100016,Retail Partner Network,No,RTL007,Retail Partner Network - Stores,Phoenix,AZ,85004,WW EXPRESS PM / SAVER PKG,International Express Saver,Intl Saver,Premium,International,Yes,7,2534.11,854.55,1679.56,62.2,,,No,Yes,No,No,SAMPLE_2025_04_VolumeSpend.xlsx,Synthetic,Payor View
2025,4,Apr,202504,Q2,2025-04-01,0009100016|RTL007,0009100016,Retail Partner Network,No,RTL007,Retail Partner Network - Stores,Phoenix,AZ,85004,WW EXPEDITED / 2DA PKG,International Expedited,Intl Expedited,Expedited,International,Yes,2,407.94,133.7,274.24,12.3,,,No,Yes,No,No,SAMPLE_2025_04_VolumeSpend.xlsx,Synthetic,Payor View
2025,4,Apr,202504,Q2,2025-04-01,0009100016|RTL007,0009100016,Retail Partner Network,No,RTL007,Retail Partner Network - Stores,Phoenix,AZ,85004,MISC / UNC,Excluded - Adjustments,Excluded,Non-Service,Not Applicable,No,0,2252.52,2252.52,0.0,0.0,,,Yes,No,Yes,No,SAMPLE_2025_04_VolumeSpend.xlsx,Synthetic,Payor View
2025,4,Apr,202504,Q2,2025-04-01,0009100017|CSH008,0009100017,Cash Operations,No,CSH008,Cash Operations - Processing,Newark,NJ,07102,GROUND PKG,Ground,Ground,Deferred,Domestic,Yes,3138,165769.59,54177.57,111592.02,57742.6,,,No,Yes,No,No,SAMPLE_2025_04_VolumeSpend.xlsx,Synthetic,Payor View
2025,4,Apr,202504,Q2,2025-04-01,0009100017|CSH008,0009100017,Cash Operations,No,CSH008,Cash Operations - Processing,Newark,NJ,07102,GROUND CWT,Ground,Ground,Deferred,Domestic,Yes,22,2600.01,895.31,1704.7,754.1,,,No,Yes,No,No,SAMPLE_2025_04_VolumeSpend.xlsx,Synthetic,Payor View
2025,4,Apr,202504,Q2,2025-04-01,0009100017|CSH008,0009100017,Cash Operations,No,CSH008,Cash Operations - Processing,Newark,NJ,07102,STANDARD GROUND,Ground,Ground,Deferred,Domestic,Yes,53,1356.48,450.0,906.48,442.3,,,No,Yes,No,No,SAMPLE_2025_04_VolumeSpend.xlsx,Synthetic,Payor View
2025,4,Apr,202504,Q2,2025-04-01,0009100017|CSH008,0009100017,Cash Operations,No,CSH008,Cash Operations - Processing,Newark,NJ,07102,3DS PKG,3 Day Select,3DS,Deferred,Domestic,Yes,61,3164.32,1062.79,2101.53,259.6,,,No,Yes,No,No,SAMPLE_2025_04_VolumeSpend.xlsx,Synthetic,Payor View
2025,4,Apr,202504,Q2,2025-04-01,0009100017|CSH008,0009100017,Cash Operations,No,CSH008,Cash Operations - Processing,Newark,NJ,07102,2DA REG / EXPEDITED PKG,2nd Day Air / Expedited,2DA,Expedited,Domestic,Yes,472,23883.07,7501.51,16381.56,1270.6,,,No,Yes,No,No,SAMPLE_2025_04_VolumeSpend.xlsx,Synthetic,Payor View
2025,4,Apr,202504,Q2,2025-04-01,0009100017|CSH008,0009100017,Cash Operations,No,CSH008,Cash Operations - Processing,Newark,NJ,07102,2DA REG / EXPEDITED LTR,2nd Day Air / Expedited,2DA,Expedited,Domestic,Yes,98,1887.4,606.32,1281.08,54.7,,,No,Yes,No,No,SAMPLE_2025_04_VolumeSpend.xlsx,Synthetic,Payor View
2025,4,Apr,202504,Q2,2025-04-01,0009100017|CSH008,0009100017,Cash Operations,No,CSH008,Cash Operations - Processing,Newark,NJ,07102,2DA AM PKG,2nd Day Air Early A.M.,2DA AM,Expedited,Domestic,Yes,25,239.2,75.31,163.89,6.8,,,No,Yes,No,No,SAMPLE_2025_04_VolumeSpend.xlsx,Synthetic,Payor View
2025,4,Apr,202504,Q2,2025-04-01,0009100017|CSH008,0009100017,Cash Operations,No,CSH008,Cash Operations - Processing,Newark,NJ,07102,NDA PM / EXPRESS SAVER PKG,Next Day Air Saver,NDA Saver,Premium,Domestic,Yes,172,7545.52,2562.26,4983.26,173.6,,,No,Yes,No,No,SAMPLE_2025_04_VolumeSpend.xlsx,Synthetic,Payor View
2025,4,Apr,202504,Q2,2025-04-01,0009100017|CSH008,0009100017,Cash Operations,No,CSH008,Cash Operations - Processing,Newark,NJ,07102,NDA PM / EXPRESS SAVER LTR,Next Day Air Saver,NDA Saver,Premium,Domestic,Yes,39,1156.98,363.18,793.8,17.1,,,No,Yes,No,No,SAMPLE_2025_04_VolumeSpend.xlsx,Synthetic,Payor View
2025,4,Apr,202504,Q2,2025-04-01,0009100017|CSH008,0009100017,Cash Operations,No,CSH008,Cash Operations - Processing,Newark,NJ,07102,NDA REG / EXPRESS PKG,Next Day Air / Express,NDA,Premium,Domestic,Yes,352,30285.66,10389.81,19895.85,1074.3,,,No,Yes,No,No,SAMPLE_2025_04_VolumeSpend.xlsx,Synthetic,Payor View
2025,4,Apr,202504,Q2,2025-04-01,0009100017|CSH008,0009100017,Cash Operations,No,CSH008,Cash Operations - Processing,Newark,NJ,07102,NDA REG / EXPRESS LTR,Next Day Air / Express,NDA,Premium,Domestic,Yes,391,11342.54,3710.64,7631.9,167.7,,,No,Yes,No,No,SAMPLE_2025_04_VolumeSpend.xlsx,Synthetic,Payor View
2025,4,Apr,202504,Q2,2025-04-01,0009100017|CSH008,0009100017,Cash Operations,No,CSH008,Cash Operations - Processing,Newark,NJ,07102,NDA AM / EXPRESS PLUS PKG,Next Day Air Early,NDA Early,Premium,Domestic,Yes,2,470.17,167.32,302.85,3.8,,,No,Yes,No,No,SAMPLE_2025_04_VolumeSpend.xlsx,Synthetic,Payor View
2025,4,Apr,202504,Q2,2025-04-01,0009100017|CSH008,0009100017,Cash Operations,No,CSH008,Cash Operations - Processing,Newark,NJ,07102,WW EXPRESS REG PKG,International Express,Intl Express,Premium,International,Yes,4,1638.73,502.04,1136.69,37.0,,,No,Yes,No,No,SAMPLE_2025_04_VolumeSpend.xlsx,Synthetic,Payor View
2025,4,Apr,202504,Q2,2025-04-01,0009100017|CSH008,0009100017,Cash Operations,No,CSH008,Cash Operations - Processing,Newark,NJ,07102,WW EXPRESS PM / SAVER PKG,International Express Saver,Intl Saver,Premium,International,Yes,2,520.99,189.19,331.8,13.6,,,No,Yes,No,No,SAMPLE_2025_04_VolumeSpend.xlsx,Synthetic,Payor View
2025,4,Apr,202504,Q2,2025-04-01,0009100017|CSH008,0009100017,Cash Operations,No,CSH008,Cash Operations - Processing,Newark,NJ,07102,WW EXPEDITED / 2DA PKG,International Expedited,Intl Expedited,Expedited,International,Yes,1,242.58,75.48,167.1,7.1,,,No,Yes,No,No,SAMPLE_2025_04_VolumeSpend.xlsx,Synthetic,Payor View
2025,4,Apr,202504,Q2,2025-04-01,0009100017|CSH008,0009100017,Cash Operations,No,CSH008,Cash Operations - Processing,Newark,NJ,07102,MISC / UNC,Excluded - Adjustments,Excluded,Non-Service,Not Applicable,No,0,436.71,436.71,0.0,0.0,,,Yes,No,Yes,No,SAMPLE_2025_04_VolumeSpend.xlsx,Synthetic,Payor View
2025,4,Apr,202504,Q2,2025-04-01,@@|TCO009,@@,Unassigned Sub-Parent,Yes,TCO009,Transfer Co Operations,Whippany,NJ,07981,GROUND PKG,Ground,Ground,Deferred,Domestic,Yes,476,18815.08,6275.35,12539.73,7479.0,,,No,Yes,No,No,SAMPLE_2025_04_VolumeSpend.xlsx,Synthetic,Payor View
2025,4,Apr,202504,Q2,2025-04-01,@@|TCO009,@@,Unassigned Sub-Parent,Yes,TCO009,Transfer Co Operations,Whippany,NJ,07981,GROUND CWT,Ground,Ground,Deferred,Domestic,Yes,3,308.77,104.12,204.65,87.2,,,No,Yes,No,No,SAMPLE_2025_04_VolumeSpend.xlsx,Synthetic,Payor View
2025,4,Apr,202504,Q2,2025-04-01,@@|TCO009,@@,Unassigned Sub-Parent,Yes,TCO009,Transfer Co Operations,Whippany,NJ,07981,STANDARD GROUND,Ground,Ground,Deferred,Domestic,Yes,8,257.12,80.89,176.23,74.9,,,No,Yes,No,No,SAMPLE_2025_04_VolumeSpend.xlsx,Synthetic,Payor View
2025,4,Apr,202504,Q2,2025-04-01,@@|TCO009,@@,Unassigned Sub-Parent,Yes,TCO009,Transfer Co Operations,Whippany,NJ,07981,3DS PKG,3 Day Select,3DS,Deferred,Domestic,Yes,7,225.69,74.37,151.32,21.8,,,No,Yes,No,No,SAMPLE_2025_04_VolumeSpend.xlsx,Synthetic,Payor View
2025,4,Apr,202504,Q2,2025-04-01,@@|TCO009,@@,Unassigned Sub-Parent,Yes,TCO009,Transfer Co Operations,Whippany,NJ,07981,2DA REG / EXPEDITED PKG,2nd Day Air / Expedited,2DA,Expedited,Domestic,Yes,63,3736.43,1245.46,2490.97,199.6,,,No,Yes,No,No,SAMPLE_2025_04_VolumeSpend.xlsx,Synthetic,Payor View
2025,4,Apr,202504,Q2,2025-04-01,@@|TCO009,@@,Unassigned Sub-Parent,Yes,TCO009,Transfer Co Operations,Whippany,NJ,07981,2DA REG / EXPEDITED LTR,2nd Day Air / Expedited,2DA,Expedited,Domestic,Yes,18,303.35,106.32,197.03,10.5,,,No,Yes,No,No,SAMPLE_2025_04_VolumeSpend.xlsx,Synthetic,Payor View
2025,4,Apr,202504,Q2,2025-04-01,@@|TCO009,@@,Unassigned Sub-Parent,Yes,TCO009,Transfer Co Operations,Whippany,NJ,07981,2DA AM PKG,2nd Day Air Early A.M.,2DA AM,Expedited,Domestic,Yes,3,31.26,10.91,20.35,1.0,,,No,Yes,No,No,SAMPLE_2025_04_VolumeSpend.xlsx,Synthetic,Payor View
2025,4,Apr,202504,Q2,2025-04-01,@@|TCO009,@@,Unassigned Sub-Parent,Yes,TCO009,Transfer Co Operations,Whippany,NJ,07981,NDA PM / EXPRESS SAVER PKG,Next Day Air Saver,NDA Saver,Premium,Domestic,Yes,24,1004.09,364.71,639.38,24.5,,,No,Yes,No,No,SAMPLE_2025_04_VolumeSpend.xlsx,Synthetic,Payor View
2025,4,Apr,202504,Q2,2025-04-01,@@|TCO009,@@,Unassigned Sub-Parent,Yes,TCO009,Transfer Co Operations,Whippany,NJ,07981,NDA PM / EXPRESS SAVER LTR,Next Day Air Saver,NDA Saver,Premium,Domestic,Yes,7,205.3,75.18,130.12,3.1,,,No,Yes,No,No,SAMPLE_2025_04_VolumeSpend.xlsx,Synthetic,Payor View
2025,4,Apr,202504,Q2,2025-04-01,@@|TCO009,@@,Unassigned Sub-Parent,Yes,TCO009,Transfer Co Operations,Whippany,NJ,07981,NDA REG / EXPRESS PKG,Next Day Air / Express,NDA,Premium,Domestic,Yes,51,3673.59,1366.35,2307.24,138.3,,,No,Yes,No,No,SAMPLE_2025_04_VolumeSpend.xlsx,Synthetic,Payor View
2025,4,Apr,202504,Q2,2025-04-01,@@|TCO009,@@,Unassigned Sub-Parent,Yes,TCO009,Transfer Co Operations,Whippany,NJ,07981,NDA REG / EXPRESS LTR,Next Day Air / Express,NDA,Premium,Domestic,Yes,74,2016.09,627.71,1388.38,32.5,,,No,Yes,No,No,SAMPLE_2025_04_VolumeSpend.xlsx,Synthetic,Payor View
2025,4,Apr,202504,Q2,2025-04-01,@@|TCO009,@@,Unassigned Sub-Parent,Yes,TCO009,Transfer Co Operations,Whippany,NJ,07981,MISC / UNC,Excluded - Adjustments,Excluded,Non-Service,Not Applicable,No,0,168.08,168.08,0.0,0.0,,,Yes,No,Yes,No,SAMPLE_2025_04_VolumeSpend.xlsx,Synthetic,Payor View
2025,5,May,202505,Q2,2025-05-01,0009100011|TCH001,0009100011,Technology Operations,No,TCH001,Technology Operations - Central,Columbus,OH,43004,GROUND PKG,Ground,Ground,Deferred,Domestic,Yes,19045,889095.85,302843.85,586252.0,363112.1,,,No,Yes,No,No,SAMPLE_2025_05_VolumeSpend.xlsx,Synthetic,Payor View
2025,5,May,202505,Q2,2025-05-01,0009100011|TCH001,0009100011,Technology Operations,No,TCH001,Technology Operations - Central,Columbus,OH,43004,GROUND CWT,Ground,Ground,Deferred,Domestic,Yes,105,12573.04,3901.15,8671.89,3372.1,,,No,Yes,No,No,SAMPLE_2025_05_VolumeSpend.xlsx,Synthetic,Payor View
2025,5,May,202505,Q2,2025-05-01,0009100011|TCH001,0009100011,Technology Operations,No,TCH001,Technology Operations - Central,Columbus,OH,43004,STANDARD GROUND,Ground,Ground,Deferred,Domestic,Yes,271,6887.97,2573.25,4314.72,2377.7,,,No,Yes,No,No,SAMPLE_2025_05_VolumeSpend.xlsx,Synthetic,Payor View
2025,5,May,202505,Q2,2025-05-01,0009100011|TCH001,0009100011,Technology Operations,No,TCH001,Technology Operations - Central,Columbus,OH,43004,3DS PKG,3 Day Select,3DS,Deferred,Domestic,Yes,300,12766.1,4470.82,8295.28,1107.0,,,No,Yes,No,No,SAMPLE_2025_05_VolumeSpend.xlsx,Synthetic,Payor View
2025,5,May,202505,Q2,2025-05-01,0009100011|TCH001,0009100011,Technology Operations,No,TCH001,Technology Operations - Central,Columbus,OH,43004,2DA REG / EXPEDITED PKG,2nd Day Air / Expedited,2DA,Expedited,Domestic,Yes,1661,99395.25,34760.6,64634.65,5107.6,,,No,Yes,No,No,SAMPLE_2025_05_VolumeSpend.xlsx,Synthetic,Payor View
2025,5,May,202505,Q2,2025-05-01,0009100011|TCH001,0009100011,Technology Operations,No,TCH001,Technology Operations - Central,Columbus,OH,43004,2DA REG / EXPEDITED LTR,2nd Day Air / Expedited,2DA,Expedited,Domestic,Yes,490,6623.34,2392.62,4230.72,246.1,,,No,Yes,No,No,SAMPLE_2025_05_VolumeSpend.xlsx,Synthetic,Payor View
2025,5,May,202505,Q2,2025-05-01,0009100011|TCH001,0009100011,Technology Operations,No,TCH001,Technology Operations - Central,Columbus,OH,43004,2DA AM PKG,2nd Day Air Early A.M.,2DA AM,Expedited,Domestic,Yes,100,948.67,328.4,620.27,26.6,,,No,Yes,No,No,SAMPLE_2025_05_VolumeSpend.xlsx,Synthetic,Payor View
2025,5,May,202505,Q2,2025-05-01,0009100011|TCH001,0009100011,Technology Operations,No,TCH001,Technology Operations - Central,Columbus,OH,43004,NDA PM / EXPRESS SAVER PKG,Next Day Air Saver,NDA Saver,Premium,Domestic,Yes,789,43171.17,14012.63,29158.54,843.3,,,No,Yes,No,No,SAMPLE_2025_05_VolumeSpend.xlsx,Synthetic,Payor View
2025,5,May,202505,Q2,2025-05-01,0009100011|TCH001,0009100011,Technology Operations,No,TCH001,Technology Operations - Central,Columbus,OH,43004,NDA PM / EXPRESS SAVER LTR,Next Day Air Saver,NDA Saver,Premium,Domestic,Yes,203,5638.04,1824.09,3813.95,74.3,,,No,Yes,No,No,SAMPLE_2025_05_VolumeSpend.xlsx,Synthetic,Payor View
2025,5,May,202505,Q2,2025-05-01,0009100011|TCH001,0009100011,Technology Operations,No,TCH001,Technology Operations - Central,Columbus,OH,43004,NDA REG / EXPRESS PKG,Next Day Air / Express,NDA,Premium,Domestic,Yes,1306,84584.19,28654.36,55929.83,3297.2,,,No,Yes,No,No,SAMPLE_2025_05_VolumeSpend.xlsx,Synthetic,Payor View
2025,5,May,202505,Q2,2025-05-01,0009100011|TCH001,0009100011,Technology Operations,No,TCH001,Technology Operations - Central,Columbus,OH,43004,NDA REG / EXPRESS LTR,Next Day Air / Express,NDA,Premium,Domestic,Yes,2249,59441.52,18666.64,40774.88,978.1,,,No,Yes,No,No,SAMPLE_2025_05_VolumeSpend.xlsx,Synthetic,Payor View
2025,5,May,202505,Q2,2025-05-01,0009100011|TCH001,0009100011,Technology Operations,No,TCH001,Technology Operations - Central,Columbus,OH,43004,NDA AM / EXPRESS PLUS PKG,Next Day Air Early,NDA Early,Premium,Domestic,Yes,15,4955.09,1517.22,3437.87,34.6,,,No,Yes,No,No,SAMPLE_2025_05_VolumeSpend.xlsx,Synthetic,Payor View
2025,5,May,202505,Q2,2025-05-01,0009100011|TCH001,0009100011,Technology Operations,No,TCH001,Technology Operations - Central,Columbus,OH,43004,WW EXPRESS REG PKG,International Express,Intl Express,Premium,International,Yes,14,4482.54,1452.33,3030.21,106.1,,,No,Yes,No,No,SAMPLE_2025_05_VolumeSpend.xlsx,Synthetic,Payor View
2025,5,May,202505,Q2,2025-05-01,0009100011|TCH001,0009100011,Technology Operations,No,TCH001,Technology Operations - Central,Columbus,OH,43004,WW EXPRESS PM / SAVER PKG,International Express Saver,Intl Saver,Premium,International,Yes,13,3790.17,1284.98,2505.19,98.1,,,No,Yes,No,No,SAMPLE_2025_05_VolumeSpend.xlsx,Synthetic,Payor View
2025,5,May,202505,Q2,2025-05-01,0009100011|TCH001,0009100011,Technology Operations,No,TCH001,Technology Operations - Central,Columbus,OH,43004,WW EXPEDITED / 2DA PKG,International Expedited,Intl Expedited,Expedited,International,Yes,4,939.95,318.11,621.84,24.3,,,No,Yes,No,No,SAMPLE_2025_05_VolumeSpend.xlsx,Synthetic,Payor View
2025,5,May,202505,Q2,2025-05-01,0009100011|TCH001,0009100011,Technology Operations,No,TCH001,Technology Operations - Central,Columbus,OH,43004,MISC / UNC,Excluded - Adjustments,Excluded,Non-Service,Not Applicable,No,0,2632.31,2632.31,0.0,0.0,,,Yes,No,Yes,No,SAMPLE_2025_05_VolumeSpend.xlsx,Synthetic,Payor View
2025,5,May,202505,Q2,2025-05-01,0009100012|MAI002,0009100012,Mail Services,No,MAI002,Mail Services - Regional,Kansas City,MO,64108,GROUND PKG,Ground,Ground,Deferred,Domestic,Yes,3839,171304.15,62093.6,109210.55,76532.2,,,No,Yes,No,No,SAMPLE_2025_05_VolumeSpend.xlsx,Synthetic,Payor View
2025,5,May,202505,Q2,2025-05-01,0009100012|MAI002,0009100012,Mail Services,No,MAI002,Mail Services - Regional,Kansas City,MO,64108,GROUND CWT,Ground,Ground,Deferred,Domestic,Yes,19,1999.06,666.15,1332.91,531.9,,,No,Yes,No,No,SAMPLE_2025_05_VolumeSpend.xlsx,Synthetic,Payor View
2025,5,May,202505,Q2,2025-05-01,0009100012|MAI002,0009100012,Mail Services,No,MAI002,Mail Services - Regional,Kansas City,MO,64108,STANDARD GROUND,Ground,Ground,Deferred,Domestic,Yes,48,1215.84,450.57,765.27,438.5,,,No,Yes,No,No,SAMPLE_2025_05_VolumeSpend.xlsx,Synthetic,Payor View
2025,5,May,202505,Q2,2025-05-01,0009100012|MAI002,0009100012,Mail Services,No,MAI002,Mail Services - Regional,Kansas City,MO,64108,3DS PKG,3 Day Select,3DS,Deferred,Domestic,Yes,53,2372.96,861.36,1511.6,218.4,,,No,Yes,No,No,SAMPLE_2025_05_VolumeSpend.xlsx,Synthetic,Payor View
2025,5,May,202505,Q2,2025-05-01,0009100012|MAI002,0009100012,Mail Services,No,MAI002,Mail Services - Regional,Kansas City,MO,64108,2DA REG / EXPEDITED PKG,2nd Day Air / Expedited,2DA,Expedited,Domestic,Yes,321,15620.7,5409.74,10210.96,854.1,,,No,Yes,No,No,SAMPLE_2025_05_VolumeSpend.xlsx,Synthetic,Payor View
2025,5,May,202505,Q2,2025-05-01,0009100012|MAI002,0009100012,Mail Services,No,MAI002,Mail Services - Regional,Kansas City,MO,64108,2DA REG / EXPEDITED LTR,2nd Day Air / Expedited,2DA,Expedited,Domestic,Yes,107,1524.01,537.96,986.05,57.3,,,No,Yes,No,No,SAMPLE_2025_05_VolumeSpend.xlsx,Synthetic,Payor View
2025,5,May,202505,Q2,2025-05-01,0009100012|MAI002,0009100012,Mail Services,No,MAI002,Mail Services - Regional,Kansas City,MO,64108,2DA AM PKG,2nd Day Air Early A.M.,2DA AM,Expedited,Domestic,Yes,15,163.57,52.25,111.32,4.0,,,No,Yes,No,No,SAMPLE_2025_05_VolumeSpend.xlsx,Synthetic,Payor View
2025,5,May,202505,Q2,2025-05-01,0009100012|MAI002,0009100012,Mail Services,No,MAI002,Mail Services - Regional,Kansas City,MO,64108,NDA PM / EXPRESS SAVER PKG,Next Day Air Saver,NDA Saver,Premium,Domestic,Yes,138,5094.09,1888.18,3205.91,138.9,,,No,Yes,No,No,SAMPLE_2025_05_VolumeSpend.xlsx,Synthetic,Payor View
2025,5,May,202505,Q2,2025-05-01,0009100012|MAI002,0009100012,Mail Services,No,MAI002,Mail Services - Regional,Kansas City,MO,64108,NDA PM / EXPRESS SAVER LTR,Next Day Air Saver,NDA Saver,Premium,Domestic,Yes,34,825.0,267.35,557.65,12.5,,,No,Yes,No,No,SAMPLE_2025_05_VolumeSpend.xlsx,Synthetic,Payor View
2025,5,May,202505,Q2,2025-05-01,0009100012|MAI002,0009100012,Mail Services,No,MAI002,Mail Services - Regional,Kansas City,MO,64108,NDA REG / EXPRESS PKG,Next Day Air / Express,NDA,Premium,Domestic,Yes,247,24414.56,7502.07,16912.49,847.9,,,No,Yes,No,No,SAMPLE_2025_05_VolumeSpend.xlsx,Synthetic,Payor View
2025,5,May,202505,Q2,2025-05-01,0009100012|MAI002,0009100012,Mail Services,No,MAI002,Mail Services - Regional,Kansas City,MO,64108,NDA REG / EXPRESS LTR,Next Day Air / Express,NDA,Premium,Domestic,Yes,362,8400.36,2573.29,5827.07,128.6,,,No,Yes,No,No,SAMPLE_2025_05_VolumeSpend.xlsx,Synthetic,Payor View
2025,5,May,202505,Q2,2025-05-01,0009100012|MAI002,0009100012,Mail Services,No,MAI002,Mail Services - Regional,Kansas City,MO,64108,NDA AM / EXPRESS PLUS PKG,Next Day Air Early,NDA Early,Premium,Domestic,Yes,3,911.23,315.28,595.95,6.8,,,No,Yes,No,No,SAMPLE_2025_05_VolumeSpend.xlsx,Synthetic,Payor View
2025,5,May,202505,Q2,2025-05-01,0009100012|MAI002,0009100012,Mail Services,No,MAI002,Mail Services - Regional,Kansas City,MO,64108,WW EXPRESS REG PKG,International Express,Intl Express,Premium,International,Yes,2,830.77,264.87,565.9,19.9,,,No,Yes,No,No,SAMPLE_2025_05_VolumeSpend.xlsx,Synthetic,Payor View
2025,5,May,202505,Q2,2025-05-01,0009100012|MAI002,0009100012,Mail Services,No,MAI002,Mail Services - Regional,Kansas City,MO,64108,WW EXPRESS PM / SAVER PKG,International Express Saver,Intl Saver,Premium,International,Yes,2,519.62,165.59,354.03,14.1,,,No,Yes,No,No,SAMPLE_2025_05_VolumeSpend.xlsx,Synthetic,Payor View
2025,5,May,202505,Q2,2025-05-01,0009100012|MAI002,0009100012,Mail Services,No,MAI002,Mail Services - Regional,Kansas City,MO,64108,MISC / UNC,Excluded - Adjustments,Excluded,Non-Service,Not Applicable,No,0,880.68,880.68,0.0,0.0,,,Yes,No,Yes,No,SAMPLE_2025_05_VolumeSpend.xlsx,Synthetic,Payor View
2025,5,May,202505,Q2,2025-05-01,0009100013|VEN003,0009100013,Vendor Programs,No,VEN003,Vendor Programs - Print,Aurora,IL,60502,GROUND PKG,Ground,Ground,Deferred,Domestic,Yes,4609,230551.23,74561.98,155989.25,91927.6,,,No,Yes,No,No,SAMPLE_2025_05_VolumeSpend.xlsx,Synthetic,Payor View
2025,5,May,202505,Q2,2025-05-01,0009100013|VEN003,0009100013,Vendor Programs,No,VEN003,Vendor Programs - Print,Aurora,IL,60502,GROUND CWT,Ground,Ground,Deferred,Domestic,Yes,23,2280.63,847.09,1433.54,662.7,,,No,Yes,No,No,SAMPLE_2025_05_VolumeSpend.xlsx,Synthetic,Payor View
2025,5,May,202505,Q2,2025-05-01,0009100013|VEN003,0009100013,Vendor Programs,No,VEN003,Vendor Programs - Print,Aurora,IL,60502,STANDARD GROUND,Ground,Ground,Deferred,Domestic,Yes,98,2484.73,780.76,1703.97,764.7,,,No,Yes,No,No,SAMPLE_2025_05_VolumeSpend.xlsx,Synthetic,Payor View
2025,5,May,202505,Q2,2025-05-01,0009100013|VEN003,0009100013,Vendor Programs,No,VEN003,Vendor Programs - Print,Aurora,IL,60502,3DS PKG,3 Day Select,3DS,Deferred,Domestic,Yes,75,3247.26,1029.27,2217.99,251.7,,,No,Yes,No,No,SAMPLE_2025_05_VolumeSpend.xlsx,Synthetic,Payor View
2025,5,May,202505,Q2,2025-05-01,0009100013|VEN003,0009100013,Vendor Programs,No,VEN003,Vendor Programs - Print,Aurora,IL,60502,2DA REG / EXPEDITED PKG,2nd Day Air / Expedited,2DA,Expedited,Domestic,Yes,546,29121.12,10034.7,19086.42,1758.7,,,No,Yes,No,No,SAMPLE_2025_05_VolumeSpend.xlsx,Synthetic,Payor View
2025,5,May,202505,Q2,2025-05-01,0009100013|VEN003,0009100013,Vendor Programs,No,VEN003,Vendor Programs - Print,Aurora,IL,60502,2DA REG / EXPEDITED LTR,2nd Day Air / Expedited,2DA,Expedited,Domestic,Yes,135,2455.13,810.81,1644.32,73.7,,,No,Yes,No,No,SAMPLE_2025_05_VolumeSpend.xlsx,Synthetic,Payor View
2025,5,May,202505,Q2,2025-05-01,0009100013|VEN003,0009100013,Vendor Programs,No,VEN003,Vendor Programs - Print,Aurora,IL,60502,2DA AM PKG,2nd Day Air Early A.M.,2DA AM,Expedited,Domestic,Yes,24,282.41,95.62,186.79,8.4,,,No,Yes,No,No,SAMPLE_2025_05_VolumeSpend.xlsx,Synthetic,Payor View
2025,5,May,202505,Q2,2025-05-01,0009100013|VEN003,0009100013,Vendor Programs,No,VEN003,Vendor Programs - Print,Aurora,IL,60502,NDA PM / EXPRESS SAVER PKG,Next Day Air Saver,NDA Saver,Premium,Domestic,Yes,176,8623.59,2759.02,5864.57,199.3,,,No,Yes,No,No,SAMPLE_2025_05_VolumeSpend.xlsx,Synthetic,Payor View
2025,5,May,202505,Q2,2025-05-01,0009100013|VEN003,0009100013,Vendor Programs,No,VEN003,Vendor Programs - Print,Aurora,IL,60502,NDA PM / EXPRESS SAVER LTR,Next Day Air Saver,NDA Saver,Premium,Domestic,Yes,61,1770.58,654.79,1115.79,27.5,,,No,Yes,No,No,SAMPLE_2025_05_VolumeSpend.xlsx,Synthetic,Payor View
2025,5,May,202505,Q2,2025-05-01,0009100013|VEN003,0009100013,Vendor Programs,No,VEN003,Vendor Programs - Print,Aurora,IL,60502,NDA REG / EXPRESS PKG,Next Day Air / Express,NDA,Premium,Domestic,Yes,331,24897.87,8747.07,16150.8,881.9,,,No,Yes,No,No,SAMPLE_2025_05_VolumeSpend.xlsx,Synthetic,Payor View
2025,5,May,202505,Q2,2025-05-01,0009100013|VEN003,0009100013,Vendor Programs,No,VEN003,Vendor Programs - Print,Aurora,IL,60502,NDA REG / EXPRESS LTR,Next Day Air / Express,NDA,Premium,Domestic,Yes,538,9563.78,3502.99,6060.79,186.0,,,No,Yes,No,No,SAMPLE_2025_05_VolumeSpend.xlsx,Synthetic,Payor View
2025,5,May,202505,Q2,2025-05-01,0009100013|VEN003,0009100013,Vendor Programs,No,VEN003,Vendor Programs - Print,Aurora,IL,60502,NDA AM / EXPRESS PLUS PKG,Next Day Air Early,NDA Early,Premium,Domestic,Yes,3,832.21,267.04,565.17,6.7,,,No,Yes,No,No,SAMPLE_2025_05_VolumeSpend.xlsx,Synthetic,Payor View
2025,5,May,202505,Q2,2025-05-01,0009100013|VEN003,0009100013,Vendor Programs,No,VEN003,Vendor Programs - Print,Aurora,IL,60502,WW EXPRESS REG PKG,International Express,Intl Express,Premium,International,Yes,5,1720.85,604.25,1116.6,45.8,,,No,Yes,No,No,SAMPLE_2025_05_VolumeSpend.xlsx,Synthetic,Payor View
2025,5,May,202505,Q2,2025-05-01,0009100013|VEN003,0009100013,Vendor Programs,No,VEN003,Vendor Programs - Print,Aurora,IL,60502,WW EXPRESS PM / SAVER PKG,International Express Saver,Intl Saver,Premium,International,Yes,4,1108.3,410.17,698.13,34.0,,,No,Yes,No,No,SAMPLE_2025_05_VolumeSpend.xlsx,Synthetic,Payor View
2025,5,May,202505,Q2,2025-05-01,0009100013|VEN003,0009100013,Vendor Programs,No,VEN003,Vendor Programs - Print,Aurora,IL,60502,WW EXPEDITED / 2DA PKG,International Expedited,Intl Expedited,Expedited,International,Yes,1,223.2,79.04,144.16,6.0,,,No,Yes,No,No,SAMPLE_2025_05_VolumeSpend.xlsx,Synthetic,Payor View
2025,5,May,202505,Q2,2025-05-01,0009100013|VEN003,0009100013,Vendor Programs,No,VEN003,Vendor Programs - Print,Aurora,IL,60502,MISC / UNC,Excluded - Adjustments,Excluded,Non-Service,Not Applicable,No,0,804.46,804.46,0.0,0.0,,,Yes,No,Yes,No,SAMPLE_2025_05_VolumeSpend.xlsx,Synthetic,Payor View
2025,5,May,202505,Q2,2025-05-01,0009100013|VEN004,0009100013,Vendor Programs,No,VEN004,Vendor Programs - Fulfilment,Aurora,IL,60502,GROUND PKG,Ground,Ground,Deferred,Domestic,Yes,4247,231265.02,70913.49,160351.53,74884.6,,,No,Yes,No,No,SAMPLE_2025_05_VolumeSpend.xlsx,Synthetic,Payor View
2025,5,May,202505,Q2,2025-05-01,0009100013|VEN004,0009100013,Vendor Programs,No,VEN004,Vendor Programs - Fulfilment,Aurora,IL,60502,GROUND CWT,Ground,Ground,Deferred,Domestic,Yes,21,2217.19,779.31,1437.88,650.9,,,No,Yes,No,No,SAMPLE_2025_05_VolumeSpend.xlsx,Synthetic,Payor View
2025,5,May,202505,Q2,2025-05-01,0009100013|VEN004,0009100013,Vendor Programs,No,VEN004,Vendor Programs - Fulfilment,Aurora,IL,60502,STANDARD GROUND,Ground,Ground,Deferred,Domestic,Yes,74,1541.45,558.21,983.24,564.7,,,No,Yes,No,No,SAMPLE_2025_05_VolumeSpend.xlsx,Synthetic,Payor View
2025,5,May,202505,Q2,2025-05-01,0009100013|VEN004,0009100013,Vendor Programs,No,VEN004,Vendor Programs - Fulfilment,Aurora,IL,60502,3DS PKG,3 Day Select,3DS,Deferred,Domestic,Yes,59,2141.63,779.39,1362.24,216.6,,,No,Yes,No,No,SAMPLE_2025_05_VolumeSpend.xlsx,Synthetic,Payor View
2025,5,May,202505,Q2,2025-05-01,0009100013|VEN004,0009100013,Vendor Programs,No,VEN004,Vendor Programs - Fulfilment,Aurora,IL,60502,2DA REG / EXPEDITED PKG,2nd Day Air / Expedited,2DA,Expedited,Domestic,Yes,330,21543.4,7231.97,14311.43,1141.4,,,No,Yes,No,No,SAMPLE_2025_05_VolumeSpend.xlsx,Synthetic,Payor View
2025,5,May,202505,Q2,2025-05-01,0009100013|VEN004,0009100013,Vendor Programs,No,VEN004,Vendor Programs - Fulfilment,Aurora,IL,60502,2DA REG / EXPEDITED LTR,2nd Day Air / Expedited,2DA,Expedited,Domestic,Yes,106,1493.91,467.26,1026.65,48.9,,,No,Yes,No,No,SAMPLE_2025_05_VolumeSpend.xlsx,Synthetic,Payor View
2025,5,May,202505,Q2,2025-05-01,0009100013|VEN004,0009100013,Vendor Programs,No,VEN004,Vendor Programs - Fulfilment,Aurora,IL,60502,2DA AM PKG,2nd Day Air Early A.M.,2DA AM,Expedited,Domestic,Yes,21,215.5,71.19,144.31,5.8,,,No,Yes,No,No,SAMPLE_2025_05_VolumeSpend.xlsx,Synthetic,Payor View
2025,5,May,202505,Q2,2025-05-01,0009100013|VEN004,0009100013,Vendor Programs,No,VEN004,Vendor Programs - Fulfilment,Aurora,IL,60502,NDA PM / EXPRESS SAVER PKG,Next Day Air Saver,NDA Saver,Premium,Domestic,Yes,153,6664.53,2280.03,4384.5,139.1,,,No,Yes,No,No,SAMPLE_2025_05_VolumeSpend.xlsx,Synthetic,Payor View
2025,5,May,202505,Q2,2025-05-01,0009100013|VEN004,0009100013,Vendor Programs,No,VEN004,Vendor Programs - Fulfilment,Aurora,IL,60502,NDA PM / EXPRESS SAVER LTR,Next Day Air Saver,NDA Saver,Premium,Domestic,Yes,40,969.15,360.79,608.36,15.5,,,No,Yes,No,No,SAMPLE_2025_05_VolumeSpend.xlsx,Synthetic,Payor View
2025,5,May,202505,Q2,2025-05-01,0009100013|VEN004,0009100013,Vendor Programs,No,VEN004,Vendor Programs - Fulfilment,Aurora,IL,60502,NDA REG / EXPRESS PKG,Next Day Air / Express,NDA,Premium,Domestic,Yes,252,23552.63,7530.01,16022.62,874.1,,,No,Yes,No,No,SAMPLE_2025_05_VolumeSpend.xlsx,Synthetic,Payor View
2025,5,May,202505,Q2,2025-05-01,0009100013|VEN004,0009100013,Vendor Programs,No,VEN004,Vendor Programs - Fulfilment,Aurora,IL,60502,NDA REG / EXPRESS LTR,Next Day Air / Express,NDA,Premium,Domestic,Yes,389,10630.22,3924.17,6706.05,168.0,,,No,Yes,No,No,SAMPLE_2025_05_VolumeSpend.xlsx,Synthetic,Payor View
2025,5,May,202505,Q2,2025-05-01,0009100013|VEN004,0009100013,Vendor Programs,No,VEN004,Vendor Programs - Fulfilment,Aurora,IL,60502,NDA AM / EXPRESS PLUS PKG,Next Day Air Early,NDA Early,Premium,Domestic,Yes,3,593.01,221.41,371.6,5.3,,,No,Yes,No,No,SAMPLE_2025_05_VolumeSpend.xlsx,Synthetic,Payor View
2025,5,May,202505,Q2,2025-05-01,0009100013|VEN004,0009100013,Vendor Programs,No,VEN004,Vendor Programs - Fulfilment,Aurora,IL,60502,WW EXPRESS REG PKG,International Express,Intl Express,Premium,International,Yes,3,1226.59,395.99,830.6,26.6,,,No,Yes,No,No,SAMPLE_2025_05_VolumeSpend.xlsx,Synthetic,Payor View
2025,5,May,202505,Q2,2025-05-01,0009100013|VEN004,0009100013,Vendor Programs,No,VEN004,Vendor Programs - Fulfilment,Aurora,IL,60502,WW EXPRESS PM / SAVER PKG,International Express Saver,Intl Saver,Premium,International,Yes,3,768.54,286.14,482.4,22.5,,,No,Yes,No,No,SAMPLE_2025_05_VolumeSpend.xlsx,Synthetic,Payor View
2025,5,May,202505,Q2,2025-05-01,0009100013|VEN004,0009100013,Vendor Programs,No,VEN004,Vendor Programs - Fulfilment,Aurora,IL,60502,WW EXPEDITED / 2DA PKG,International Expedited,Intl Expedited,Expedited,International,Yes,1,184.32,66.74,117.58,5.9,,,No,Yes,No,No,SAMPLE_2025_05_VolumeSpend.xlsx,Synthetic,Payor View
2025,5,May,202505,Q2,2025-05-01,0009100013|VEN004,0009100013,Vendor Programs,No,VEN004,Vendor Programs - Fulfilment,Aurora,IL,60502,MISC / UNC,Excluded - Adjustments,Excluded,Non-Service,Not Applicable,No,0,1039.0,1039.0,0.0,0.0,,,Yes,No,Yes,No,SAMPLE_2025_05_VolumeSpend.xlsx,Synthetic,Payor View
2025,5,May,202505,Q2,2025-05-01,0009100014|FLD005,0009100014,Field Administration,No,FLD005,Field Administration - North,Madison,WI,53703,GROUND PKG,Ground,Ground,Deferred,Domestic,Yes,6174,282988.31,87281.0,195707.31,99999.4,,,No,Yes,No,No,SAMPLE_2025_05_VolumeSpend.xlsx,Synthetic,Payor View
2025,5,May,202505,Q2,2025-05-01,0009100014|FLD005,0009100014,Field Administration,No,FLD005,Field Administration - North,Madison,WI,53703,GROUND CWT,Ground,Ground,Deferred,Domestic,Yes,41,3743.63,1242.7,2500.93,1135.5,,,No,Yes,No,No,SAMPLE_2025_05_VolumeSpend.xlsx,Synthetic,Payor View
2025,5,May,202505,Q2,2025-05-01,0009100014|FLD005,0009100014,Field Administration,No,FLD005,Field Administration - North,Madison,WI,53703,STANDARD GROUND,Ground,Ground,Deferred,Domestic,Yes,132,4462.85,1577.05,2885.8,1384.6,,,No,Yes,No,No,SAMPLE_2025_05_VolumeSpend.xlsx,Synthetic,Payor View
2025,5,May,202505,Q2,2025-05-01,0009100014|FLD005,0009100014,Field Administration,No,FLD005,Field Administration - North,Madison,WI,53703,3DS PKG,3 Day Select,3DS,Deferred,Domestic,Yes,79,3947.82,1317.09,2630.73,310.8,,,No,Yes,No,No,SAMPLE_2025_05_VolumeSpend.xlsx,Synthetic,Payor View
2025,5,May,202505,Q2,2025-05-01,0009100014|FLD005,0009100014,Field Administration,No,FLD005,Field Administration - North,Madison,WI,53703,2DA REG / EXPEDITED PKG,2nd Day Air / Expedited,2DA,Expedited,Domestic,Yes,562,23838.42,8167.27,15671.15,1463.4,,,No,Yes,No,No,SAMPLE_2025_05_VolumeSpend.xlsx,Synthetic,Payor View
2025,5,May,202505,Q2,2025-05-01,0009100014|FLD005,0009100014,Field Administration,No,FLD005,Field Administration - North,Madison,WI,53703,2DA REG / EXPEDITED LTR,2nd Day Air / Expedited,2DA,Expedited,Domestic,Yes,189,3509.06,1137.08,2371.98,111.3,,,No,Yes,No,No,SAMPLE_2025_05_VolumeSpend.xlsx,Synthetic,Payor View
2025,5,May,202505,Q2,2025-05-01,0009100014|FLD005,0009100014,Field Administration,No,FLD005,Field Administration - North,Madison,WI,53703,2DA AM PKG,2nd Day Air Early A.M.,2DA AM,Expedited,Domestic,Yes,41,443.37,153.75,289.62,13.5,,,No,Yes,No,No,SAMPLE_2025_05_VolumeSpend.xlsx,Synthetic,Payor View
2025,5,May,202505,Q2,2025-05-01,0009100014|FLD005,0009100014,Field Administration,No,FLD005,Field Administration - North,Madison,WI,53703,NDA PM / EXPRESS SAVER PKG,Next Day Air Saver,NDA Saver,Premium,Domestic,Yes,284,17212.3,5943.0,11269.3,362.2,,,No,Yes,No,No,SAMPLE_2025_05_VolumeSpend.xlsx,Synthetic,Payor View
2025,5,May,202505,Q2,2025-05-01,0009100014|FLD005,0009100014,Field Administration,No,FLD005,Field Administration - North,Madison,WI,53703,NDA PM / EXPRESS SAVER LTR,Next Day Air Saver,NDA Saver,Premium,Domestic,Yes,66,1399.62,507.45,892.17,23.7,,,No,Yes,No,No,SAMPLE_2025_05_VolumeSpend.xlsx,Synthetic,Payor View
2025,5,May,202505,Q2,2025-05-01,0009100014|FLD005,0009100014,Field Administration,No,FLD005,Field Administration - North,Madison,WI,53703,NDA REG / EXPRESS PKG,Next Day Air / Express,NDA,Premium,Domestic,Yes,632,56586.78,20243.9,36342.88,1966.8,,,No,Yes,No,No,SAMPLE_2025_05_VolumeSpend.xlsx,Synthetic,Payor View
2025,5,May,202505,Q2,2025-05-01,0009100014|FLD005,0009100014,Field Administration,No,FLD005,Field Administration - North,Madison,WI,53703,NDA REG / EXPRESS LTR,Next Day Air / Express,NDA,Premium,Domestic,Yes,606,11455.71,3876.62,7579.09,203.9,,,No,Yes,No,No,SAMPLE_2025_05_VolumeSpend.xlsx,Synthetic,Payor View
2025,5,May,202505,Q2,2025-05-01,0009100014|FLD005,0009100014,Field Administration,No,FLD005,Field Administration - North,Madison,WI,53703,NDA AM / EXPRESS PLUS PKG,Next Day Air Early,NDA Early,Premium,Domestic,Yes,4,931.12,337.53,593.59,8.7,,,No,Yes,No,No,SAMPLE_2025_05_VolumeSpend.xlsx,Synthetic,Payor View
2025,5,May,202505,Q2,2025-05-01,0009100014|FLD005,0009100014,Field Administration,No,FLD005,Field Administration - North,Madison,WI,53703,WW EXPRESS REG PKG,International Express,Intl Express,Premium,International,Yes,6,2158.48,788.29,1370.19,52.8,,,No,Yes,No,No,SAMPLE_2025_05_VolumeSpend.xlsx,Synthetic,Payor View
2025,5,May,202505,Q2,2025-05-01,0009100014|FLD005,0009100014,Field Administration,No,FLD005,Field Administration - North,Madison,WI,53703,WW EXPRESS PM / SAVER PKG,International Express Saver,Intl Saver,Premium,International,Yes,3,880.19,311.86,568.33,24.5,,,No,Yes,No,No,SAMPLE_2025_05_VolumeSpend.xlsx,Synthetic,Payor View
2025,5,May,202505,Q2,2025-05-01,0009100014|FLD005,0009100014,Field Administration,No,FLD005,Field Administration - North,Madison,WI,53703,WW EXPEDITED / 2DA PKG,International Expedited,Intl Expedited,Expedited,International,Yes,2,486.01,163.15,322.86,14.7,,,No,Yes,No,No,SAMPLE_2025_05_VolumeSpend.xlsx,Synthetic,Payor View
2025,5,May,202505,Q2,2025-05-01,0009100014|FLD005,0009100014,Field Administration,No,FLD005,Field Administration - North,Madison,WI,53703,MISC / UNC,Excluded - Adjustments,Excluded,Non-Service,Not Applicable,No,0,1818.61,1818.61,0.0,0.0,,,Yes,No,Yes,No,SAMPLE_2025_05_VolumeSpend.xlsx,Synthetic,Payor View
2025,5,May,202505,Q2,2025-05-01,0009100015|HQX006,0009100015,Corporate HQ,No,HQX006,Corporate HQ - Facilities,Columbus,OH,43004,GROUND PKG,Ground,Ground,Deferred,Domestic,Yes,1913,93979.77,30271.39,63708.38,33893.7,,,No,Yes,No,No,SAMPLE_2025_05_VolumeSpend.xlsx,Synthetic,Payor View
2025,5,May,202505,Q2,2025-05-01,0009100015|HQX006,0009100015,Corporate HQ,No,HQX006,Corporate HQ - Facilities,Columbus,OH,43004,GROUND CWT,Ground,Ground,Deferred,Domestic,Yes,11,910.92,304.97,605.95,286.1,,,No,Yes,No,No,SAMPLE_2025_05_VolumeSpend.xlsx,Synthetic,Payor View
2025,5,May,202505,Q2,2025-05-01,0009100015|HQX006,0009100015,Corporate HQ,No,HQX006,Corporate HQ - Facilities,Columbus,OH,43004,STANDARD GROUND,Ground,Ground,Deferred,Domestic,Yes,40,1310.36,424.12,886.24,409.9,,,No,Yes,No,No,SAMPLE_2025_05_VolumeSpend.xlsx,Synthetic,Payor View
2025,5,May,202505,Q2,2025-05-01,0009100015|HQX006,0009100015,Corporate HQ,No,HQX006,Corporate HQ - Facilities,Columbus,OH,43004,3DS PKG,3 Day Select,3DS,Deferred,Domestic,Yes,28,1321.9,468.52,853.38,114.9,,,No,Yes,No,No,SAMPLE_2025_05_VolumeSpend.xlsx,Synthetic,Payor View
2025,5,May,202505,Q2,2025-05-01,0009100015|HQX006,0009100015,Corporate HQ,No,HQX006,Corporate HQ - Facilities,Columbus,OH,43004,2DA REG / EXPEDITED PKG,2nd Day Air / Expedited,2DA,Expedited,Domestic,Yes,239,13630.07,4913.6,8716.47,842.1,,,No,Yes,No,No,SAMPLE_2025_05_VolumeSpend.xlsx,Synthetic,Payor View
2025,5,May,202505,Q2,2025-05-01,0009100015|HQX006,0009100015,Corporate HQ,No,HQX006,Corporate HQ - Facilities,Columbus,OH,43004,2DA REG / EXPEDITED LTR,2nd Day Air / Expedited,2DA,Expedited,Domestic,Yes,64,842.18,309.8,532.38,32.8,,,No,Yes,No,No,SAMPLE_2025_05_VolumeSpend.xlsx,Synthetic,Payor View
2025,5,May,202505,Q2,2025-05-01,0009100015|HQX006,0009100015,Corporate HQ,No,HQX006,Corporate HQ - Facilities,Columbus,OH,43004,2DA AM PKG,2nd Day Air Early A.M.,2DA AM,Expedited,Domestic,Yes,10,95.18,32.72,62.46,2.6,,,No,Yes,No,No,SAMPLE_2025_05_VolumeSpend.xlsx,Synthetic,Payor View
2025,5,May,202505,Q2,2025-05-01,0009100015|HQX006,0009100015,Corporate HQ,No,HQX006,Corporate HQ - Facilities,Columbus,OH,43004,NDA PM / EXPRESS SAVER PKG,Next Day Air Saver,NDA Saver,Premium,Domestic,Yes,92,3781.33,1327.57,2453.76,86.8,,,No,Yes,No,No,SAMPLE_2025_05_VolumeSpend.xlsx,Synthetic,Payor View
2025,5,May,202505,Q2,2025-05-01,0009100015|HQX006,0009100015,Corporate HQ,No,HQX006,Corporate HQ - Facilities,Columbus,OH,43004,NDA PM / EXPRESS SAVER LTR,Next Day Air Saver,NDA Saver,Premium,Domestic,Yes,27,671.15,208.25,462.9,10.4,,,No,Yes,No,No,SAMPLE_2025_05_VolumeSpend.xlsx,Synthetic,Payor View
2025,5,May,202505,Q2,2025-05-01,0009100015|HQX006,0009100015,Corporate HQ,No,HQX006,Corporate HQ - Facilities,Columbus,OH,43004,NDA REG / EXPRESS PKG,Next Day Air / Express,NDA,Premium,Domestic,Yes,185,17450.3,6260.19,11190.11,634.0,,,No,Yes,No,No,SAMPLE_2025_05_VolumeSpend.xlsx,Synthetic,Payor View
2025,5,May,202505,Q2,2025-05-01,0009100015|HQX006,0009100015,Corporate HQ,No,HQX006,Corporate HQ - Facilities,Columbus,OH,43004,NDA REG / EXPRESS LTR,Next Day Air / Express,NDA,Premium,Domestic,Yes,240,6773.19,2101.97,4671.22,106.9,,,No,Yes,No,No,SAMPLE_2025_05_VolumeSpend.xlsx,Synthetic,Payor View
2025,5,May,202505,Q2,2025-05-01,0009100015|HQX006,0009100015,Corporate HQ,No,HQX006,Corporate HQ - Facilities,Columbus,OH,43004,NDA AM / EXPRESS PLUS PKG,Next Day Air Early,NDA Early,Premium,Domestic,Yes,1,285.97,93.24,192.73,2.3,,,No,Yes,No,No,SAMPLE_2025_05_VolumeSpend.xlsx,Synthetic,Payor View
2025,5,May,202505,Q2,2025-05-01,0009100015|HQX006,0009100015,Corporate HQ,No,HQX006,Corporate HQ - Facilities,Columbus,OH,43004,WW EXPRESS REG PKG,International Express,Intl Express,Premium,International,Yes,2,606.21,214.79,391.42,17.0,,,No,Yes,No,No,SAMPLE_2025_05_VolumeSpend.xlsx,Synthetic,Payor View
2025,5,May,202505,Q2,2025-05-01,0009100015|HQX006,0009100015,Corporate HQ,No,HQX006,Corporate HQ - Facilities,Columbus,OH,43004,WW EXPRESS PM / SAVER PKG,International Express Saver,Intl Saver,Premium,International,Yes,1,296.32,100.99,195.33,7.5,,,No,Yes,No,No,SAMPLE_2025_05_VolumeSpend.xlsx,Synthetic,Payor View
2025,5,May,202505,Q2,2025-05-01,0009100015|HQX006,0009100015,Corporate HQ,No,HQX006,Corporate HQ - Facilities,Columbus,OH,43004,MISC / UNC,Excluded - Adjustments,Excluded,Non-Service,Not Applicable,No,0,586.2,586.2,0.0,0.0,,,Yes,No,Yes,No,SAMPLE_2025_05_VolumeSpend.xlsx,Synthetic,Payor View
2025,5,May,202505,Q2,2025-05-01,0009100016|RTL007,0009100016,Retail Partner Network,No,RTL007,Retail Partner Network - Stores,Phoenix,AZ,85004,GROUND PKG,Ground,Ground,Deferred,Domestic,Yes,8970,320589.84,109157.05,211432.79,132628.1,,,No,Yes,No,No,SAMPLE_2025_05_VolumeSpend.xlsx,Synthetic,Payor View
2025,5,May,202505,Q2,2025-05-01,0009100016|RTL007,0009100016,Retail Partner Network,No,RTL007,Retail Partner Network - Stores,Phoenix,AZ,85004,GROUND CWT,Ground,Ground,Deferred,Domestic,Yes,46,4602.71,1633.18,2969.53,1388.8,,,No,Yes,No,No,SAMPLE_2025_05_VolumeSpend.xlsx,Synthetic,Payor View
2025,5,May,202505,Q2,2025-05-01,0009100016|RTL007,0009100016,Retail Partner Network,No,RTL007,Retail Partner Network - Stores,Phoenix,AZ,85004,STANDARD GROUND,Ground,Ground,Deferred,Domestic,Yes,167,3936.39,1282.37,2654.02,1240.0,,,No,Yes,No,No,SAMPLE_2025_05_VolumeSpend.xlsx,Synthetic,Payor View
2025,5,May,202505,Q2,2025-05-01,0009100016|RTL007,0009100016,Retail Partner Network,No,RTL007,Retail Partner Network - Stores,Phoenix,AZ,85004,3DS PKG,3 Day Select,3DS,Deferred,Domestic,Yes,147,6960.18,2302.39,4657.79,619.4,,,No,Yes,No,No,SAMPLE_2025_05_VolumeSpend.xlsx,Synthetic,Payor View
2025,5,May,202505,Q2,2025-05-01,0009100016|RTL007,0009100016,Retail Partner Network,No,RTL007,Retail Partner Network - Stores,Phoenix,AZ,85004,2DA REG / EXPEDITED PKG,2nd Day Air / Expedited,2DA,Expedited,Domestic,Yes,870,58082.04,19008.69,39073.35,3020.9,,,No,Yes,No,No,SAMPLE_2025_05_VolumeSpend.xlsx,Synthetic,Payor View
2025,5,May,202505,Q2,2025-05-01,0009100016|RTL007,0009100016,Retail Partner Network,No,RTL007,Retail Partner Network - Stores,Phoenix,AZ,85004,2DA REG / EXPEDITED LTR,2nd Day Air / Expedited,2DA,Expedited,Domestic,Yes,257,3053.52,1102.41,1951.11,124.5,,,No,Yes,No,No,SAMPLE_2025_05_VolumeSpend.xlsx,Synthetic,Payor View
2025,5,May,202505,Q2,2025-05-01,0009100016|RTL007,0009100016,Retail Partner Network,No,RTL007,Retail Partner Network - Stores,Phoenix,AZ,85004,2DA AM PKG,2nd Day Air Early A.M.,2DA AM,Expedited,Domestic,Yes,52,668.12,205.72,462.4,16.5,,,No,Yes,No,No,SAMPLE_2025_05_VolumeSpend.xlsx,Synthetic,Payor View
2025,5,May,202505,Q2,2025-05-01,0009100016|RTL007,0009100016,Retail Partner Network,No,RTL007,Retail Partner Network - Stores,Phoenix,AZ,85004,NDA PM / EXPRESS SAVER PKG,Next Day Air Saver,NDA Saver,Premium,Domestic,Yes,453,23217.21,7375.57,15841.64,531.8,,,No,Yes,No,No,SAMPLE_2025_05_VolumeSpend.xlsx,Synthetic,Payor View
2025,5,May,202505,Q2,2025-05-01,0009100016|RTL007,0009100016,Retail Partner Network,No,RTL007,Retail Partner Network - Stores,Phoenix,AZ,85004,NDA PM / EXPRESS SAVER LTR,Next Day Air Saver,NDA Saver,Premium,Domestic,Yes,99,3237.72,1025.32,2212.4,43.9,,,No,Yes,No,No,SAMPLE_2025_05_VolumeSpend.xlsx,Synthetic,Payor View
2025,5,May,202505,Q2,2025-05-01,0009100016|RTL007,0009100016,Retail Partner Network,No,RTL007,Retail Partner Network - Stores,Phoenix,AZ,85004,NDA REG / EXPRESS PKG,Next Day Air / Express,NDA,Premium,Domestic,Yes,714,59942.01,19667.8,40274.21,1993.8,,,No,Yes,No,No,SAMPLE_2025_05_VolumeSpend.xlsx,Synthetic,Payor View
2025,5,May,202505,Q2,2025-05-01,0009100016|RTL007,0009100016,Retail Partner Network,No,RTL007,Retail Partner Network - Stores,Phoenix,AZ,85004,NDA REG / EXPRESS LTR,Next Day Air / Express,NDA,Premium,Domestic,Yes,1064,29815.16,9386.72,20428.44,409.9,,,No,Yes,No,No,SAMPLE_2025_05_VolumeSpend.xlsx,Synthetic,Payor View
2025,5,May,202505,Q2,2025-05-01,0009100016|RTL007,0009100016,Retail Partner Network,No,RTL007,Retail Partner Network - Stores,Phoenix,AZ,85004,NDA AM / EXPRESS PLUS PKG,Next Day Air Early,NDA Early,Premium,Domestic,Yes,10,2454.47,812.81,1641.66,19.8,,,No,Yes,No,No,SAMPLE_2025_05_VolumeSpend.xlsx,Synthetic,Payor View
2025,5,May,202505,Q2,2025-05-01,0009100016|RTL007,0009100016,Retail Partner Network,No,RTL007,Retail Partner Network - Stores,Phoenix,AZ,85004,WW EXPRESS REG PKG,International Express,Intl Express,Premium,International,Yes,11,3897.93,1381.21,2516.72,89.6,,,No,Yes,No,No,SAMPLE_2025_05_VolumeSpend.xlsx,Synthetic,Payor View
2025,5,May,202505,Q2,2025-05-01,0009100016|RTL007,0009100016,Retail Partner Network,No,RTL007,Retail Partner Network - Stores,Phoenix,AZ,85004,WW EXPRESS PM / SAVER PKG,International Express Saver,Intl Saver,Premium,International,Yes,8,2872.63,962.1,1910.53,69.7,,,No,Yes,No,No,SAMPLE_2025_05_VolumeSpend.xlsx,Synthetic,Payor View
2025,5,May,202505,Q2,2025-05-01,0009100016|RTL007,0009100016,Retail Partner Network,No,RTL007,Retail Partner Network - Stores,Phoenix,AZ,85004,WW EXPEDITED / 2DA PKG,International Expedited,Intl Expedited,Expedited,International,Yes,2,565.36,181.4,383.96,14.5,,,No,Yes,No,No,SAMPLE_2025_05_VolumeSpend.xlsx,Synthetic,Payor View
2025,5,May,202505,Q2,2025-05-01,0009100016|RTL007,0009100016,Retail Partner Network,No,RTL007,Retail Partner Network - Stores,Phoenix,AZ,85004,MISC / UNC,Excluded - Adjustments,Excluded,Non-Service,Not Applicable,No,0,3307.32,3307.32,0.0,0.0,,,Yes,No,Yes,No,SAMPLE_2025_05_VolumeSpend.xlsx,Synthetic,Payor View
2025,5,May,202505,Q2,2025-05-01,0009100017|CSH008,0009100017,Cash Operations,No,CSH008,Cash Operations - Processing,Newark,NJ,07102,GROUND PKG,Ground,Ground,Deferred,Domestic,Yes,4115,145146.08,53247.38,91898.7,67309.0,,,No,Yes,No,No,SAMPLE_2025_05_VolumeSpend.xlsx,Synthetic,Payor View
2025,5,May,202505,Q2,2025-05-01,0009100017|CSH008,0009100017,Cash Operations,No,CSH008,Cash Operations - Processing,Newark,NJ,07102,GROUND CWT,Ground,Ground,Deferred,Domestic,Yes,17,1604.92,524.08,1080.84,476.4,,,No,Yes,No,No,SAMPLE_2025_05_VolumeSpend.xlsx,Synthetic,Payor View
2025,5,May,202505,Q2,2025-05-01,0009100017|CSH008,0009100017,Cash Operations,No,CSH008,Cash Operations - Processing,Newark,NJ,07102,STANDARD GROUND,Ground,Ground,Deferred,Domestic,Yes,67,2164.86,725.23,1439.63,617.6,,,No,Yes,No,No,SAMPLE_2025_05_VolumeSpend.xlsx,Synthetic,Payor View
2025,5,May,202505,Q2,2025-05-01,0009100017|CSH008,0009100017,Cash Operations,No,CSH008,Cash Operations - Processing,Newark,NJ,07102,3DS PKG,3 Day Select,3DS,Deferred,Domestic,Yes,52,1506.45,561.79,944.66,162.0,,,No,Yes,No,No,SAMPLE_2025_05_VolumeSpend.xlsx,Synthetic,Payor View
2025,5,May,202505,Q2,2025-05-01,0009100017|CSH008,0009100017,Cash Operations,No,CSH008,Cash Operations - Processing,Newark,NJ,07102,2DA REG / EXPEDITED PKG,2nd Day Air / Expedited,2DA,Expedited,Domestic,Yes,450,23047.95,7458.1,15589.85,1374.0,,,No,Yes,No,No,SAMPLE_2025_05_VolumeSpend.xlsx,Synthetic,Payor View
2025,5,May,202505,Q2,2025-05-01,0009100017|CSH008,0009100017,Cash Operations,No,CSH008,Cash Operations - Processing,Newark,NJ,07102,2DA REG / EXPEDITED LTR,2nd Day Air / Expedited,2DA,Expedited,Domestic,Yes,110,1820.81,576.73,1244.08,56.0,,,No,Yes,No,No,SAMPLE_2025_05_VolumeSpend.xlsx,Synthetic,Payor View
2025,5,May,202505,Q2,2025-05-01,0009100017|CSH008,0009100017,Cash Operations,No,CSH008,Cash Operations - Processing,Newark,NJ,07102,2DA AM PKG,2nd Day Air Early A.M.,2DA AM,Expedited,Domestic,Yes,25,217.76,80.39,137.37,7.1,,,No,Yes,No,No,SAMPLE_2025_05_VolumeSpend.xlsx,Synthetic,Payor View
2025,5,May,202505,Q2,2025-05-01,0009100017|CSH008,0009100017,Cash Operations,No,CSH008,Cash Operations - Processing,Newark,NJ,07102,NDA PM / EXPRESS SAVER PKG,Next Day Air Saver,NDA Saver,Premium,Domestic,Yes,135,6043.82,1873.22,4170.6,136.7,,,No,Yes,No,No,SAMPLE_2025_05_VolumeSpend.xlsx,Synthetic,Payor View
2025,5,May,202505,Q2,2025-05-01,0009100017|CSH008,0009100017,Cash Operations,No,CSH008,Cash Operations - Processing,Newark,NJ,07102,NDA PM / EXPRESS SAVER LTR,Next Day Air Saver,NDA Saver,Premium,Domestic,Yes,42,1109.29,365.22,744.07,14.9,,,No,Yes,No,No,SAMPLE_2025_05_VolumeSpend.xlsx,Synthetic,Payor View
2025,5,May,202505,Q2,2025-05-01,0009100017|CSH008,0009100017,Cash Operations,No,CSH008,Cash Operations - Processing,Newark,NJ,07102,NDA REG / EXPRESS PKG,Next Day Air / Express,NDA,Premium,Domestic,Yes,326,35172.07,11290.65,23881.42,1128.9,,,No,Yes,No,No,SAMPLE_2025_05_VolumeSpend.xlsx,Synthetic,Payor View
2025,5,May,202505,Q2,2025-05-01,0009100017|CSH008,0009100017,Cash Operations,No,CSH008,Cash Operations - Processing,Newark,NJ,07102,NDA REG / EXPRESS LTR,Next Day Air / Express,NDA,Premium,Domestic,Yes,324,8824.9,2971.81,5853.09,132.6,,,No,Yes,No,No,SAMPLE_2025_05_VolumeSpend.xlsx,Synthetic,Payor View
2025,5,May,202505,Q2,2025-05-01,0009100017|CSH008,0009100017,Cash Operations,No,CSH008,Cash Operations - Processing,Newark,NJ,07102,NDA AM / EXPRESS PLUS PKG,Next Day Air Early,NDA Early,Premium,Domestic,Yes,3,748.21,260.18,488.03,6.8,,,No,Yes,No,No,SAMPLE_2025_05_VolumeSpend.xlsx,Synthetic,Payor View
2025,5,May,202505,Q2,2025-05-01,0009100017|CSH008,0009100017,Cash Operations,No,CSH008,Cash Operations - Processing,Newark,NJ,07102,WW EXPRESS REG PKG,International Express,Intl Express,Premium,International,Yes,4,1167.03,426.55,740.48,30.8,,,No,Yes,No,No,SAMPLE_2025_05_VolumeSpend.xlsx,Synthetic,Payor View
2025,5,May,202505,Q2,2025-05-01,0009100017|CSH008,0009100017,Cash Operations,No,CSH008,Cash Operations - Processing,Newark,NJ,07102,WW EXPRESS PM / SAVER PKG,International Express Saver,Intl Saver,Premium,International,Yes,3,731.56,252.62,478.94,21.9,,,No,Yes,No,No,SAMPLE_2025_05_VolumeSpend.xlsx,Synthetic,Payor View
2025,5,May,202505,Q2,2025-05-01,0009100017|CSH008,0009100017,Cash Operations,No,CSH008,Cash Operations - Processing,Newark,NJ,07102,MISC / UNC,Excluded - Adjustments,Excluded,Non-Service,Not Applicable,No,0,1116.77,1116.77,0.0,0.0,,,Yes,No,Yes,No,SAMPLE_2025_05_VolumeSpend.xlsx,Synthetic,Payor View
2025,5,May,202505,Q2,2025-05-01,@@|TCO009,@@,Unassigned Sub-Parent,Yes,TCO009,Transfer Co Operations,Whippany,NJ,07981,GROUND PKG,Ground,Ground,Deferred,Domestic,Yes,468,19104.27,6506.0,12598.27,8540.7,,,No,Yes,No,No,SAMPLE_2025_05_VolumeSpend.xlsx,Synthetic,Payor View
2025,5,May,202505,Q2,2025-05-01,@@|TCO009,@@,Unassigned Sub-Parent,Yes,TCO009,Transfer Co Operations,Whippany,NJ,07981,GROUND CWT,Ground,Ground,Deferred,Domestic,Yes,3,386.41,122.35,264.06,99.2,,,No,Yes,No,No,SAMPLE_2025_05_VolumeSpend.xlsx,Synthetic,Payor View
2025,5,May,202505,Q2,2025-05-01,@@|TCO009,@@,Unassigned Sub-Parent,Yes,TCO009,Transfer Co Operations,Whippany,NJ,07981,STANDARD GROUND,Ground,Ground,Deferred,Domestic,Yes,9,297.73,104.35,193.38,90.3,,,No,Yes,No,No,SAMPLE_2025_05_VolumeSpend.xlsx,Synthetic,Payor View
2025,5,May,202505,Q2,2025-05-01,@@|TCO009,@@,Unassigned Sub-Parent,Yes,TCO009,Transfer Co Operations,Whippany,NJ,07981,3DS PKG,3 Day Select,3DS,Deferred,Domestic,Yes,7,317.33,116.26,201.07,28.0,,,No,Yes,No,No,SAMPLE_2025_05_VolumeSpend.xlsx,Synthetic,Payor View
2025,5,May,202505,Q2,2025-05-01,@@|TCO009,@@,Unassigned Sub-Parent,Yes,TCO009,Transfer Co Operations,Whippany,NJ,07981,2DA REG / EXPEDITED PKG,2nd Day Air / Expedited,2DA,Expedited,Domestic,Yes,57,4280.49,1313.96,2966.53,199.8,,,No,Yes,No,No,SAMPLE_2025_05_VolumeSpend.xlsx,Synthetic,Payor View
2025,5,May,202505,Q2,2025-05-01,@@|TCO009,@@,Unassigned Sub-Parent,Yes,TCO009,Transfer Co Operations,Whippany,NJ,07981,2DA REG / EXPEDITED LTR,2nd Day Air / Expedited,2DA,Expedited,Domestic,Yes,15,179.08,65.98,113.1,6.8,,,No,Yes,No,No,SAMPLE_2025_05_VolumeSpend.xlsx,Synthetic,Payor View
2025,5,May,202505,Q2,2025-05-01,@@|TCO009,@@,Unassigned Sub-Parent,Yes,TCO009,Transfer Co Operations,Whippany,NJ,07981,2DA AM PKG,2nd Day Air Early A.M.,2DA AM,Expedited,Domestic,Yes,2,18.83,6.88,11.95,0.6,,,No,Yes,No,No,SAMPLE_2025_05_VolumeSpend.xlsx,Synthetic,Payor View
2025,5,May,202505,Q2,2025-05-01,@@|TCO009,@@,Unassigned Sub-Parent,Yes,TCO009,Transfer Co Operations,Whippany,NJ,07981,NDA PM / EXPRESS SAVER PKG,Next Day Air Saver,NDA Saver,Premium,Domestic,Yes,24,896.88,332.33,564.55,23.8,,,No,Yes,No,No,SAMPLE_2025_05_VolumeSpend.xlsx,Synthetic,Payor View
2025,5,May,202505,Q2,2025-05-01,@@|TCO009,@@,Unassigned Sub-Parent,Yes,TCO009,Transfer Co Operations,Whippany,NJ,07981,NDA PM / EXPRESS SAVER LTR,Next Day Air Saver,NDA Saver,Premium,Domestic,Yes,7,187.36,62.12,125.24,2.6,,,No,Yes,No,No,SAMPLE_2025_05_VolumeSpend.xlsx,Synthetic,Payor View
2025,5,May,202505,Q2,2025-05-01,@@|TCO009,@@,Unassigned Sub-Parent,Yes,TCO009,Transfer Co Operations,Whippany,NJ,07981,NDA REG / EXPRESS PKG,Next Day Air / Express,NDA,Premium,Domestic,Yes,47,3720.05,1306.15,2413.9,158.8,,,No,Yes,No,No,SAMPLE_2025_05_VolumeSpend.xlsx,Synthetic,Payor View
2025,5,May,202505,Q2,2025-05-01,@@|TCO009,@@,Unassigned Sub-Parent,Yes,TCO009,Transfer Co Operations,Whippany,NJ,07981,NDA REG / EXPRESS LTR,Next Day Air / Express,NDA,Premium,Domestic,Yes,61,1649.74,509.15,1140.59,24.6,,,No,Yes,No,No,SAMPLE_2025_05_VolumeSpend.xlsx,Synthetic,Payor View
2025,5,May,202505,Q2,2025-05-01,@@|TCO009,@@,Unassigned Sub-Parent,Yes,TCO009,Transfer Co Operations,Whippany,NJ,07981,MISC / UNC,Excluded - Adjustments,Excluded,Non-Service,Not Applicable,No,0,86.57,86.57,0.0,0.0,,,Yes,No,Yes,No,SAMPLE_2025_05_VolumeSpend.xlsx,Synthetic,Payor View
2025,6,Jun,202506,Q2,2025-06-01,0009100011|TCH001,0009100011,Technology Operations,No,TCH001,Technology Operations - Central,Columbus,OH,43004,GROUND PKG,Ground,Ground,Deferred,Domestic,Yes,19145,886812.99,318821.95,567991.04,370474.3,,,No,Yes,No,No,SAMPLE_2025_06_VolumeSpend.xlsx,Synthetic,Payor View
2025,6,Jun,202506,Q2,2025-06-01,0009100011|TCH001,0009100011,Technology Operations,No,TCH001,Technology Operations - Central,Columbus,OH,43004,GROUND CWT,Ground,Ground,Deferred,Domestic,Yes,105,11232.32,3476.47,7755.85,3065.2,,,No,Yes,No,No,SAMPLE_2025_06_VolumeSpend.xlsx,Synthetic,Payor View
2025,6,Jun,202506,Q2,2025-06-01,0009100011|TCH001,0009100011,Technology Operations,No,TCH001,Technology Operations - Central,Columbus,OH,43004,STANDARD GROUND,Ground,Ground,Deferred,Domestic,Yes,336,12200.73,4077.08,8123.65,3525.0,,,No,Yes,No,No,SAMPLE_2025_06_VolumeSpend.xlsx,Synthetic,Payor View
2025,6,Jun,202506,Q2,2025-06-01,0009100011|TCH001,0009100011,Technology Operations,No,TCH001,Technology Operations - Central,Columbus,OH,43004,3DS PKG,3 Day Select,3DS,Deferred,Domestic,Yes,219,9978.56,3427.88,6550.68,882.9,,,No,Yes,No,No,SAMPLE_2025_06_VolumeSpend.xlsx,Synthetic,Payor View
2025,6,Jun,202506,Q2,2025-06-01,0009100011|TCH001,0009100011,Technology Operations,No,TCH001,Technology Operations - Central,Columbus,OH,43004,2DA REG / EXPEDITED PKG,2nd Day Air / Expedited,2DA,Expedited,Domestic,Yes,1730,111470.26,36405.63,75064.63,5551.3,,,No,Yes,No,No,SAMPLE_2025_06_VolumeSpend.xlsx,Synthetic,Payor View
2025,6,Jun,202506,Q2,2025-06-01,0009100011|TCH001,0009100011,Technology Operations,No,TCH001,Technology Operations - Central,Columbus,OH,43004,2DA REG / EXPEDITED LTR,2nd Day Air / Expedited,2DA,Expedited,Domestic,Yes,432,5595.48,2084.44,3511.04,189.4,,,No,Yes,No,No,SAMPLE_2025_06_VolumeSpend.xlsx,Synthetic,Payor View
2025,6,Jun,202506,Q2,2025-06-01,0009100011|TCH001,0009100011,Technology Operations,No,TCH001,Technology Operations - Central,Columbus,OH,43004,2DA AM PKG,2nd Day Air Early A.M.,2DA AM,Expedited,Domestic,Yes,118,1230.31,431.69,798.62,40.2,,,No,Yes,No,No,SAMPLE_2025_06_VolumeSpend.xlsx,Synthetic,Payor View
2025,6,Jun,202506,Q2,2025-06-01,0009100011|TCH001,0009100011,Technology Operations,No,TCH001,Technology Operations - Central,Columbus,OH,43004,NDA PM / EXPRESS SAVER PKG,Next Day Air Saver,NDA Saver,Premium,Domestic,Yes,694,27678.94,9540.4,18138.54,639.1,,,No,Yes,No,No,SAMPLE_2025_06_VolumeSpend.xlsx,Synthetic,Payor View
2025,6,Jun,202506,Q2,2025-06-01,0009100011|TCH001,0009100011,Technology Operations,No,TCH001,Technology Operations - Central,Columbus,OH,43004,NDA PM / EXPRESS SAVER LTR,Next Day Air Saver,NDA Saver,Premium,Domestic,Yes,208,5073.12,1867.02,3206.1,86.5,,,No,Yes,No,No,SAMPLE_2025_06_VolumeSpend.xlsx,Synthetic,Payor View
2025,6,Jun,202506,Q2,2025-06-01,0009100011|TCH001,0009100011,Technology Operations,No,TCH001,Technology Operations - Central,Columbus,OH,43004,NDA REG / EXPRESS PKG,Next Day Air / Express,NDA,Premium,Domestic,Yes,1569,164038.59,53848.75,110189.84,5437.0,,,No,Yes,No,No,SAMPLE_2025_06_VolumeSpend.xlsx,Synthetic,Payor View
2025,6,Jun,202506,Q2,2025-06-01,0009100011|TCH001,0009100011,Technology Operations,No,TCH001,Technology Operations - Central,Columbus,OH,43004,NDA REG / EXPRESS LTR,Next Day Air / Express,NDA,Premium,Domestic,Yes,1960,39073.8,12795.36,26278.44,652.9,,,No,Yes,No,No,SAMPLE_2025_06_VolumeSpend.xlsx,Synthetic,Payor View
2025,6,Jun,202506,Q2,2025-06-01,0009100011|TCH001,0009100011,Technology Operations,No,TCH001,Technology Operations - Central,Columbus,OH,43004,NDA AM / EXPRESS PLUS PKG,Next Day Air Early,NDA Early,Premium,Domestic,Yes,14,4468.65,1389.02,3079.63,31.8,,,No,Yes,No,No,SAMPLE_2025_06_VolumeSpend.xlsx,Synthetic,Payor View
2025,6,Jun,202506,Q2,2025-06-01,0009100011|TCH001,0009100011,Technology Operations,No,TCH001,Technology Operations - Central,Columbus,OH,43004,WW EXPRESS REG PKG,International Express,Intl Express,Premium,International,Yes,15,6581.63,2145.45,4436.18,157.0,,,No,Yes,No,No,SAMPLE_2025_06_VolumeSpend.xlsx,Synthetic,Payor View
2025,6,Jun,202506,Q2,2025-06-01,0009100011|TCH001,0009100011,Technology Operations,No,TCH001,Technology Operations - Central,Columbus,OH,43004,WW EXPRESS PM / SAVER PKG,International Express Saver,Intl Saver,Premium,International,Yes,9,2590.26,890.16,1700.1,66.3,,,No,Yes,No,No,SAMPLE_2025_06_VolumeSpend.xlsx,Synthetic,Payor View
2025,6,Jun,202506,Q2,2025-06-01,0009100011|TCH001,0009100011,Technology Operations,No,TCH001,Technology Operations - Central,Columbus,OH,43004,WW EXPEDITED / 2DA PKG,International Expedited,Intl Expedited,Expedited,International,Yes,3,759.56,277.83,481.73,21.8,,,No,Yes,No,No,SAMPLE_2025_06_VolumeSpend.xlsx,Synthetic,Payor View
2025,6,Jun,202506,Q2,2025-06-01,0009100011|TCH001,0009100011,Technology Operations,No,TCH001,Technology Operations - Central,Columbus,OH,43004,MISC / UNC,Excluded - Adjustments,Excluded,Non-Service,Not Applicable,No,0,4877.71,4877.71,0.0,0.0,,,Yes,No,Yes,No,SAMPLE_2025_06_VolumeSpend.xlsx,Synthetic,Payor View
2025,6,Jun,202506,Q2,2025-06-01,0009100012|MAI002,0009100012,Mail Services,No,MAI002,Mail Services - Regional,Kansas City,MO,64108,GROUND PKG,Ground,Ground,Deferred,Domestic,Yes,2491,105507.59,39008.1,66499.49,48904.3,,,No,Yes,No,No,SAMPLE_2025_06_VolumeSpend.xlsx,Synthetic,Payor View
2025,6,Jun,202506,Q2,2025-06-01,0009100012|MAI002,0009100012,Mail Services,No,MAI002,Mail Services - Regional,Kansas City,MO,64108,GROUND CWT,Ground,Ground,Deferred,Domestic,Yes,14,1907.42,655.43,1251.99,495.1,,,No,Yes,No,No,SAMPLE_2025_06_VolumeSpend.xlsx,Synthetic,Payor View
2025,6,Jun,202506,Q2,2025-06-01,0009100012|MAI002,0009100012,Mail Services,No,MAI002,Mail Services - Regional,Kansas City,MO,64108,STANDARD GROUND,Ground,Ground,Deferred,Domestic,Yes,41,1019.99,350.25,669.74,347.6,,,No,Yes,No,No,SAMPLE_2025_06_VolumeSpend.xlsx,Synthetic,Payor View
2025,6,Jun,202506,Q2,2025-06-01,0009100012|MAI002,0009100012,Mail Services,No,MAI002,Mail Services - Regional,Kansas City,MO,64108,3DS PKG,3 Day Select,3DS,Deferred,Domestic,Yes,33,1230.03,450.02,780.01,108.5,,,No,Yes,No,No,SAMPLE_2025_06_VolumeSpend.xlsx,Synthetic,Payor View
2025,6,Jun,202506,Q2,2025-06-01,0009100012|MAI002,0009100012,Mail Services,No,MAI002,Mail Services - Regional,Kansas City,MO,64108,2DA REG / EXPEDITED PKG,2nd Day Air / Expedited,2DA,Expedited,Domestic,Yes,316,14298.27,4989.92,9308.35,856.3,,,No,Yes,No,No,SAMPLE_2025_06_VolumeSpend.xlsx,Synthetic,Payor View
2025,6,Jun,202506,Q2,2025-06-01,0009100012|MAI002,0009100012,Mail Services,No,MAI002,Mail Services - Regional,Kansas City,MO,64108,2DA REG / EXPEDITED LTR,2nd Day Air / Expedited,2DA,Expedited,Domestic,Yes,68,864.2,304.55,559.65,29.2,,,No,Yes,No,No,SAMPLE_2025_06_VolumeSpend.xlsx,Synthetic,Payor View
2025,6,Jun,202506,Q2,2025-06-01,0009100012|MAI002,0009100012,Mail Services,No,MAI002,Mail Services - Regional,Kansas City,MO,64108,2DA AM PKG,2nd Day Air Early A.M.,2DA AM,Expedited,Domestic,Yes,15,131.85,43.73,88.12,3.7,,,No,Yes,No,No,SAMPLE_2025_06_VolumeSpend.xlsx,Synthetic,Payor View
2025,6,Jun,202506,Q2,2025-06-01,0009100012|MAI002,0009100012,Mail Services,No,MAI002,Mail Services - Regional,Kansas City,MO,64108,NDA PM / EXPRESS SAVER PKG,Next Day Air Saver,NDA Saver,Premium,Domestic,Yes,124,7602.99,2359.34,5243.65,147.9,,,No,Yes,No,No,SAMPLE_2025_06_VolumeSpend.xlsx,Synthetic,Payor View
2025,6,Jun,202506,Q2,2025-06-01,0009100012|MAI002,0009100012,Mail Services,No,MAI002,Mail Services - Regional,Kansas City,MO,64108,NDA PM / EXPRESS SAVER LTR,Next Day Air Saver,NDA Saver,Premium,Domestic,Yes,40,1217.34,379.34,838.0,18.9,,,No,Yes,No,No,SAMPLE_2025_06_VolumeSpend.xlsx,Synthetic,Payor View
2025,6,Jun,202506,Q2,2025-06-01,0009100012|MAI002,0009100012,Mail Services,No,MAI002,Mail Services - Regional,Kansas City,MO,64108,NDA REG / EXPRESS PKG,Next Day Air / Express,NDA,Premium,Domestic,Yes,217,14479.24,5386.11,9093.13,565.1,,,No,Yes,No,No,SAMPLE_2025_06_VolumeSpend.xlsx,Synthetic,Payor View
2025,6,Jun,202506,Q2,2025-06-01,0009100012|MAI002,0009100012,Mail Services,No,MAI002,Mail Services - Regional,Kansas City,MO,64108,NDA REG / EXPRESS LTR,Next Day Air / Express,NDA,Premium,Domestic,Yes,371,9258.25,3093.6,6164.65,158.9,,,No,Yes,No,No,SAMPLE_2025_06_VolumeSpend.xlsx,Synthetic,Payor View
2025,6,Jun,202506,Q2,2025-06-01,0009100012|MAI002,0009100012,Mail Services,No,MAI002,Mail Services - Regional,Kansas City,MO,64108,NDA AM / EXPRESS PLUS PKG,Next Day Air Early,NDA Early,Premium,Domestic,Yes,2,494.06,154.64,339.42,4.1,,,No,Yes,No,No,SAMPLE_2025_06_VolumeSpend.xlsx,Synthetic,Payor View
2025,6,Jun,202506,Q2,2025-06-01,0009100012|MAI002,0009100012,Mail Services,No,MAI002,Mail Services - Regional,Kansas City,MO,64108,WW EXPRESS REG PKG,International Express,Intl Express,Premium,International,Yes,2,684.59,232.67,451.92,15.6,,,No,Yes,No,No,SAMPLE_2025_06_VolumeSpend.xlsx,Synthetic,Payor View
2025,6,Jun,202506,Q2,2025-06-01,0009100012|MAI002,0009100012,Mail Services,No,MAI002,Mail Services - Regional,Kansas City,MO,64108,WW EXPRESS PM / SAVER PKG,International Express Saver,Intl Saver,Premium,International,Yes,1,289.1,105.6,183.5,7.9,,,No,Yes,No,No,SAMPLE_2025_06_VolumeSpend.xlsx,Synthetic,Payor View
2025,6,Jun,202506,Q2,2025-06-01,0009100012|MAI002,0009100012,Mail Services,No,MAI002,Mail Services - Regional,Kansas City,MO,64108,WW EXPEDITED / 2DA PKG,International Expedited,Intl Expedited,Expedited,International,Yes,1,227.63,81.91,145.72,6.3,,,No,Yes,No,No,SAMPLE_2025_06_VolumeSpend.xlsx,Synthetic,Payor View
2025,6,Jun,202506,Q2,2025-06-01,0009100012|MAI002,0009100012,Mail Services,No,MAI002,Mail Services - Regional,Kansas City,MO,64108,MISC / UNC,Excluded - Adjustments,Excluded,Non-Service,Not Applicable,No,0,505.78,505.78,0.0,0.0,,,Yes,No,Yes,No,SAMPLE_2025_06_VolumeSpend.xlsx,Synthetic,Payor View
2025,6,Jun,202506,Q2,2025-06-01,0009100013|VEN003,0009100013,Vendor Programs,No,VEN003,Vendor Programs - Print,Aurora,IL,60502,GROUND PKG,Ground,Ground,Deferred,Domestic,Yes,5029,187605.8,67002.48,120603.32,78210.8,,,No,Yes,No,No,SAMPLE_2025_06_VolumeSpend.xlsx,Synthetic,Payor View
2025,6,Jun,202506,Q2,2025-06-01,0009100013|VEN003,0009100013,Vendor Programs,No,VEN003,Vendor Programs - Print,Aurora,IL,60502,GROUND CWT,Ground,Ground,Deferred,Domestic,Yes,27,2402.59,887.93,1514.66,756.1,,,No,Yes,No,No,SAMPLE_2025_06_VolumeSpend.xlsx,Synthetic,Payor View
2025,6,Jun,202506,Q2,2025-06-01,0009100013|VEN003,0009100013,Vendor Programs,No,VEN003,Vendor Programs - Print,Aurora,IL,60502,STANDARD GROUND,Ground,Ground,Deferred,Domestic,Yes,76,2192.57,781.28,1411.29,732.9,,,No,Yes,No,No,SAMPLE_2025_06_VolumeSpend.xlsx,Synthetic,Payor View
2025,6,Jun,202506,Q2,2025-06-01,0009100013|VEN003,0009100013,Vendor Programs,No,VEN003,Vendor Programs - Print,Aurora,IL,60502,3DS PKG,3 Day Select,3DS,Deferred,Domestic,Yes,64,2938.75,941.66,1997.09,258.0,,,No,Yes,No,No,SAMPLE_2025_06_VolumeSpend.xlsx,Synthetic,Payor View
2025,6,Jun,202506,Q2,2025-06-01,0009100013|VEN003,0009100013,Vendor Programs,No,VEN003,Vendor Programs - Print,Aurora,IL,60502,2DA REG / EXPEDITED PKG,2nd Day Air / Expedited,2DA,Expedited,Domestic,Yes,447,29835.22,10580.07,19255.15,1592.7,,,No,Yes,No,No,SAMPLE_2025_06_VolumeSpend.xlsx,Synthetic,Payor View
2025,6,Jun,202506,Q2,2025-06-01,0009100013|VEN003,0009100013,Vendor Programs,No,VEN003,Vendor Programs - Print,Aurora,IL,60502,2DA REG / EXPEDITED LTR,2nd Day Air / Expedited,2DA,Expedited,Domestic,Yes,157,2053.44,668.68,1384.76,66.1,,,No,Yes,No,No,SAMPLE_2025_06_VolumeSpend.xlsx,Synthetic,Payor View
2025,6,Jun,202506,Q2,2025-06-01,0009100013|VEN003,0009100013,Vendor Programs,No,VEN003,Vendor Programs - Print,Aurora,IL,60502,2DA AM PKG,2nd Day Air Early A.M.,2DA AM,Expedited,Domestic,Yes,24,349.05,109.78,239.27,8.4,,,No,Yes,No,No,SAMPLE_2025_06_VolumeSpend.xlsx,Synthetic,Payor View
2025,6,Jun,202506,Q2,2025-06-01,0009100013|VEN003,0009100013,Vendor Programs,No,VEN003,Vendor Programs - Print,Aurora,IL,60502,NDA PM / EXPRESS SAVER PKG,Next Day Air Saver,NDA Saver,Premium,Domestic,Yes,201,9384.44,3322.66,6061.78,229.5,,,No,Yes,No,No,SAMPLE_2025_06_VolumeSpend.xlsx,Synthetic,Payor View
2025,6,Jun,202506,Q2,2025-06-01,0009100013|VEN003,0009100013,Vendor Programs,No,VEN003,Vendor Programs - Print,Aurora,IL,60502,NDA PM / EXPRESS SAVER LTR,Next Day Air Saver,NDA Saver,Premium,Domestic,Yes,45,916.34,313.58,602.76,15.5,,,No,Yes,No,No,SAMPLE_2025_06_VolumeSpend.xlsx,Synthetic,Payor View
2025,6,Jun,202506,Q2,2025-06-01,0009100013|VEN003,0009100013,Vendor Programs,No,VEN003,Vendor Programs - Print,Aurora,IL,60502,NDA REG / EXPRESS PKG,Next Day Air / Express,NDA,Premium,Domestic,Yes,336,20275.24,7177.82,13097.42,884.5,,,No,Yes,No,No,SAMPLE_2025_06_VolumeSpend.xlsx,Synthetic,Payor View
2025,6,Jun,202506,Q2,2025-06-01,0009100013|VEN003,0009100013,Vendor Programs,No,VEN003,Vendor Programs - Print,Aurora,IL,60502,NDA REG / EXPRESS LTR,Next Day Air / Express,NDA,Premium,Domestic,Yes,471,12306.02,3768.81,8537.21,195.3,,,No,Yes,No,No,SAMPLE_2025_06_VolumeSpend.xlsx,Synthetic,Payor View
2025,6,Jun,202506,Q2,2025-06-01,0009100013|VEN003,0009100013,Vendor Programs,No,VEN003,Vendor Programs - Print,Aurora,IL,60502,NDA AM / EXPRESS PLUS PKG,Next Day Air Early,NDA Early,Premium,Domestic,Yes,4,821.07,305.26,515.81,6.9,,,No,Yes,No,No,SAMPLE_2025_06_VolumeSpend.xlsx,Synthetic,Payor View
2025,6,Jun,202506,Q2,2025-06-01,0009100013|VEN003,0009100013,Vendor Programs,No,VEN003,Vendor Programs - Print,Aurora,IL,60502,WW EXPRESS REG PKG,International Express,Intl Express,Premium,International,Yes,4,1687.49,573.42,1114.07,40.7,,,No,Yes,No,No,SAMPLE_2025_06_VolumeSpend.xlsx,Synthetic,Payor View
2025,6,Jun,202506,Q2,2025-06-01,0009100013|VEN003,0009100013,Vendor Programs,No,VEN003,Vendor Programs - Print,Aurora,IL,60502,WW EXPRESS PM / SAVER PKG,International Express Saver,Intl Saver,Premium,International,Yes,2,651.09,220.32,430.77,17.3,,,No,Yes,No,No,SAMPLE_2025_06_VolumeSpend.xlsx,Synthetic,Payor View
2025,6,Jun,202506,Q2,2025-06-01,0009100013|VEN003,0009100013,Vendor Programs,No,VEN003,Vendor Programs - Print,Aurora,IL,60502,WW EXPEDITED / 2DA PKG,International Expedited,Intl Expedited,Expedited,International,Yes,1,212.28,74.93,137.35,5.8,,,No,Yes,No,No,SAMPLE_2025_06_VolumeSpend.xlsx,Synthetic,Payor View
2025,6,Jun,202506,Q2,2025-06-01,0009100013|VEN003,0009100013,Vendor Programs,No,VEN003,Vendor Programs - Print,Aurora,IL,60502,MISC / UNC,Excluded - Adjustments,Excluded,Non-Service,Not Applicable,No,0,694.44,694.44,0.0,0.0,,,Yes,No,Yes,No,SAMPLE_2025_06_VolumeSpend.xlsx,Synthetic,Payor View
2025,6,Jun,202506,Q2,2025-06-01,0009100013|VEN004,0009100013,Vendor Programs,No,VEN004,Vendor Programs - Fulfilment,Aurora,IL,60502,GROUND PKG,Ground,Ground,Deferred,Domestic,Yes,3710,140204.54,49737.56,90466.98,57081.9,,,No,Yes,No,No,SAMPLE_2025_06_VolumeSpend.xlsx,Synthetic,Payor View
2025,6,Jun,202506,Q2,2025-06-01,0009100013|VEN004,0009100013,Vendor Programs,No,VEN004,Vendor Programs - Fulfilment,Aurora,IL,60502,GROUND CWT,Ground,Ground,Deferred,Domestic,Yes,18,1843.46,614.77,1228.69,487.9,,,No,Yes,No,No,SAMPLE_2025_06_VolumeSpend.xlsx,Synthetic,Payor View
2025,6,Jun,202506,Q2,2025-06-01,0009100013|VEN004,0009100013,Vendor Programs,No,VEN004,Vendor Programs - Fulfilment,Aurora,IL,60502,STANDARD GROUND,Ground,Ground,Deferred,Domestic,Yes,51,1103.75,411.14,692.61,381.6,,,No,Yes,No,No,SAMPLE_2025_06_VolumeSpend.xlsx,Synthetic,Payor View
2025,6,Jun,202506,Q2,2025-06-01,0009100013|VEN004,0009100013,Vendor Programs,No,VEN004,Vendor Programs - Fulfilment,Aurora,IL,60502,3DS PKG,3 Day Select,3DS,Deferred,Domestic,Yes,60,2874.18,909.21,1964.97,250.7,,,No,Yes,No,No,SAMPLE_2025_06_VolumeSpend.xlsx,Synthetic,Payor View
2025,6,Jun,202506,Q2,2025-06-01,0009100013|VEN004,0009100013,Vendor Programs,No,VEN004,Vendor Programs - Fulfilment,Aurora,IL,60502,2DA REG / EXPEDITED PKG,2nd Day Air / Expedited,2DA,Expedited,Domestic,Yes,361,18318.4,6545.87,11772.53,989.9,,,No,Yes,No,No,SAMPLE_2025_06_VolumeSpend.xlsx,Synthetic,Payor View
2025,6,Jun,202506,Q2,2025-06-01,0009100013|VEN004,0009100013,Vendor Programs,No,VEN004,Vendor Programs - Fulfilment,Aurora,IL,60502,2DA REG / EXPEDITED LTR,2nd Day Air / Expedited,2DA,Expedited,Domestic,Yes,116,1409.65,517.57,892.08,51.8,,,No,Yes,No,No,SAMPLE_2025_06_VolumeSpend.xlsx,Synthetic,Payor View
2025,6,Jun,202506,Q2,2025-06-01,0009100013|VEN004,0009100013,Vendor Programs,No,VEN004,Vendor Programs - Fulfilment,Aurora,IL,60502,2DA AM PKG,2nd Day Air Early A.M.,2DA AM,Expedited,Domestic,Yes,24,194.21,71.73,122.48,6.2,,,No,Yes,No,No,SAMPLE_2025_06_VolumeSpend.xlsx,Synthetic,Payor View
2025,6,Jun,202506,Q2,2025-06-01,0009100013|VEN004,0009100013,Vendor Programs,No,VEN004,Vendor Programs - Fulfilment,Aurora,IL,60502,NDA PM / EXPRESS SAVER PKG,Next Day Air Saver,NDA Saver,Premium,Domestic,Yes,153,7513.05,2646.29,4866.76,183.5,,,No,Yes,No,No,SAMPLE_2025_06_VolumeSpend.xlsx,Synthetic,Payor View
2025,6,Jun,202506,Q2,2025-06-01,0009100013|VEN004,0009100013,Vendor Programs,No,VEN004,Vendor Programs - Fulfilment,Aurora,IL,60502,NDA PM / EXPRESS SAVER LTR,Next Day Air Saver,NDA Saver,Premium,Domestic,Yes,33,814.01,279.44,534.57,11.9,,,No,Yes,No,No,SAMPLE_2025_06_VolumeSpend.xlsx,Synthetic,Payor View
2025,6,Jun,202506,Q2,2025-06-01,0009100013|VEN004,0009100013,Vendor Programs,No,VEN004,Vendor Programs - Fulfilment,Aurora,IL,60502,NDA REG / EXPRESS PKG,Next Day Air / Express,NDA,Premium,Domestic,Yes,320,26219.16,8990.07,17229.09,991.6,,,No,Yes,No,No,SAMPLE_2025_06_VolumeSpend.xlsx,Synthetic,Payor View
2025,6,Jun,202506,Q2,2025-06-01,0009100013|VEN004,0009100013,Vendor Programs,No,VEN004,Vendor Programs - Fulfilment,Aurora,IL,60502,NDA REG / EXPRESS LTR,Next Day Air / Express,NDA,Premium,Domestic,Yes,385,9656.43,3182.97,6473.46,166.7,,,No,Yes,No,No,SAMPLE_2025_06_VolumeSpend.xlsx,Synthetic,Payor View
2025,6,Jun,202506,Q2,2025-06-01,0009100013|VEN004,0009100013,Vendor Programs,No,VEN004,Vendor Programs - Fulfilment,Aurora,IL,60502,NDA AM / EXPRESS PLUS PKG,Next Day Air Early,NDA Early,Premium,Domestic,Yes,3,910.3,286.25,624.05,6.6,,,No,Yes,No,No,SAMPLE_2025_06_VolumeSpend.xlsx,Synthetic,Payor View
2025,6,Jun,202506,Q2,2025-06-01,0009100013|VEN004,0009100013,Vendor Programs,No,VEN004,Vendor Programs - Fulfilment,Aurora,IL,60502,WW EXPRESS REG PKG,International Express,Intl Express,Premium,International,Yes,2,646.02,237.07,408.95,19.1,,,No,Yes,No,No,SAMPLE_2025_06_VolumeSpend.xlsx,Synthetic,Payor View
2025,6,Jun,202506,Q2,2025-06-01,0009100013|VEN004,0009100013,Vendor Programs,No,VEN004,Vendor Programs - Fulfilment,Aurora,IL,60502,WW EXPRESS PM / SAVER PKG,International Express Saver,Intl Saver,Premium,International,Yes,2,594.0,211.38,382.62,16.4,,,No,Yes,No,No,SAMPLE_2025_06_VolumeSpend.xlsx,Synthetic,Payor View
2025,6,Jun,202506,Q2,2025-06-01,0009100013|VEN004,0009100013,Vendor Programs,No,VEN004,Vendor Programs - Fulfilment,Aurora,IL,60502,MISC / UNC,Excluded - Adjustments,Excluded,Non-Service,Not Applicable,No,0,1164.84,1164.84,0.0,0.0,,,Yes,No,Yes,No,SAMPLE_2025_06_VolumeSpend.xlsx,Synthetic,Payor View
2025,6,Jun,202506,Q2,2025-06-01,0009100014|FLD005,0009100014,Field Administration,No,FLD005,Field Administration - North,Madison,WI,53703,GROUND PKG,Ground,Ground,Deferred,Domestic,Yes,5959,192427.95,70093.69,122334.26,88145.6,,,No,Yes,No,No,SAMPLE_2025_06_VolumeSpend.xlsx,Synthetic,Payor View
2025,6,Jun,202506,Q2,2025-06-01,0009100014|FLD005,0009100014,Field Administration,No,FLD005,Field Administration - North,Madison,WI,53703,GROUND CWT,Ground,Ground,Deferred,Domestic,Yes,39,4365.12,1615.94,2749.18,1297.5,,,No,Yes,No,No,SAMPLE_2025_06_VolumeSpend.xlsx,Synthetic,Payor View
2025,6,Jun,202506,Q2,2025-06-01,0009100014|FLD005,0009100014,Field Administration,No,FLD005,Field Administration - North,Madison,WI,53703,STANDARD GROUND,Ground,Ground,Deferred,Domestic,Yes,122,3343.25,1113.01,2230.24,976.3,,,No,Yes,No,No,SAMPLE_2025_06_VolumeSpend.xlsx,Synthetic,Payor View
2025,6,Jun,202506,Q2,2025-06-01,0009100014|FLD005,0009100014,Field Administration,No,FLD005,Field Administration - North,Madison,WI,53703,3DS PKG,3 Day Select,3DS,Deferred,Domestic,Yes,103,4282.4,1406.8,2875.6,353.4,,,No,Yes,No,No,SAMPLE_2025_06_VolumeSpend.xlsx,Synthetic,Payor View
2025,6,Jun,202506,Q2,2025-06-01,0009100014|FLD005,0009100014,Field Administration,No,FLD005,Field Administration - North,Madison,WI,53703,2DA REG / EXPEDITED PKG,2nd Day Air / Expedited,2DA,Expedited,Domestic,Yes,739,32235.97,11500.96,20735.01,1975.7,,,No,Yes,No,No,SAMPLE_2025_06_VolumeSpend.xlsx,Synthetic,Payor View
2025,6,Jun,202506,Q2,2025-06-01,0009100014|FLD005,0009100014,Field Administration,No,FLD005,Field Administration - North,Madison,WI,53703,2DA REG / EXPEDITED LTR,2nd Day Air / Expedited,2DA,Expedited,Domestic,Yes,175,2383.98,851.84,1532.14,95.4,,,No,Yes,No,No,SAMPLE_2025_06_VolumeSpend.xlsx,Synthetic,Payor View
2025,6,Jun,202506,Q2,2025-06-01,0009100014|FLD005,0009100014,Field Administration,No,FLD005,Field Administration - North,Madison,WI,53703,2DA AM PKG,2nd Day Air Early A.M.,2DA AM,Expedited,Domestic,Yes,36,422.96,142.95,280.01,11.2,,,No,Yes,No,No,SAMPLE_2025_06_VolumeSpend.xlsx,Synthetic,Payor View
2025,6,Jun,202506,Q2,2025-06-01,0009100014|FLD005,0009100014,Field Administration,No,FLD005,Field Administration - North,Madison,WI,53703,NDA PM / EXPRESS SAVER PKG,Next Day Air Saver,NDA Saver,Premium,Domestic,Yes,244,12989.44,4280.9,8708.54,311.2,,,No,Yes,No,No,SAMPLE_2025_06_VolumeSpend.xlsx,Synthetic,Payor View
2025,6,Jun,202506,Q2,2025-06-01,0009100014|FLD005,0009100014,Field Administration,No,FLD005,Field Administration - North,Madison,WI,53703,NDA PM / EXPRESS SAVER LTR,Next Day Air Saver,NDA Saver,Premium,Domestic,Yes,81,1433.24,523.85,909.39,26.9,,,No,Yes,No,No,SAMPLE_2025_06_VolumeSpend.xlsx,Synthetic,Payor View
2025,6,Jun,202506,Q2,2025-06-01,0009100014|FLD005,0009100014,Field Administration,No,FLD005,Field Administration - North,Madison,WI,53703,NDA REG / EXPRESS PKG,Next Day Air / Express,NDA,Premium,Domestic,Yes,534,57035.1,17614.19,39420.91,1784.1,,,No,Yes,No,No,SAMPLE_2025_06_VolumeSpend.xlsx,Synthetic,Payor View
2025,6,Jun,202506,Q2,2025-06-01,0009100014|FLD005,0009100014,Field Administration,No,FLD005,Field Administration - North,Madison,WI,53703,NDA REG / EXPRESS LTR,Next Day Air / Express,NDA,Premium,Domestic,Yes,881,20625.38,6709.51,13915.87,348.8,,,No,Yes,No,No,SAMPLE_2025_06_VolumeSpend.xlsx,Synthetic,Payor View
2025,6,Jun,202506,Q2,2025-06-01,0009100014|FLD005,0009100014,Field Administration,No,FLD005,Field Administration - North,Madison,WI,53703,NDA AM / EXPRESS PLUS PKG,Next Day Air Early,NDA Early,Premium,Domestic,Yes,6,1485.73,521.35,964.38,13.1,,,No,Yes,No,No,SAMPLE_2025_06_VolumeSpend.xlsx,Synthetic,Payor View
2025,6,Jun,202506,Q2,2025-06-01,0009100014|FLD005,0009100014,Field Administration,No,FLD005,Field Administration - North,Madison,WI,53703,WW EXPRESS REG PKG,International Express,Intl Express,Premium,International,Yes,6,2444.94,865.01,1579.93,58.4,,,No,Yes,No,No,SAMPLE_2025_06_VolumeSpend.xlsx,Synthetic,Payor View
2025,6,Jun,202506,Q2,2025-06-01,0009100014|FLD005,0009100014,Field Administration,No,FLD005,Field Administration - North,Madison,WI,53703,WW EXPRESS PM / SAVER PKG,International Express Saver,Intl Saver,Premium,International,Yes,5,1771.82,566.81,1205.01,41.5,,,No,Yes,No,No,SAMPLE_2025_06_VolumeSpend.xlsx,Synthetic,Payor View
2025,6,Jun,202506,Q2,2025-06-01,0009100014|FLD005,0009100014,Field Administration,No,FLD005,Field Administration - North,Madison,WI,53703,WW EXPEDITED / 2DA PKG,International Expedited,Intl Expedited,Expedited,International,Yes,1,219.16,76.42,142.74,5.9,,,No,Yes,No,No,SAMPLE_2025_06_VolumeSpend.xlsx,Synthetic,Payor View
2025,6,Jun,202506,Q2,2025-06-01,0009100014|FLD005,0009100014,Field Administration,No,FLD005,Field Administration - North,Madison,WI,53703,MISC / UNC,Excluded - Adjustments,Excluded,Non-Service,Not Applicable,No,0,1203.75,1203.75,0.0,0.0,,,Yes,No,Yes,No,SAMPLE_2025_06_VolumeSpend.xlsx,Synthetic,Payor View
2025,6,Jun,202506,Q2,2025-06-01,0009100015|HQX006,0009100015,Corporate HQ,No,HQX006,Corporate HQ - Facilities,Columbus,OH,43004,GROUND PKG,Ground,Ground,Deferred,Domestic,Yes,1983,79485.98,26771.12,52714.86,34987.5,,,No,Yes,No,No,SAMPLE_2025_06_VolumeSpend.xlsx,Synthetic,Payor View
2025,6,Jun,202506,Q2,2025-06-01,0009100015|HQX006,0009100015,Corporate HQ,No,HQX006,Corporate HQ - Facilities,Columbus,OH,43004,GROUND CWT,Ground,Ground,Deferred,Domestic,Yes,9,896.49,302.07,594.42,230.5,,,No,Yes,No,No,SAMPLE_2025_06_VolumeSpend.xlsx,Synthetic,Payor View
2025,6,Jun,202506,Q2,2025-06-01,0009100015|HQX006,0009100015,Corporate HQ,No,HQX006,Corporate HQ - Facilities,Columbus,OH,43004,STANDARD GROUND,Ground,Ground,Deferred,Domestic,Yes,31,779.43,275.12,504.31,294.4,,,No,Yes,No,No,SAMPLE_2025_06_VolumeSpend.xlsx,Synthetic,Payor View
2025,6,Jun,202506,Q2,2025-06-01,0009100015|HQX006,0009100015,Corporate HQ,No,HQX006,Corporate HQ - Facilities,Columbus,OH,43004,3DS PKG,3 Day Select,3DS,Deferred,Domestic,Yes,33,1440.25,448.46,991.79,105.6,,,No,Yes,No,No,SAMPLE_2025_06_VolumeSpend.xlsx,Synthetic,Payor View
2025,6,Jun,202506,Q2,2025-06-01,0009100015|HQX006,0009100015,Corporate HQ,No,HQX006,Corporate HQ - Facilities,Columbus,OH,43004,2DA REG / EXPEDITED PKG,2nd Day Air / Expedited,2DA,Expedited,Domestic,Yes,158,8188.4,2907.19,5281.21,434.0,,,No,Yes,No,No,SAMPLE_2025_06_VolumeSpend.xlsx,Synthetic,Payor View
2025,6,Jun,202506,Q2,2025-06-01,0009100015|HQX006,0009100015,Corporate HQ,No,HQX006,Corporate HQ - Facilities,Columbus,OH,43004,2DA REG / EXPEDITED LTR,2nd Day Air / Expedited,2DA,Expedited,Domestic,Yes,52,645.68,233.63,412.05,21.8,,,No,Yes,No,No,SAMPLE_2025_06_VolumeSpend.xlsx,Synthetic,Payor View
2025,6,Jun,202506,Q2,2025-06-01,0009100015|HQX006,0009100015,Corporate HQ,No,HQX006,Corporate HQ - Facilities,Columbus,OH,43004,2DA AM PKG,2nd Day Air Early A.M.,2DA AM,Expedited,Domestic,Yes,9,90.07,31.39,58.68,2.5,,,No,Yes,No,No,SAMPLE_2025_06_VolumeSpend.xlsx,Synthetic,Payor View
2025,6,Jun,202506,Q2,2025-06-01,0009100015|HQX006,0009100015,Corporate HQ,No,HQX006,Corporate HQ - Facilities,Columbus,OH,43004,NDA PM / EXPRESS SAVER PKG,Next Day Air Saver,NDA Saver,Premium,Domestic,Yes,72,3505.73,1078.92,2426.81,69.3,,,No,Yes,No,No,SAMPLE_2025_06_VolumeSpend.xlsx,Synthetic,Payor View
2025,6,Jun,202506,Q2,2025-06-01,0009100015|HQX006,0009100015,Corporate HQ,No,HQX006,Corporate HQ - Facilities,Columbus,OH,43004,NDA PM / EXPRESS SAVER LTR,Next Day Air Saver,NDA Saver,Premium,Domestic,Yes,24,468.84,174.69,294.15,8.3,,,No,Yes,No,No,SAMPLE_2025_06_VolumeSpend.xlsx,Synthetic,Payor View
2025,6,Jun,202506,Q2,2025-06-01,0009100015|HQX006,0009100015,Corporate HQ,No,HQX006,Corporate HQ - Facilities,Columbus,OH,43004,NDA REG / EXPRESS PKG,Next Day Air / Express,NDA,Premium,Domestic,Yes,178,14014.09,5019.63,8994.46,585.8,,,No,Yes,No,No,SAMPLE_2025_06_VolumeSpend.xlsx,Synthetic,Payor View
2025,6,Jun,202506,Q2,2025-06-01,0009100015|HQX006,0009100015,Corporate HQ,No,HQX006,Corporate HQ - Facilities,Columbus,OH,43004,NDA REG / EXPRESS LTR,Next Day Air / Express,NDA,Premium,Domestic,Yes,264,5888.17,1914.33,3973.84,99.0,,,No,Yes,No,No,SAMPLE_2025_06_VolumeSpend.xlsx,Synthetic,Payor View
2025,6,Jun,202506,Q2,2025-06-01,0009100015|HQX006,0009100015,Corporate HQ,No,HQX006,Corporate HQ - Facilities,Columbus,OH,43004,NDA AM / EXPRESS PLUS PKG,Next Day Air Early,NDA Early,Premium,Domestic,Yes,1,316.44,101.9,214.54,2.3,,,No,Yes,No,No,SAMPLE_2025_06_VolumeSpend.xlsx,Synthetic,Payor View
2025,6,Jun,202506,Q2,2025-06-01,0009100015|HQX006,0009100015,Corporate HQ,No,HQX006,Corporate HQ - Facilities,Columbus,OH,43004,WW EXPRESS REG PKG,International Express,Intl Express,Premium,International,Yes,2,682.77,235.36,447.41,17.6,,,No,Yes,No,No,SAMPLE_2025_06_VolumeSpend.xlsx,Synthetic,Payor View
2025,6,Jun,202506,Q2,2025-06-01,0009100015|HQX006,0009100015,Corporate HQ,No,HQX006,Corporate HQ - Facilities,Columbus,OH,43004,WW EXPRESS PM / SAVER PKG,International Express Saver,Intl Saver,Premium,International,Yes,1,377.19,128.0,249.19,9.4,,,No,Yes,No,No,SAMPLE_2025_06_VolumeSpend.xlsx,Synthetic,Payor View
2025,6,Jun,202506,Q2,2025-06-01,0009100015|HQX006,0009100015,Corporate HQ,No,HQX006,Corporate HQ - Facilities,Columbus,OH,43004,MISC / UNC,Excluded - Adjustments,Excluded,Non-Service,Not Applicable,No,0,270.43,270.43,0.0,0.0,,,Yes,No,Yes,No,SAMPLE_2025_06_VolumeSpend.xlsx,Synthetic,Payor View
2025,6,Jun,202506,Q2,2025-06-01,0009100016|RTL007,0009100016,Retail Partner Network,No,RTL007,Retail Partner Network - Stores,Phoenix,AZ,85004,GROUND PKG,Ground,Ground,Deferred,Domestic,Yes,10779,503434.43,166141.7,337292.73,199043.8,,,No,Yes,No,No,SAMPLE_2025_06_VolumeSpend.xlsx,Synthetic,Payor View
2025,6,Jun,202506,Q2,2025-06-01,0009100016|RTL007,0009100016,Retail Partner Network,No,RTL007,Retail Partner Network - Stores,Phoenix,AZ,85004,GROUND CWT,Ground,Ground,Deferred,Domestic,Yes,56,6888.76,2202.36,4686.4,1779.6,,,No,Yes,No,No,SAMPLE_2025_06_VolumeSpend.xlsx,Synthetic,Payor View
2025,6,Jun,202506,Q2,2025-06-01,0009100016|RTL007,0009100016,Retail Partner Network,No,RTL007,Retail Partner Network - Stores,Phoenix,AZ,85004,STANDARD GROUND,Ground,Ground,Deferred,Domestic,Yes,191,4509.74,1599.55,2910.19,1658.6,,,No,Yes,No,No,SAMPLE_2025_06_VolumeSpend.xlsx,Synthetic,Payor View
2025,6,Jun,202506,Q2,2025-06-01,0009100016|RTL007,0009100016,Retail Partner Network,No,RTL007,Retail Partner Network - Stores,Phoenix,AZ,85004,3DS PKG,3 Day Select,3DS,Deferred,Domestic,Yes,154,6234.9,2044.03,4190.87,512.7,,,No,Yes,No,No,SAMPLE_2025_06_VolumeSpend.xlsx,Synthetic,Payor View
2025,6,Jun,202506,Q2,2025-06-01,0009100016|RTL007,0009100016,Retail Partner Network,No,RTL007,Retail Partner Network - Stores,Phoenix,AZ,85004,2DA REG / EXPEDITED PKG,2nd Day Air / Expedited,2DA,Expedited,Domestic,Yes,1113,58336.05,20344.52,37991.53,3490.4,,,No,Yes,No,No,SAMPLE_2025_06_VolumeSpend.xlsx,Synthetic,Payor View
2025,6,Jun,202506,Q2,2025-06-01,0009100016|RTL007,0009100016,Retail Partner Network,No,RTL007,Retail Partner Network - Stores,Phoenix,AZ,85004,2DA REG / EXPEDITED LTR,2nd Day Air / Expedited,2DA,Expedited,Domestic,Yes,317,4898.39,1721.37,3177.02,172.8,,,No,Yes,No,No,SAMPLE_2025_06_VolumeSpend.xlsx,Synthetic,Payor View
2025,6,Jun,202506,Q2,2025-06-01,0009100016|RTL007,0009100016,Retail Partner Network,No,RTL007,Retail Partner Network - Stores,Phoenix,AZ,85004,2DA AM PKG,2nd Day Air Early A.M.,2DA AM,Expedited,Domestic,Yes,62,608.46,209.1,399.36,16.4,,,No,Yes,No,No,SAMPLE_2025_06_VolumeSpend.xlsx,Synthetic,Payor View
2025,6,Jun,202506,Q2,2025-06-01,0009100016|RTL007,0009100016,Retail Partner Network,No,RTL007,Retail Partner Network - Stores,Phoenix,AZ,85004,NDA PM / EXPRESS SAVER PKG,Next Day Air Saver,NDA Saver,Premium,Domestic,Yes,425,19325.56,6071.08,13254.48,459.6,,,No,Yes,No,No,SAMPLE_2025_06_VolumeSpend.xlsx,Synthetic,Payor View
2025,6,Jun,202506,Q2,2025-06-01,0009100016|RTL007,0009100016,Retail Partner Network,No,RTL007,Retail Partner Network - Stores,Phoenix,AZ,85004,NDA PM / EXPRESS SAVER LTR,Next Day Air Saver,NDA Saver,Premium,Domestic,Yes,86,1924.13,680.4,1243.73,29.3,,,No,Yes,No,No,SAMPLE_2025_06_VolumeSpend.xlsx,Synthetic,Payor View
2025,6,Jun,202506,Q2,2025-06-01,0009100016|RTL007,0009100016,Retail Partner Network,No,RTL007,Retail Partner Network - Stores,Phoenix,AZ,85004,NDA REG / EXPRESS PKG,Next Day Air / Express,NDA,Premium,Domestic,Yes,800,59978.82,20228.98,39749.84,2317.1,,,No,Yes,No,No,SAMPLE_2025_06_VolumeSpend.xlsx,Synthetic,Payor View
2025,6,Jun,202506,Q2,2025-06-01,0009100016|RTL007,0009100016,Retail Partner Network,No,RTL007,Retail Partner Network - Stores,Phoenix,AZ,85004,NDA REG / EXPRESS LTR,Next Day Air / Express,NDA,Premium,Domestic,Yes,1124,24700.48,8898.72,15801.76,397.4,,,No,Yes,No,No,SAMPLE_2025_06_VolumeSpend.xlsx,Synthetic,Payor View
2025,6,Jun,202506,Q2,2025-06-01,0009100016|RTL007,0009100016,Retail Partner Network,No,RTL007,Retail Partner Network - Stores,Phoenix,AZ,85004,NDA AM / EXPRESS PLUS PKG,Next Day Air Early,NDA Early,Premium,Domestic,Yes,6,1521.33,507.89,1013.44,11.4,,,No,Yes,No,No,SAMPLE_2025_06_VolumeSpend.xlsx,Synthetic,Payor View
2025,6,Jun,202506,Q2,2025-06-01,0009100016|RTL007,0009100016,Retail Partner Network,No,RTL007,Retail Partner Network - Stores,Phoenix,AZ,85004,WW EXPRESS REG PKG,International Express,Intl Express,Premium,International,Yes,7,2790.68,904.26,1886.42,72.4,,,No,Yes,No,No,SAMPLE_2025_06_VolumeSpend.xlsx,Synthetic,Payor View
2025,6,Jun,202506,Q2,2025-06-01,0009100016|RTL007,0009100016,Retail Partner Network,No,RTL007,Retail Partner Network - Stores,Phoenix,AZ,85004,WW EXPRESS PM / SAVER PKG,International Express Saver,Intl Saver,Premium,International,Yes,6,1761.98,570.69,1191.29,47.7,,,No,Yes,No,No,SAMPLE_2025_06_VolumeSpend.xlsx,Synthetic,Payor View
2025,6,Jun,202506,Q2,2025-06-01,0009100016|RTL007,0009100016,Retail Partner Network,No,RTL007,Retail Partner Network - Stores,Phoenix,AZ,85004,WW EXPEDITED / 2DA PKG,International Expedited,Intl Expedited,Expedited,International,Yes,3,567.4,210.94,356.46,17.4,,,No,Yes,No,No,SAMPLE_2025_06_VolumeSpend.xlsx,Synthetic,Payor View
2025,6,Jun,202506,Q2,2025-06-01,0009100016|RTL007,0009100016,Retail Partner Network,No,RTL007,Retail Partner Network - Stores,Phoenix,AZ,85004,MISC / UNC,Excluded - Adjustments,Excluded,Non-Service,Not Applicable,No,0,1904.95,1904.95,0.0,0.0,,,Yes,No,Yes,No,SAMPLE_2025_06_VolumeSpend.xlsx,Synthetic,Payor View
2025,6,Jun,202506,Q2,2025-06-01,0009100017|CSH008,0009100017,Cash Operations,No,CSH008,Cash Operations - Processing,Newark,NJ,07102,GROUND PKG,Ground,Ground,Deferred,Domestic,Yes,3279,151064.08,54581.52,96482.56,65670.5,,,No,Yes,No,No,SAMPLE_2025_06_VolumeSpend.xlsx,Synthetic,Payor View
2025,6,Jun,202506,Q2,2025-06-01,0009100017|CSH008,0009100017,Cash Operations,No,CSH008,Cash Operations - Processing,Newark,NJ,07102,GROUND CWT,Ground,Ground,Deferred,Domestic,Yes,18,1897.02,607.76,1289.26,535.5,,,No,Yes,No,No,SAMPLE_2025_06_VolumeSpend.xlsx,Synthetic,Payor View
2025,6,Jun,202506,Q2,2025-06-01,0009100017|CSH008,0009100017,Cash Operations,No,CSH008,Cash Operations - Processing,Newark,NJ,07102,STANDARD GROUND,Ground,Ground,Deferred,Domestic,Yes,63,2297.44,755.69,1541.75,642.9,,,No,Yes,No,No,SAMPLE_2025_06_VolumeSpend.xlsx,Synthetic,Payor View
2025,6,Jun,202506,Q2,2025-06-01,0009100017|CSH008,0009100017,Cash Operations,No,CSH008,Cash Operations - Processing,Newark,NJ,07102,3DS PKG,3 Day Select,3DS,Deferred,Domestic,Yes,42,1786.15,642.51,1143.64,156.9,,,No,Yes,No,No,SAMPLE_2025_06_VolumeSpend.xlsx,Synthetic,Payor View
2025,6,Jun,202506,Q2,2025-06-01,0009100017|CSH008,0009100017,Cash Operations,No,CSH008,Cash Operations - Processing,Newark,NJ,07102,2DA REG / EXPEDITED PKG,2nd Day Air / Expedited,2DA,Expedited,Domestic,Yes,420,20137.96,7050.13,13087.83,1255.2,,,No,Yes,No,No,SAMPLE_2025_06_VolumeSpend.xlsx,Synthetic,Payor View
2025,6,Jun,202506,Q2,2025-06-01,0009100017|CSH008,0009100017,Cash Operations,No,CSH008,Cash Operations - Processing,Newark,NJ,07102,2DA REG / EXPEDITED LTR,2nd Day Air / Expedited,2DA,Expedited,Domestic,Yes,92,1471.42,500.94,970.48,51.9,,,No,Yes,No,No,SAMPLE_2025_06_VolumeSpend.xlsx,Synthetic,Payor View
2025,6,Jun,202506,Q2,2025-06-01,0009100017|CSH008,0009100017,Cash Operations,No,CSH008,Cash Operations - Processing,Newark,NJ,07102,2DA AM PKG,2nd Day Air Early A.M.,2DA AM,Expedited,Domestic,Yes,17,193.34,69.9,123.44,5.6,,,No,Yes,No,No,SAMPLE_2025_06_VolumeSpend.xlsx,Synthetic,Payor View
2025,6,Jun,202506,Q2,2025-06-01,0009100017|CSH008,0009100017,Cash Operations,No,CSH008,Cash Operations - Processing,Newark,NJ,07102,NDA PM / EXPRESS SAVER PKG,Next Day Air Saver,NDA Saver,Premium,Domestic,Yes,136,7906.86,2504.3,5402.56,171.3,,,No,Yes,No,No,SAMPLE_2025_06_VolumeSpend.xlsx,Synthetic,Payor View
2025,6,Jun,202506,Q2,2025-06-01,0009100017|CSH008,0009100017,Cash Operations,No,CSH008,Cash Operations - Processing,Newark,NJ,07102,NDA PM / EXPRESS SAVER LTR,Next Day Air Saver,NDA Saver,Premium,Domestic,Yes,31,1023.8,329.62,694.18,13.5,,,No,Yes,No,No,SAMPLE_2025_06_VolumeSpend.xlsx,Synthetic,Payor View
2025,6,Jun,202506,Q2,2025-06-01,0009100017|CSH008,0009100017,Cash Operations,No,CSH008,Cash Operations - Processing,Newark,NJ,07102,NDA REG / EXPRESS PKG,Next Day Air / Express,NDA,Premium,Domestic,Yes,288,16820.3,6157.9,10662.4,721.5,,,No,Yes,No,No,SAMPLE_2025_06_VolumeSpend.xlsx,Synthetic,Payor View
2025,6,Jun,202506,Q2,2025-06-01,0009100017|CSH008,0009100017,Cash Operations,No,CSH008,Cash Operations - Processing,Newark,NJ,07102,NDA REG / EXPRESS LTR,Next Day Air / Express,NDA,Premium,Domestic,Yes,434,12534.19,4218.65,8315.54,181.4,,,No,Yes,No,No,SAMPLE_2025_06_VolumeSpend.xlsx,Synthetic,Payor View
2025,6,Jun,202506,Q2,2025-06-01,0009100017|CSH008,0009100017,Cash Operations,No,CSH008,Cash Operations - Processing,Newark,NJ,07102,NDA AM / EXPRESS PLUS PKG,Next Day Air Early,NDA Early,Premium,Domestic,Yes,2,525.84,170.88,354.96,4.3,,,No,Yes,No,No,SAMPLE_2025_06_VolumeSpend.xlsx,Synthetic,Payor View
2025,6,Jun,202506,Q2,2025-06-01,0009100017|CSH008,0009100017,Cash Operations,No,CSH008,Cash Operations - Processing,Newark,NJ,07102,WW EXPRESS REG PKG,International Express,Intl Express,Premium,International,Yes,3,1189.6,365.74,823.86,25.9,,,No,Yes,No,No,SAMPLE_2025_06_VolumeSpend.xlsx,Synthetic,Payor View
2025,6,Jun,202506,Q2,2025-06-01,0009100017|CSH008,0009100017,Cash Operations,No,CSH008,Cash Operations - Processing,Newark,NJ,07102,WW EXPRESS PM / SAVER PKG,International Express Saver,Intl Saver,Premium,International,Yes,2,474.77,170.57,304.2,14.1,,,No,Yes,No,No,SAMPLE_2025_06_VolumeSpend.xlsx,Synthetic,Payor View
2025,6,Jun,202506,Q2,2025-06-01,0009100017|CSH008,0009100017,Cash Operations,No,CSH008,Cash Operations - Processing,Newark,NJ,07102,WW EXPEDITED / 2DA PKG,International Expedited,Intl Expedited,Expedited,International,Yes,1,192.54,71.55,120.99,5.8,,,No,Yes,No,No,SAMPLE_2025_06_VolumeSpend.xlsx,Synthetic,Payor View
2025,6,Jun,202506,Q2,2025-06-01,0009100017|CSH008,0009100017,Cash Operations,No,CSH008,Cash Operations - Processing,Newark,NJ,07102,MISC / UNC,Excluded - Adjustments,Excluded,Non-Service,Not Applicable,No,0,978.38,978.38,0.0,0.0,,,Yes,No,Yes,No,SAMPLE_2025_06_VolumeSpend.xlsx,Synthetic,Payor View
2025,6,Jun,202506,Q2,2025-06-01,@@|TCO009,@@,Unassigned Sub-Parent,Yes,TCO009,Transfer Co Operations,Whippany,NJ,07981,GROUND PKG,Ground,Ground,Deferred,Domestic,Yes,514,23397.9,8428.68,14969.22,9103.9,,,No,Yes,No,No,SAMPLE_2025_06_VolumeSpend.xlsx,Synthetic,Payor View
2025,6,Jun,202506,Q2,2025-06-01,@@|TCO009,@@,Unassigned Sub-Parent,Yes,TCO009,Transfer Co Operations,Whippany,NJ,07981,GROUND CWT,Ground,Ground,Deferred,Domestic,Yes,2,224.54,74.44,150.1,62.0,,,No,Yes,No,No,SAMPLE_2025_06_VolumeSpend.xlsx,Synthetic,Payor View
2025,6,Jun,202506,Q2,2025-06-01,@@|TCO009,@@,Unassigned Sub-Parent,Yes,TCO009,Transfer Co Operations,Whippany,NJ,07981,STANDARD GROUND,Ground,Ground,Deferred,Domestic,Yes,6,155.74,56.49,99.25,51.7,,,No,Yes,No,No,SAMPLE_2025_06_VolumeSpend.xlsx,Synthetic,Payor View
2025,6,Jun,202506,Q2,2025-06-01,@@|TCO009,@@,Unassigned Sub-Parent,Yes,TCO009,Transfer Co Operations,Whippany,NJ,07981,3DS PKG,3 Day Select,3DS,Deferred,Domestic,Yes,7,291.97,107.72,184.25,26.1,,,No,Yes,No,No,SAMPLE_2025_06_VolumeSpend.xlsx,Synthetic,Payor View
2025,6,Jun,202506,Q2,2025-06-01,@@|TCO009,@@,Unassigned Sub-Parent,Yes,TCO009,Transfer Co Operations,Whippany,NJ,07981,2DA REG / EXPEDITED PKG,2nd Day Air / Expedited,2DA,Expedited,Domestic,Yes,41,2720.2,864.32,1855.88,136.3,,,No,Yes,No,No,SAMPLE_2025_06_VolumeSpend.xlsx,Synthetic,Payor View
2025,6,Jun,202506,Q2,2025-06-01,@@|TCO009,@@,Unassigned Sub-Parent,Yes,TCO009,Transfer Co Operations,Whippany,NJ,07981,2DA REG / EXPEDITED LTR,2nd Day Air / Expedited,2DA,Expedited,Domestic,Yes,11,156.63,50.06,106.57,5.4,,,No,Yes,No,No,SAMPLE_2025_06_VolumeSpend.xlsx,Synthetic,Payor View
2025,6,Jun,202506,Q2,2025-06-01,@@|TCO009,@@,Unassigned Sub-Parent,Yes,TCO009,Transfer Co Operations,Whippany,NJ,07981,2DA AM PKG,2nd Day Air Early A.M.,2DA AM,Expedited,Domestic,Yes,2,23.46,8.21,15.25,0.7,,,No,Yes,No,No,SAMPLE_2025_06_VolumeSpend.xlsx,Synthetic,Payor View
2025,6,Jun,202506,Q2,2025-06-01,@@|TCO009,@@,Unassigned Sub-Parent,Yes,TCO009,Transfer Co Operations,Whippany,NJ,07981,NDA PM / EXPRESS SAVER PKG,Next Day Air Saver,NDA Saver,Premium,Domestic,Yes,18,921.14,286.81,634.33,20.4,,,No,Yes,No,No,SAMPLE_2025_06_VolumeSpend.xlsx,Synthetic,Payor View
2025,6,Jun,202506,Q2,2025-06-01,@@|TCO009,@@,Unassigned Sub-Parent,Yes,TCO009,Transfer Co Operations,Whippany,NJ,07981,NDA PM / EXPRESS SAVER LTR,Next Day Air Saver,NDA Saver,Premium,Domestic,Yes,5,163.19,50.32,112.87,2.1,,,No,Yes,No,No,SAMPLE_2025_06_VolumeSpend.xlsx,Synthetic,Payor View
2025,6,Jun,202506,Q2,2025-06-01,@@|TCO009,@@,Unassigned Sub-Parent,Yes,TCO009,Transfer Co Operations,Whippany,NJ,07981,NDA REG / EXPRESS PKG,Next Day Air / Express,NDA,Premium,Domestic,Yes,38,2865.95,942.19,1923.76,95.3,,,No,Yes,No,No,SAMPLE_2025_06_VolumeSpend.xlsx,Synthetic,Payor View
2025,6,Jun,202506,Q2,2025-06-01,@@|TCO009,@@,Unassigned Sub-Parent,Yes,TCO009,Transfer Co Operations,Whippany,NJ,07981,NDA REG / EXPRESS LTR,Next Day Air / Express,NDA,Premium,Domestic,Yes,60,1514.9,532.48,982.42,26.8,,,No,Yes,No,No,SAMPLE_2025_06_VolumeSpend.xlsx,Synthetic,Payor View
2025,6,Jun,202506,Q2,2025-06-01,@@|TCO009,@@,Unassigned Sub-Parent,Yes,TCO009,Transfer Co Operations,Whippany,NJ,07981,MISC / UNC,Excluded - Adjustments,Excluded,Non-Service,Not Applicable,No,0,64.43,64.43,0.0,0.0,,,Yes,No,Yes,No,SAMPLE_2025_06_VolumeSpend.xlsx,Synthetic,Payor View
2025,7,Jul,202507,Q3,2025-07-01,0009100011|TCH001,0009100011,Technology Operations,No,TCH001,Technology Operations - Central,Columbus,OH,43004,GROUND PKG,Ground,Ground,Deferred,Domestic,Yes,18119,847616.47,261819.14,585797.33,315688.4,,,No,Yes,No,No,SAMPLE_2025_07_VolumeSpend.xlsx,Synthetic,Payor View
2025,7,Jul,202507,Q3,2025-07-01,0009100011|TCH001,0009100011,Technology Operations,No,TCH001,Technology Operations - Central,Columbus,OH,43004,GROUND CWT,Ground,Ground,Deferred,Domestic,Yes,85,9011.81,3273.11,5738.7,2972.1,,,No,Yes,No,No,SAMPLE_2025_07_VolumeSpend.xlsx,Synthetic,Payor View
2025,7,Jul,202507,Q3,2025-07-01,0009100011|TCH001,0009100011,Technology Operations,No,TCH001,Technology Operations - Central,Columbus,OH,43004,STANDARD GROUND,Ground,Ground,Deferred,Domestic,Yes,223,6314.85,2167.75,4147.1,1952.7,,,No,Yes,No,No,SAMPLE_2025_07_VolumeSpend.xlsx,Synthetic,Payor View
2025,7,Jul,202507,Q3,2025-07-01,0009100011|TCH001,0009100011,Technology Operations,No,TCH001,Technology Operations - Central,Columbus,OH,43004,3DS PKG,3 Day Select,3DS,Deferred,Domestic,Yes,272,11808.14,3743.46,8064.68,1005.6,,,No,Yes,No,No,SAMPLE_2025_07_VolumeSpend.xlsx,Synthetic,Payor View
2025,7,Jul,202507,Q3,2025-07-01,0009100011|TCH001,0009100011,Technology Operations,No,TCH001,Technology Operations - Central,Columbus,OH,43004,2DA REG / EXPEDITED PKG,2nd Day Air / Expedited,2DA,Expedited,Domestic,Yes,1524,75024.03,23900.73,51123.3,4061.6,,,No,Yes,No,No,SAMPLE_2025_07_VolumeSpend.xlsx,Synthetic,Payor View
2025,7,Jul,202507,Q3,2025-07-01,0009100011|TCH001,0009100011,Technology Operations,No,TCH001,Technology Operations - Central,Columbus,OH,43004,2DA REG / EXPEDITED LTR,2nd Day Air / Expedited,2DA,Expedited,Domestic,Yes,427,6545.23,2349.7,4195.53,243.7,,,No,Yes,No,No,SAMPLE_2025_07_VolumeSpend.xlsx,Synthetic,Payor View
2025,7,Jul,202507,Q3,2025-07-01,0009100011|TCH001,0009100011,Technology Operations,No,TCH001,Technology Operations - Central,Columbus,OH,43004,2DA AM PKG,2nd Day Air Early A.M.,2DA AM,Expedited,Domestic,Yes,109,1196.7,379.17,817.53,34.7,,,No,Yes,No,No,SAMPLE_2025_07_VolumeSpend.xlsx,Synthetic,Payor View
2025,7,Jul,202507,Q3,2025-07-01,0009100011|TCH001,0009100011,Technology Operations,No,TCH001,Technology Operations - Central,Columbus,OH,43004,NDA PM / EXPRESS SAVER PKG,Next Day Air Saver,NDA Saver,Premium,Domestic,Yes,713,33356.06,10812.79,22543.27,778.3,,,No,Yes,No,No,SAMPLE_2025_07_VolumeSpend.xlsx,Synthetic,Payor View
2025,7,Jul,202507,Q3,2025-07-01,0009100011|TCH001,0009100011,Technology Operations,No,TCH001,Technology Operations - Central,Columbus,OH,43004,NDA PM / EXPRESS SAVER LTR,Next Day Air Saver,NDA Saver,Premium,Domestic,Yes,156,3191.77,1160.09,2031.68,59.1,,,No,Yes,No,No,SAMPLE_2025_07_VolumeSpend.xlsx,Synthetic,Payor View
2025,7,Jul,202507,Q3,2025-07-01,0009100011|TCH001,0009100011,Technology Operations,No,TCH001,Technology Operations - Central,Columbus,OH,43004,NDA REG / EXPRESS PKG,Next Day Air / Express,NDA,Premium,Domestic,Yes,1565,141505.05,48944.53,92560.52,5054.4,,,No,Yes,No,No,SAMPLE_2025_07_VolumeSpend.xlsx,Synthetic,Payor View
2025,7,Jul,202507,Q3,2025-07-01,0009100011|TCH001,0009100011,Technology Operations,No,TCH001,Technology Operations - Central,Columbus,OH,43004,NDA REG / EXPRESS LTR,Next Day Air / Express,NDA,Premium,Domestic,Yes,1720,32724.14,11944.74,20779.4,616.6,,,No,Yes,No,No,SAMPLE_2025_07_VolumeSpend.xlsx,Synthetic,Payor View
2025,7,Jul,202507,Q3,2025-07-01,0009100011|TCH001,0009100011,Technology Operations,No,TCH001,Technology Operations - Central,Columbus,OH,43004,NDA AM / EXPRESS PLUS PKG,Next Day Air Early,NDA Early,Premium,Domestic,Yes,13,3624.12,1318.08,2306.04,30.6,,,No,Yes,No,No,SAMPLE_2025_07_VolumeSpend.xlsx,Synthetic,Payor View
2025,7,Jul,202507,Q3,2025-07-01,0009100011|TCH001,0009100011,Technology Operations,No,TCH001,Technology Operations - Central,Columbus,OH,43004,WW EXPRESS REG PKG,International Express,Intl Express,Premium,International,Yes,14,4334.5,1547.98,2786.52,104.1,,,No,Yes,No,No,SAMPLE_2025_07_VolumeSpend.xlsx,Synthetic,Payor View
2025,7,Jul,202507,Q3,2025-07-01,0009100011|TCH001,0009100011,Technology Operations,No,TCH001,Technology Operations - Central,Columbus,OH,43004,WW EXPRESS PM / SAVER PKG,International Express Saver,Intl Saver,Premium,International,Yes,10,2521.61,940.61,1581.0,77.2,,,No,Yes,No,No,SAMPLE_2025_07_VolumeSpend.xlsx,Synthetic,Payor View
2025,7,Jul,202507,Q3,2025-07-01,0009100011|TCH001,0009100011,Technology Operations,No,TCH001,Technology Operations - Central,Columbus,OH,43004,WW EXPEDITED / 2DA PKG,International Expedited,Intl Expedited,Expedited,International,Yes,4,1169.84,404.48,765.36,32.8,,,No,Yes,No,No,SAMPLE_2025_07_VolumeSpend.xlsx,Synthetic,Payor View
2025,7,Jul,202507,Q3,2025-07-01,0009100011|TCH001,0009100011,Technology Operations,No,TCH001,Technology Operations - Central,Columbus,OH,43004,MISC / UNC,Excluded - Adjustments,Excluded,Non-Service,Not Applicable,No,0,4040.45,4040.45,0.0,0.0,,,Yes,No,Yes,No,SAMPLE_2025_07_VolumeSpend.xlsx,Synthetic,Payor View
2025,7,Jul,202507,Q3,2025-07-01,0009100012|MAI002,0009100012,Mail Services,No,MAI002,Mail Services - Regional,Kansas City,MO,64108,GROUND PKG,Ground,Ground,Deferred,Domestic,Yes,2351,96238.93,30627.7,65611.23,37375.4,,,No,Yes,No,No,SAMPLE_2025_07_VolumeSpend.xlsx,Synthetic,Payor View
2025,7,Jul,202507,Q3,2025-07-01,0009100012|MAI002,0009100012,Mail Services,No,MAI002,Mail Services - Regional,Kansas City,MO,64108,GROUND CWT,Ground,Ground,Deferred,Domestic,Yes,16,1458.39,523.54,934.85,472.6,,,No,Yes,No,No,SAMPLE_2025_07_VolumeSpend.xlsx,Synthetic,Payor View
2025,7,Jul,202507,Q3,2025-07-01,0009100012|MAI002,0009100012,Mail Services,No,MAI002,Mail Services - Regional,Kansas City,MO,64108,STANDARD GROUND,Ground,Ground,Deferred,Domestic,Yes,45,1104.31,386.31,718.0,384.9,,,No,Yes,No,No,SAMPLE_2025_07_VolumeSpend.xlsx,Synthetic,Payor View
2025,7,Jul,202507,Q3,2025-07-01,0009100012|MAI002,0009100012,Mail Services,No,MAI002,Mail Services - Regional,Kansas City,MO,64108,3DS PKG,3 Day Select,3DS,Deferred,Domestic,Yes,43,1627.61,536.03,1091.58,135.0,,,No,Yes,No,No,SAMPLE_2025_07_VolumeSpend.xlsx,Synthetic,Payor View
2025,7,Jul,202507,Q3,2025-07-01,0009100012|MAI002,0009100012,Mail Services,No,MAI002,Mail Services - Regional,Kansas City,MO,64108,2DA REG / EXPEDITED PKG,2nd Day Air / Expedited,2DA,Expedited,Domestic,Yes,259,10829.3,4034.44,6794.86,706.0,,,No,Yes,No,No,SAMPLE_2025_07_VolumeSpend.xlsx,Synthetic,Payor View
2025,7,Jul,202507,Q3,2025-07-01,0009100012|MAI002,0009100012,Mail Services,No,MAI002,Mail Services - Regional,Kansas City,MO,64108,2DA REG / EXPEDITED LTR,2nd Day Air / Expedited,2DA,Expedited,Domestic,Yes,82,1270.89,451.19,819.7,46.7,,,No,Yes,No,No,SAMPLE_2025_07_VolumeSpend.xlsx,Synthetic,Payor View
2025,7,Jul,202507,Q3,2025-07-01,0009100012|MAI002,0009100012,Mail Services,No,MAI002,Mail Services - Regional,Kansas City,MO,64108,2DA AM PKG,2nd Day Air Early A.M.,2DA AM,Expedited,Domestic,Yes,14,169.08,53.76,115.32,4.5,,,No,Yes,No,No,SAMPLE_2025_07_VolumeSpend.xlsx,Synthetic,Payor View
2025,7,Jul,202507,Q3,2025-07-01,0009100012|MAI002,0009100012,Mail Services,No,MAI002,Mail Services - Regional,Kansas City,MO,64108,NDA PM / EXPRESS SAVER PKG,Next Day Air Saver,NDA Saver,Premium,Domestic,Yes,125,7265.2,2376.78,4888.42,160.8,,,No,Yes,No,No,SAMPLE_2025_07_VolumeSpend.xlsx,Synthetic,Payor View
2025,7,Jul,202507,Q3,2025-07-01,0009100012|MAI002,0009100012,Mail Services,No,MAI002,Mail Services - Regional,Kansas City,MO,64108,NDA PM / EXPRESS SAVER LTR,Next Day Air Saver,NDA Saver,Premium,Domestic,Yes,30,927.54,291.15,636.39,12.1,,,No,Yes,No,No,SAMPLE_2025_07_VolumeSpend.xlsx,Synthetic,Payor View
2025,7,Jul,202507,Q3,2025-07-01,0009100012|MAI002,0009100012,Mail Services,No,MAI002,Mail Services - Regional,Kansas City,MO,64108,NDA REG / EXPRESS PKG,Next Day Air / Express,NDA,Premium,Domestic,Yes,212,19037.49,6761.06,12276.43,694.7,,,No,Yes,No,No,SAMPLE_2025_07_VolumeSpend.xlsx,Synthetic,Payor View
2025,7,Jul,202507,Q3,2025-07-01,0009100012|MAI002,0009100012,Mail Services,No,MAI002,Mail Services - Regional,Kansas City,MO,64108,NDA REG / EXPRESS LTR,Next Day Air / Express,NDA,Premium,Domestic,Yes,328,8566.09,3055.25,5510.84,137.4,,,No,Yes,No,No,SAMPLE_2025_07_VolumeSpend.xlsx,Synthetic,Payor View
2025,7,Jul,202507,Q3,2025-07-01,0009100012|MAI002,0009100012,Mail Services,No,MAI002,Mail Services - Regional,Kansas City,MO,64108,NDA AM / EXPRESS PLUS PKG,Next Day Air Early,NDA Early,Premium,Domestic,Yes,3,928.57,308.15,620.42,6.9,,,No,Yes,No,No,SAMPLE_2025_07_VolumeSpend.xlsx,Synthetic,Payor View
2025,7,Jul,202507,Q3,2025-07-01,0009100012|MAI002,0009100012,Mail Services,No,MAI002,Mail Services - Regional,Kansas City,MO,64108,WW EXPRESS REG PKG,International Express,Intl Express,Premium,International,Yes,2,644.61,218.37,426.24,14.9,,,No,Yes,No,No,SAMPLE_2025_07_VolumeSpend.xlsx,Synthetic,Payor View
2025,7,Jul,202507,Q3,2025-07-01,0009100012|MAI002,0009100012,Mail Services,No,MAI002,Mail Services - Regional,Kansas City,MO,64108,WW EXPRESS PM / SAVER PKG,International Express Saver,Intl Saver,Premium,International,Yes,2,502.16,170.7,331.46,13.8,,,No,Yes,No,No,SAMPLE_2025_07_VolumeSpend.xlsx,Synthetic,Payor View
2025,7,Jul,202507,Q3,2025-07-01,0009100012|MAI002,0009100012,Mail Services,No,MAI002,Mail Services - Regional,Kansas City,MO,64108,MISC / UNC,Excluded - Adjustments,Excluded,Non-Service,Not Applicable,No,0,700.52,700.52,0.0,0.0,,,Yes,No,Yes,No,SAMPLE_2025_07_VolumeSpend.xlsx,Synthetic,Payor View
2025,7,Jul,202507,Q3,2025-07-01,0009100013|VEN003,0009100013,Vendor Programs,No,VEN003,Vendor Programs - Print,Aurora,IL,60502,GROUND PKG,Ground,Ground,Deferred,Domestic,Yes,4113,183794.62,63357.16,120437.46,78239.4,,,No,Yes,No,No,SAMPLE_2025_07_VolumeSpend.xlsx,Synthetic,Payor View
2025,7,Jul,202507,Q3,2025-07-01,0009100013|VEN003,0009100013,Vendor Programs,No,VEN003,Vendor Programs - Print,Aurora,IL,60502,GROUND CWT,Ground,Ground,Deferred,Domestic,Yes,22,2851.04,890.46,1960.58,722.9,,,No,Yes,No,No,SAMPLE_2025_07_VolumeSpend.xlsx,Synthetic,Payor View
2025,7,Jul,202507,Q3,2025-07-01,0009100013|VEN003,0009100013,Vendor Programs,No,VEN003,Vendor Programs - Print,Aurora,IL,60502,STANDARD GROUND,Ground,Ground,Deferred,Domestic,Yes,71,1981.56,661.47,1320.09,649.0,,,No,Yes,No,No,SAMPLE_2025_07_VolumeSpend.xlsx,Synthetic,Payor View
2025,7,Jul,202507,Q3,2025-07-01,0009100013|VEN003,0009100013,Vendor Programs,No,VEN003,Vendor Programs - Print,Aurora,IL,60502,3DS PKG,3 Day Select,3DS,Deferred,Domestic,Yes,67,3010.95,1060.54,1950.41,268.7,,,No,Yes,No,No,SAMPLE_2025_07_VolumeSpend.xlsx,Synthetic,Payor View
2025,7,Jul,202507,Q3,2025-07-01,0009100013|VEN003,0009100013,Vendor Programs,No,VEN003,Vendor Programs - Print,Aurora,IL,60502,2DA REG / EXPEDITED PKG,2nd Day Air / Expedited,2DA,Expedited,Domestic,Yes,526,23817.37,8749.46,15067.91,1358.4,,,No,Yes,No,No,SAMPLE_2025_07_VolumeSpend.xlsx,Synthetic,Payor View
2025,7,Jul,202507,Q3,2025-07-01,0009100013|VEN003,0009100013,Vendor Programs,No,VEN003,Vendor Programs - Print,Aurora,IL,60502,2DA REG / EXPEDITED LTR,2nd Day Air / Expedited,2DA,Expedited,Domestic,Yes,105,1614.32,525.8,1088.52,54.8,,,No,Yes,No,No,SAMPLE_2025_07_VolumeSpend.xlsx,Synthetic,Payor View
2025,7,Jul,202507,Q3,2025-07-01,0009100013|VEN003,0009100013,Vendor Programs,No,VEN003,Vendor Programs - Print,Aurora,IL,60502,2DA AM PKG,2nd Day Air Early A.M.,2DA AM,Expedited,Domestic,Yes,22,263.97,88.13,175.84,7.1,,,No,Yes,No,No,SAMPLE_2025_07_VolumeSpend.xlsx,Synthetic,Payor View
2025,7,Jul,202507,Q3,2025-07-01,0009100013|VEN003,0009100013,Vendor Programs,No,VEN003,Vendor Programs - Print,Aurora,IL,60502,NDA PM / EXPRESS SAVER PKG,Next Day Air Saver,NDA Saver,Premium,Domestic,Yes,142,6803.22,2339.17,4464.05,163.4,,,No,Yes,No,No,SAMPLE_2025_07_VolumeSpend.xlsx,Synthetic,Payor View
2025,7,Jul,202507,Q3,2025-07-01,0009100013|VEN003,0009100013,Vendor Programs,No,VEN003,Vendor Programs - Print,Aurora,IL,60502,NDA PM / EXPRESS SAVER LTR,Next Day Air Saver,NDA Saver,Premium,Domestic,Yes,54,1206.23,439.48,766.75,18.6,,,No,Yes,No,No,SAMPLE_2025_07_VolumeSpend.xlsx,Synthetic,Payor View
2025,7,Jul,202507,Q3,2025-07-01,0009100013|VEN003,0009100013,Vendor Programs,No,VEN003,Vendor Programs - Print,Aurora,IL,60502,NDA REG / EXPRESS PKG,Next Day Air / Express,NDA,Premium,Domestic,Yes,328,23175.79,8036.52,15139.27,869.2,,,No,Yes,No,No,SAMPLE_2025_07_VolumeSpend.xlsx,Synthetic,Payor View
2025,7,Jul,202507,Q3,2025-07-01,0009100013|VEN003,0009100013,Vendor Programs,No,VEN003,Vendor Programs - Print,Aurora,IL,60502,NDA REG / EXPRESS LTR,Next Day Air / Express,NDA,Premium,Domestic,Yes,501,12010.88,3680.41,8330.47,164.4,,,No,Yes,No,No,SAMPLE_2025_07_VolumeSpend.xlsx,Synthetic,Payor View
2025,7,Jul,202507,Q3,2025-07-01,0009100013|VEN003,0009100013,Vendor Programs,No,VEN003,Vendor Programs - Print,Aurora,IL,60502,NDA AM / EXPRESS PLUS PKG,Next Day Air Early,NDA Early,Premium,Domestic,Yes,3,778.43,245.94,532.49,5.3,,,No,Yes,No,No,SAMPLE_2025_07_VolumeSpend.xlsx,Synthetic,Payor View
2025,7,Jul,202507,Q3,2025-07-01,0009100013|VEN003,0009100013,Vendor Programs,No,VEN003,Vendor Programs - Print,Aurora,IL,60502,WW EXPRESS REG PKG,International Express,Intl Express,Premium,International,Yes,5,1887.83,638.61,1249.22,51.7,,,No,Yes,No,No,SAMPLE_2025_07_VolumeSpend.xlsx,Synthetic,Payor View
2025,7,Jul,202507,Q3,2025-07-01,0009100013|VEN003,0009100013,Vendor Programs,No,VEN003,Vendor Programs - Print,Aurora,IL,60502,WW EXPRESS PM / SAVER PKG,International Express Saver,Intl Saver,Premium,International,Yes,3,1023.87,337.76,686.11,27.2,,,No,Yes,No,No,SAMPLE_2025_07_VolumeSpend.xlsx,Synthetic,Payor View
2025,7,Jul,202507,Q3,2025-07-01,0009100013|VEN003,0009100013,Vendor Programs,No,VEN003,Vendor Programs - Print,Aurora,IL,60502,MISC / UNC,Excluded - Adjustments,Excluded,Non-Service,Not Applicable,No,0,1093.77,1093.77,0.0,0.0,,,Yes,No,Yes,No,SAMPLE_2025_07_VolumeSpend.xlsx,Synthetic,Payor View
2025,7,Jul,202507,Q3,2025-07-01,0009100013|VEN004,0009100013,Vendor Programs,No,VEN004,Vendor Programs - Fulfilment,Aurora,IL,60502,GROUND PKG,Ground,Ground,Deferred,Domestic,Yes,3178,137466.7,44739.47,92727.23,49020.1,,,No,Yes,No,No,SAMPLE_2025_07_VolumeSpend.xlsx,Synthetic,Payor View
2025,7,Jul,202507,Q3,2025-07-01,0009100013|VEN004,0009100013,Vendor Programs,No,VEN004,Vendor Programs - Fulfilment,Aurora,IL,60502,GROUND CWT,Ground,Ground,Deferred,Domestic,Yes,18,1839.52,631.92,1207.6,513.6,,,No,Yes,No,No,SAMPLE_2025_07_VolumeSpend.xlsx,Synthetic,Payor View
2025,7,Jul,202507,Q3,2025-07-01,0009100013|VEN004,0009100013,Vendor Programs,No,VEN004,Vendor Programs - Fulfilment,Aurora,IL,60502,STANDARD GROUND,Ground,Ground,Deferred,Domestic,Yes,64,1579.38,588.95,990.43,565.6,,,No,Yes,No,No,SAMPLE_2025_07_VolumeSpend.xlsx,Synthetic,Payor View
2025,7,Jul,202507,Q3,2025-07-01,0009100013|VEN004,0009100013,Vendor Programs,No,VEN004,Vendor Programs - Fulfilment,Aurora,IL,60502,3DS PKG,3 Day Select,3DS,Deferred,Domestic,Yes,44,1878.23,633.93,1244.3,149.7,,,No,Yes,No,No,SAMPLE_2025_07_VolumeSpend.xlsx,Synthetic,Payor View
2025,7,Jul,202507,Q3,2025-07-01,0009100013|VEN004,0009100013,Vendor Programs,No,VEN004,Vendor Programs - Fulfilment,Aurora,IL,60502,2DA REG / EXPEDITED PKG,2nd Day Air / Expedited,2DA,Expedited,Domestic,Yes,379,22284.09,8198.49,14085.6,1382.4,,,No,Yes,No,No,SAMPLE_2025_07_VolumeSpend.xlsx,Synthetic,Payor View
2025,7,Jul,202507,Q3,2025-07-01,0009100013|VEN004,0009100013,Vendor Programs,No,VEN004,Vendor Programs - Fulfilment,Aurora,IL,60502,2DA REG / EXPEDITED LTR,2nd Day Air / Expedited,2DA,Expedited,Domestic,Yes,92,1343.71,441.76,901.95,49.4,,,No,Yes,No,No,SAMPLE_2025_07_VolumeSpend.xlsx,Synthetic,Payor View
2025,7,Jul,202507,Q3,2025-07-01,0009100013|VEN004,0009100013,Vendor Programs,No,VEN004,Vendor Programs - Fulfilment,Aurora,IL,60502,2DA AM PKG,2nd Day Air Early A.M.,2DA AM,Expedited,Domestic,Yes,21,172.62,55.15,117.47,5.2,,,No,Yes,No,No,SAMPLE_2025_07_VolumeSpend.xlsx,Synthetic,Payor View
2025,7,Jul,202507,Q3,2025-07-01,0009100013|VEN004,0009100013,Vendor Programs,No,VEN004,Vendor Programs - Fulfilment,Aurora,IL,60502,NDA PM / EXPRESS SAVER PKG,Next Day Air Saver,NDA Saver,Premium,Domestic,Yes,108,3986.68,1443.55,2543.13,109.3,,,No,Yes,No,No,SAMPLE_2025_07_VolumeSpend.xlsx,Synthetic,Payor View
2025,7,Jul,202507,Q3,2025-07-01,0009100013|VEN004,0009100013,Vendor Programs,No,VEN004,Vendor Programs - Fulfilment,Aurora,IL,60502,NDA PM / EXPRESS SAVER LTR,Next Day Air Saver,NDA Saver,Premium,Domestic,Yes,34,666.98,248.05,418.93,11.4,,,No,Yes,No,No,SAMPLE_2025_07_VolumeSpend.xlsx,Synthetic,Payor View
2025,7,Jul,202507,Q3,2025-07-01,0009100013|VEN004,0009100013,Vendor Programs,No,VEN004,Vendor Programs - Fulfilment,Aurora,IL,60502,NDA REG / EXPRESS PKG,Next Day Air / Express,NDA,Premium,Domestic,Yes,299,23324.15,7235.35,16088.8,779.6,,,No,Yes,No,No,SAMPLE_2025_07_VolumeSpend.xlsx,Synthetic,Payor View
2025,7,Jul,202507,Q3,2025-07-01,0009100013|VEN004,0009100013,Vendor Programs,No,VEN004,Vendor Programs - Fulfilment,Aurora,IL,60502,NDA REG / EXPRESS LTR,Next Day Air / Express,NDA,Premium,Domestic,Yes,296,7213.52,2211.34,5002.18,116.8,,,No,Yes,No,No,SAMPLE_2025_07_VolumeSpend.xlsx,Synthetic,Payor View
2025,7,Jul,202507,Q3,2025-07-01,0009100013|VEN004,0009100013,Vendor Programs,No,VEN004,Vendor Programs - Fulfilment,Aurora,IL,60502,NDA AM / EXPRESS PLUS PKG,Next Day Air Early,NDA Early,Premium,Domestic,Yes,2,587.29,192.4,394.89,4.1,,,No,Yes,No,No,SAMPLE_2025_07_VolumeSpend.xlsx,Synthetic,Payor View
2025,7,Jul,202507,Q3,2025-07-01,0009100013|VEN004,0009100013,Vendor Programs,No,VEN004,Vendor Programs - Fulfilment,Aurora,IL,60502,WW EXPRESS REG PKG,International Express,Intl Express,Premium,International,Yes,3,1211.28,375.98,835.3,25.0,,,No,Yes,No,No,SAMPLE_2025_07_VolumeSpend.xlsx,Synthetic,Payor View
2025,7,Jul,202507,Q3,2025-07-01,0009100013|VEN004,0009100013,Vendor Programs,No,VEN004,Vendor Programs - Fulfilment,Aurora,IL,60502,WW EXPRESS PM / SAVER PKG,International Express Saver,Intl Saver,Premium,International,Yes,2,516.55,174.28,342.27,13.4,,,No,Yes,No,No,SAMPLE_2025_07_VolumeSpend.xlsx,Synthetic,Payor View
2025,7,Jul,202507,Q3,2025-07-01,0009100013|VEN004,0009100013,Vendor Programs,No,VEN004,Vendor Programs - Fulfilment,Aurora,IL,60502,WW EXPEDITED / 2DA PKG,International Expedited,Intl Expedited,Expedited,International,Yes,1,273.7,100.97,172.73,8.1,,,No,Yes,No,No,SAMPLE_2025_07_VolumeSpend.xlsx,Synthetic,Payor View
2025,7,Jul,202507,Q3,2025-07-01,0009100013|VEN004,0009100013,Vendor Programs,No,VEN004,Vendor Programs - Fulfilment,Aurora,IL,60502,MISC / UNC,Excluded - Adjustments,Excluded,Non-Service,Not Applicable,No,0,790.53,790.53,0.0,0.0,,,Yes,No,Yes,No,SAMPLE_2025_07_VolumeSpend.xlsx,Synthetic,Payor View
2025,7,Jul,202507,Q3,2025-07-01,0009100014|FLD005,0009100014,Field Administration,No,FLD005,Field Administration - North,Madison,WI,53703,GROUND PKG,Ground,Ground,Deferred,Domestic,Yes,6568,212920.19,78038.07,134882.12,102980.1,,,No,Yes,No,No,SAMPLE_2025_07_VolumeSpend.xlsx,Synthetic,Payor View
2025,7,Jul,202507,Q3,2025-07-01,0009100014|FLD005,0009100014,Field Administration,No,FLD005,Field Administration - North,Madison,WI,53703,GROUND CWT,Ground,Ground,Deferred,Domestic,Yes,31,2599.35,936.0,1663.35,840.3,,,No,Yes,No,No,SAMPLE_2025_07_VolumeSpend.xlsx,Synthetic,Payor View
2025,7,Jul,202507,Q3,2025-07-01,0009100014|FLD005,0009100014,Field Administration,No,FLD005,Field Administration - North,Madison,WI,53703,STANDARD GROUND,Ground,Ground,Deferred,Domestic,Yes,127,4387.87,1414.85,2973.02,1334.4,,,No,Yes,No,No,SAMPLE_2025_07_VolumeSpend.xlsx,Synthetic,Payor View
2025,7,Jul,202507,Q3,2025-07-01,0009100014|FLD005,0009100014,Field Administration,No,FLD005,Field Administration - North,Madison,WI,53703,3DS PKG,3 Day Select,3DS,Deferred,Domestic,Yes,77,3506.1,1142.35,2363.75,306.5,,,No,Yes,No,No,SAMPLE_2025_07_VolumeSpend.xlsx,Synthetic,Payor View
2025,7,Jul,202507,Q3,2025-07-01,0009100014|FLD005,0009100014,Field Administration,No,FLD005,Field Administration - North,Madison,WI,53703,2DA REG / EXPEDITED PKG,2nd Day Air / Expedited,2DA,Expedited,Domestic,Yes,608,28475.84,10600.43,17875.41,1592.7,,,No,Yes,No,No,SAMPLE_2025_07_VolumeSpend.xlsx,Synthetic,Payor View
2025,7,Jul,202507,Q3,2025-07-01,0009100014|FLD005,0009100014,Field Administration,No,FLD005,Field Administration - North,Madison,WI,53703,2DA REG / EXPEDITED LTR,2nd Day Air / Expedited,2DA,Expedited,Domestic,Yes,175,3353.77,1059.21,2294.56,96.7,,,No,Yes,No,No,SAMPLE_2025_07_VolumeSpend.xlsx,Synthetic,Payor View
2025,7,Jul,202507,Q3,2025-07-01,0009100014|FLD005,0009100014,Field Administration,No,FLD005,Field Administration - North,Madison,WI,53703,2DA AM PKG,2nd Day Air Early A.M.,2DA AM,Expedited,Domestic,Yes,32,334.4,105.46,228.94,8.5,,,No,Yes,No,No,SAMPLE_2025_07_VolumeSpend.xlsx,Synthetic,Payor View
2025,7,Jul,202507,Q3,2025-07-01,0009100014|FLD005,0009100014,Field Administration,No,FLD005,Field Administration - North,Madison,WI,53703,NDA PM / EXPRESS SAVER PKG,Next Day Air Saver,NDA Saver,Premium,Domestic,Yes,209,8829.27,2836.69,5992.58,213.8,,,No,Yes,No,No,SAMPLE_2025_07_VolumeSpend.xlsx,Synthetic,Payor View
2025,7,Jul,202507,Q3,2025-07-01,0009100014|FLD005,0009100014,Field Administration,No,FLD005,Field Administration - North,Madison,WI,53703,NDA PM / EXPRESS SAVER LTR,Next Day Air Saver,NDA Saver,Premium,Domestic,Yes,62,1570.92,536.23,1034.69,24.4,,,No,Yes,No,No,SAMPLE_2025_07_VolumeSpend.xlsx,Synthetic,Payor View
2025,7,Jul,202507,Q3,2025-07-01,0009100014|FLD005,0009100014,Field Administration,No,FLD005,Field Administration - North,Madison,WI,53703,NDA REG / EXPRESS PKG,Next Day Air / Express,NDA,Premium,Domestic,Yes,550,51977.36,16649.36,35328.0,1714.9,,,No,Yes,No,No,SAMPLE_2025_07_VolumeSpend.xlsx,Synthetic,Payor View
2025,7,Jul,202507,Q3,2025-07-01,0009100014|FLD005,0009100014,Field Administration,No,FLD005,Field Administration - North,Madison,WI,53703,NDA REG / EXPRESS LTR,Next Day Air / Express,NDA,Premium,Domestic,Yes,573,13649.54,4353.44,9296.1,230.6,,,No,Yes,No,No,SAMPLE_2025_07_VolumeSpend.xlsx,Synthetic,Payor View
2025,7,Jul,202507,Q3,2025-07-01,0009100014|FLD005,0009100014,Field Administration,No,FLD005,Field Administration - North,Madison,WI,53703,NDA AM / EXPRESS PLUS PKG,Next Day Air Early,NDA Early,Premium,Domestic,Yes,5,1018.72,345.76,672.96,8.8,,,No,Yes,No,No,SAMPLE_2025_07_VolumeSpend.xlsx,Synthetic,Payor View
2025,7,Jul,202507,Q3,2025-07-01,0009100014|FLD005,0009100014,Field Administration,No,FLD005,Field Administration - North,Madison,WI,53703,WW EXPRESS REG PKG,International Express,Intl Express,Premium,International,Yes,6,2842.55,910.27,1932.28,60.0,,,No,Yes,No,No,SAMPLE_2025_07_VolumeSpend.xlsx,Synthetic,Payor View
2025,7,Jul,202507,Q3,2025-07-01,0009100014|FLD005,0009100014,Field Administration,No,FLD005,Field Administration - North,Madison,WI,53703,WW EXPRESS PM / SAVER PKG,International Express Saver,Intl Saver,Premium,International,Yes,5,1328.69,490.79,837.9,37.2,,,No,Yes,No,No,SAMPLE_2025_07_VolumeSpend.xlsx,Synthetic,Payor View
2025,7,Jul,202507,Q3,2025-07-01,0009100014|FLD005,0009100014,Field Administration,No,FLD005,Field Administration - North,Madison,WI,53703,WW EXPEDITED / 2DA PKG,International Expedited,Intl Expedited,Expedited,International,Yes,2,626.31,211.19,415.12,16.4,,,No,Yes,No,No,SAMPLE_2025_07_VolumeSpend.xlsx,Synthetic,Payor View
2025,7,Jul,202507,Q3,2025-07-01,0009100014|FLD005,0009100014,Field Administration,No,FLD005,Field Administration - North,Madison,WI,53703,MISC / UNC,Excluded - Adjustments,Excluded,Non-Service,Not Applicable,No,0,1094.27,1094.27,0.0,0.0,,,Yes,No,Yes,No,SAMPLE_2025_07_VolumeSpend.xlsx,Synthetic,Payor View
2025,7,Jul,202507,Q3,2025-07-01,0009100015|HQX006,0009100015,Corporate HQ,No,HQX006,Corporate HQ - Facilities,Columbus,OH,43004,GROUND PKG,Ground,Ground,Deferred,Domestic,Yes,1592,78733.8,25211.58,53522.22,27598.3,,,No,Yes,No,No,SAMPLE_2025_07_VolumeSpend.xlsx,Synthetic,Payor View
2025,7,Jul,202507,Q3,2025-07-01,0009100015|HQX006,0009100015,Corporate HQ,No,HQX006,Corporate HQ - Facilities,Columbus,OH,43004,GROUND CWT,Ground,Ground,Deferred,Domestic,Yes,12,1243.97,404.69,839.28,308.2,,,No,Yes,No,No,SAMPLE_2025_07_VolumeSpend.xlsx,Synthetic,Payor View
2025,7,Jul,202507,Q3,2025-07-01,0009100015|HQX006,0009100015,Corporate HQ,No,HQX006,Corporate HQ - Facilities,Columbus,OH,43004,STANDARD GROUND,Ground,Ground,Deferred,Domestic,Yes,39,1085.71,351.19,734.52,323.4,,,No,Yes,No,No,SAMPLE_2025_07_VolumeSpend.xlsx,Synthetic,Payor View
2025,7,Jul,202507,Q3,2025-07-01,0009100015|HQX006,0009100015,Corporate HQ,No,HQX006,Corporate HQ - Facilities,Columbus,OH,43004,3DS PKG,3 Day Select,3DS,Deferred,Domestic,Yes,21,910.2,311.64,598.56,76.3,,,No,Yes,No,No,SAMPLE_2025_07_VolumeSpend.xlsx,Synthetic,Payor View
2025,7,Jul,202507,Q3,2025-07-01,0009100015|HQX006,0009100015,Corporate HQ,No,HQX006,Corporate HQ - Facilities,Columbus,OH,43004,2DA REG / EXPEDITED PKG,2nd Day Air / Expedited,2DA,Expedited,Domestic,Yes,174,9726.32,3262.88,6463.44,600.6,,,No,Yes,No,No,SAMPLE_2025_07_VolumeSpend.xlsx,Synthetic,Payor View
2025,7,Jul,202507,Q3,2025-07-01,0009100015|HQX006,0009100015,Corporate HQ,No,HQX006,Corporate HQ - Facilities,Columbus,OH,43004,2DA REG / EXPEDITED LTR,2nd Day Air / Expedited,2DA,Expedited,Domestic,Yes,65,1122.87,359.63,763.24,34.0,,,No,Yes,No,No,SAMPLE_2025_07_VolumeSpend.xlsx,Synthetic,Payor View
2025,7,Jul,202507,Q3,2025-07-01,0009100015|HQX006,0009100015,Corporate HQ,No,HQX006,Corporate HQ - Facilities,Columbus,OH,43004,2DA AM PKG,2nd Day Air Early A.M.,2DA AM,Expedited,Domestic,Yes,11,98.02,34.77,63.25,2.9,,,No,Yes,No,No,SAMPLE_2025_07_VolumeSpend.xlsx,Synthetic,Payor View
2025,7,Jul,202507,Q3,2025-07-01,0009100015|HQX006,0009100015,Corporate HQ,No,HQX006,Corporate HQ - Facilities,Columbus,OH,43004,NDA PM / EXPRESS SAVER PKG,Next Day Air Saver,NDA Saver,Premium,Domestic,Yes,89,3622.78,1264.67,2358.11,91.0,,,No,Yes,No,No,SAMPLE_2025_07_VolumeSpend.xlsx,Synthetic,Payor View
2025,7,Jul,202507,Q3,2025-07-01,0009100015|HQX006,0009100015,Corporate HQ,No,HQX006,Corporate HQ - Facilities,Columbus,OH,43004,NDA PM / EXPRESS SAVER LTR,Next Day Air Saver,NDA Saver,Premium,Domestic,Yes,22,486.05,173.77,312.28,7.9,,,No,Yes,No,No,SAMPLE_2025_07_VolumeSpend.xlsx,Synthetic,Payor View
2025,7,Jul,202507,Q3,2025-07-01,0009100015|HQX006,0009100015,Corporate HQ,No,HQX006,Corporate HQ - Facilities,Columbus,OH,43004,NDA REG / EXPRESS PKG,Next Day Air / Express,NDA,Premium,Domestic,Yes,130,12706.84,4028.08,8678.76,437.2,,,No,Yes,No,No,SAMPLE_2025_07_VolumeSpend.xlsx,Synthetic,Payor View
2025,7,Jul,202507,Q3,2025-07-01,0009100015|HQX006,0009100015,Corporate HQ,No,HQX006,Corporate HQ - Facilities,Columbus,OH,43004,NDA REG / EXPRESS LTR,Next Day Air / Express,NDA,Premium,Domestic,Yes,263,5968.9,1887.7,4081.2,94.7,,,No,Yes,No,No,SAMPLE_2025_07_VolumeSpend.xlsx,Synthetic,Payor View
2025,7,Jul,202507,Q3,2025-07-01,0009100015|HQX006,0009100015,Corporate HQ,No,HQX006,Corporate HQ - Facilities,Columbus,OH,43004,NDA AM / EXPRESS PLUS PKG,Next Day Air Early,NDA Early,Premium,Domestic,Yes,2,654.17,215.5,438.67,4.7,,,No,Yes,No,No,SAMPLE_2025_07_VolumeSpend.xlsx,Synthetic,Payor View
2025,7,Jul,202507,Q3,2025-07-01,0009100015|HQX006,0009100015,Corporate HQ,No,HQX006,Corporate HQ - Facilities,Columbus,OH,43004,WW EXPRESS REG PKG,International Express,Intl Express,Premium,International,Yes,1,395.42,135.7,259.72,9.1,,,No,Yes,No,No,SAMPLE_2025_07_VolumeSpend.xlsx,Synthetic,Payor View
2025,7,Jul,202507,Q3,2025-07-01,0009100015|HQX006,0009100015,Corporate HQ,No,HQX006,Corporate HQ - Facilities,Columbus,OH,43004,WW EXPRESS PM / SAVER PKG,International Express Saver,Intl Saver,Premium,International,Yes,1,258.89,96.72,162.17,7.5,,,No,Yes,No,No,SAMPLE_2025_07_VolumeSpend.xlsx,Synthetic,Payor View
2025,7,Jul,202507,Q3,2025-07-01,0009100015|HQX006,0009100015,Corporate HQ,No,HQX006,Corporate HQ - Facilities,Columbus,OH,43004,MISC / UNC,Excluded - Adjustments,Excluded,Non-Service,Not Applicable,No,0,247.8,247.8,0.0,0.0,,,Yes,No,Yes,No,SAMPLE_2025_07_VolumeSpend.xlsx,Synthetic,Payor View
2025,7,Jul,202507,Q3,2025-07-01,0009100016|RTL007,0009100016,Retail Partner Network,No,RTL007,Retail Partner Network - Stores,Phoenix,AZ,85004,GROUND PKG,Ground,Ground,Deferred,Domestic,Yes,10883,548771.24,182756.95,366014.29,214841.8,,,No,Yes,No,No,SAMPLE_2025_07_VolumeSpend.xlsx,Synthetic,Payor View
2025,7,Jul,202507,Q3,2025-07-01,0009100016|RTL007,0009100016,Retail Partner Network,No,RTL007,Retail Partner Network - Stores,Phoenix,AZ,85004,GROUND CWT,Ground,Ground,Deferred,Domestic,Yes,52,4892.79,1711.21,3181.58,1406.7,,,No,Yes,No,No,SAMPLE_2025_07_VolumeSpend.xlsx,Synthetic,Payor View
2025,7,Jul,202507,Q3,2025-07-01,0009100016|RTL007,0009100016,Retail Partner Network,No,RTL007,Retail Partner Network - Stores,Phoenix,AZ,85004,STANDARD GROUND,Ground,Ground,Deferred,Domestic,Yes,124,2987.43,1113.51,1873.92,1188.4,,,No,Yes,No,No,SAMPLE_2025_07_VolumeSpend.xlsx,Synthetic,Payor View
2025,7,Jul,202507,Q3,2025-07-01,0009100016|RTL007,0009100016,Retail Partner Network,No,RTL007,Retail Partner Network - Stores,Phoenix,AZ,85004,3DS PKG,3 Day Select,3DS,Deferred,Domestic,Yes,110,5133.23,1672.55,3460.68,415.0,,,No,Yes,No,No,SAMPLE_2025_07_VolumeSpend.xlsx,Synthetic,Payor View
2025,7,Jul,202507,Q3,2025-07-01,0009100016|RTL007,0009100016,Retail Partner Network,No,RTL007,Retail Partner Network - Stores,Phoenix,AZ,85004,2DA REG / EXPEDITED PKG,2nd Day Air / Expedited,2DA,Expedited,Domestic,Yes,1019,52434.86,18841.63,33593.23,3123.0,,,No,Yes,No,No,SAMPLE_2025_07_VolumeSpend.xlsx,Synthetic,Payor View
2025,7,Jul,202507,Q3,2025-07-01,0009100016|RTL007,0009100016,Retail Partner Network,No,RTL007,Retail Partner Network - Stores,Phoenix,AZ,85004,2DA REG / EXPEDITED LTR,2nd Day Air / Expedited,2DA,Expedited,Domestic,Yes,286,3321.2,1123.4,2197.8,128.1,,,No,Yes,No,No,SAMPLE_2025_07_VolumeSpend.xlsx,Synthetic,Payor View
2025,7,Jul,202507,Q3,2025-07-01,0009100016|RTL007,0009100016,Retail Partner Network,No,RTL007,Retail Partner Network - Stores,Phoenix,AZ,85004,2DA AM PKG,2nd Day Air Early A.M.,2DA AM,Expedited,Domestic,Yes,47,614.81,188.24,426.57,14.9,,,No,Yes,No,No,SAMPLE_2025_07_VolumeSpend.xlsx,Synthetic,Payor View
2025,7,Jul,202507,Q3,2025-07-01,0009100016|RTL007,0009100016,Retail Partner Network,No,RTL007,Retail Partner Network - Stores,Phoenix,AZ,85004,NDA PM / EXPRESS SAVER PKG,Next Day Air Saver,NDA Saver,Premium,Domestic,Yes,336,14066.84,4776.66,9290.18,354.7,,,No,Yes,No,No,SAMPLE_2025_07_VolumeSpend.xlsx,Synthetic,Payor View
2025,7,Jul,202507,Q3,2025-07-01,0009100016|RTL007,0009100016,Retail Partner Network,No,RTL007,Retail Partner Network - Stores,Phoenix,AZ,85004,NDA PM / EXPRESS SAVER LTR,Next Day Air Saver,NDA Saver,Premium,Domestic,Yes,108,2716.46,897.5,1818.96,43.0,,,No,Yes,No,No,SAMPLE_2025_07_VolumeSpend.xlsx,Synthetic,Payor View
2025,7,Jul,202507,Q3,2025-07-01,0009100016|RTL007,0009100016,Retail Partner Network,No,RTL007,Retail Partner Network - Stores,Phoenix,AZ,85004,NDA REG / EXPRESS PKG,Next Day Air / Express,NDA,Premium,Domestic,Yes,659,48398.47,16358.25,32040.22,1837.1,,,No,Yes,No,No,SAMPLE_2025_07_VolumeSpend.xlsx,Synthetic,Payor View
2025,7,Jul,202507,Q3,2025-07-01,0009100016|RTL007,0009100016,Retail Partner Network,No,RTL007,Retail Partner Network - Stores,Phoenix,AZ,85004,NDA REG / EXPRESS LTR,Next Day Air / Express,NDA,Premium,Domestic,Yes,1250,26955.93,8727.39,18228.54,416.8,,,No,Yes,No,No,SAMPLE_2025_07_VolumeSpend.xlsx,Synthetic,Payor View
2025,7,Jul,202507,Q3,2025-07-01,0009100016|RTL007,0009100016,Retail Partner Network,No,RTL007,Retail Partner Network - Stores,Phoenix,AZ,85004,NDA AM / EXPRESS PLUS PKG,Next Day Air Early,NDA Early,Premium,Domestic,Yes,6,1781.58,575.88,1205.7,13.5,,,No,Yes,No,No,SAMPLE_2025_07_VolumeSpend.xlsx,Synthetic,Payor View
2025,7,Jul,202507,Q3,2025-07-01,0009100016|RTL007,0009100016,Retail Partner Network,No,RTL007,Retail Partner Network - Stores,Phoenix,AZ,85004,WW EXPRESS REG PKG,International Express,Intl Express,Premium,International,Yes,11,3863.59,1326.0,2537.59,98.6,,,No,Yes,No,No,SAMPLE_2025_07_VolumeSpend.xlsx,Synthetic,Payor View
2025,7,Jul,202507,Q3,2025-07-01,0009100016|RTL007,0009100016,Retail Partner Network,No,RTL007,Retail Partner Network - Stores,Phoenix,AZ,85004,WW EXPRESS PM / SAVER PKG,International Express Saver,Intl Saver,Premium,International,Yes,7,2114.87,686.7,1428.17,52.2,,,No,Yes,No,No,SAMPLE_2025_07_VolumeSpend.xlsx,Synthetic,Payor View
2025,7,Jul,202507,Q3,2025-07-01,0009100016|RTL007,0009100016,Retail Partner Network,No,RTL007,Retail Partner Network - Stores,Phoenix,AZ,85004,WW EXPEDITED / 2DA PKG,International Expedited,Intl Expedited,Expedited,International,Yes,2,580.74,183.12,397.62,16.2,,,No,Yes,No,No,SAMPLE_2025_07_VolumeSpend.xlsx,Synthetic,Payor View
2025,7,Jul,202507,Q3,2025-07-01,0009100016|RTL007,0009100016,Retail Partner Network,No,RTL007,Retail Partner Network - Stores,Phoenix,AZ,85004,MISC / UNC,Excluded - Adjustments,Excluded,Non-Service,Not Applicable,No,0,2508.69,2508.69,0.0,0.0,,,Yes,No,Yes,No,SAMPLE_2025_07_VolumeSpend.xlsx,Synthetic,Payor View
2025,7,Jul,202507,Q3,2025-07-01,0009100017|CSH008,0009100017,Cash Operations,No,CSH008,Cash Operations - Processing,Newark,NJ,07102,GROUND PKG,Ground,Ground,Deferred,Domestic,Yes,2975,151485.72,47692.42,103793.3,55221.3,,,No,Yes,No,No,SAMPLE_2025_07_VolumeSpend.xlsx,Synthetic,Payor View
2025,7,Jul,202507,Q3,2025-07-01,0009100017|CSH008,0009100017,Cash Operations,No,CSH008,Cash Operations - Processing,Newark,NJ,07102,GROUND CWT,Ground,Ground,Deferred,Domestic,Yes,18,1941.15,601.79,1339.36,539.3,,,No,Yes,No,No,SAMPLE_2025_07_VolumeSpend.xlsx,Synthetic,Payor View
2025,7,Jul,202507,Q3,2025-07-01,0009100017|CSH008,0009100017,Cash Operations,No,CSH008,Cash Operations - Processing,Newark,NJ,07102,STANDARD GROUND,Ground,Ground,Deferred,Domestic,Yes,63,1573.83,539.81,1034.02,472.1,,,No,Yes,No,No,SAMPLE_2025_07_VolumeSpend.xlsx,Synthetic,Payor View
2025,7,Jul,202507,Q3,2025-07-01,0009100017|CSH008,0009100017,Cash Operations,No,CSH008,Cash Operations - Processing,Newark,NJ,07102,3DS PKG,3 Day Select,3DS,Deferred,Domestic,Yes,52,2749.74,892.69,1857.05,220.9,,,No,Yes,No,No,SAMPLE_2025_07_VolumeSpend.xlsx,Synthetic,Payor View
2025,7,Jul,202507,Q3,2025-07-01,0009100017|CSH008,0009100017,Cash Operations,No,CSH008,Cash Operations - Processing,Newark,NJ,07102,2DA REG / EXPEDITED PKG,2nd Day Air / Expedited,2DA,Expedited,Domestic,Yes,402,26010.38,8969.91,17040.47,1352.4,,,No,Yes,No,No,SAMPLE_2025_07_VolumeSpend.xlsx,Synthetic,Payor View
2025,7,Jul,202507,Q3,2025-07-01,0009100017|CSH008,0009100017,Cash Operations,No,CSH008,Cash Operations - Processing,Newark,NJ,07102,2DA REG / EXPEDITED LTR,2nd Day Air / Expedited,2DA,Expedited,Domestic,Yes,83,1313.05,489.6,823.45,46.2,,,No,Yes,No,No,SAMPLE_2025_07_VolumeSpend.xlsx,Synthetic,Payor View
2025,7,Jul,202507,Q3,2025-07-01,0009100017|CSH008,0009100017,Cash Operations,No,CSH008,Cash Operations - Processing,Newark,NJ,07102,2DA AM PKG,2nd Day Air Early A.M.,2DA AM,Expedited,Domestic,Yes,22,225.42,79.43,145.99,7.4,,,No,Yes,No,No,SAMPLE_2025_07_VolumeSpend.xlsx,Synthetic,Payor View
2025,7,Jul,202507,Q3,2025-07-01,0009100017|CSH008,0009100017,Cash Operations,No,CSH008,Cash Operations - Processing,Newark,NJ,07102,NDA PM / EXPRESS SAVER PKG,Next Day Air Saver,NDA Saver,Premium,Domestic,Yes,130,6547.95,2316.44,4231.51,141.8,,,No,Yes,No,No,SAMPLE_2025_07_VolumeSpend.xlsx,Synthetic,Payor View
2025,7,Jul,202507,Q3,2025-07-01,0009100017|CSH008,0009100017,Cash Operations,No,CSH008,Cash Operations - Processing,Newark,NJ,07102,NDA PM / EXPRESS SAVER LTR,Next Day Air Saver,NDA Saver,Premium,Domestic,Yes,34,754.16,261.76,492.4,13.3,,,No,Yes,No,No,SAMPLE_2025_07_VolumeSpend.xlsx,Synthetic,Payor View
2025,7,Jul,202507,Q3,2025-07-01,0009100017|CSH008,0009100017,Cash Operations,No,CSH008,Cash Operations - Processing,Newark,NJ,07102,NDA REG / EXPRESS PKG,Next Day Air / Express,NDA,Premium,Domestic,Yes,294,27365.66,9693.2,17672.46,1012.2,,,No,Yes,No,No,SAMPLE_2025_07_VolumeSpend.xlsx,Synthetic,Payor View
2025,7,Jul,202507,Q3,2025-07-01,0009100017|CSH008,0009100017,Cash Operations,No,CSH008,Cash Operations - Processing,Newark,NJ,07102,NDA REG / EXPRESS LTR,Next Day Air / Express,NDA,Premium,Domestic,Yes,317,7258.54,2440.22,4818.32,112.5,,,No,Yes,No,No,SAMPLE_2025_07_VolumeSpend.xlsx,Synthetic,Payor View
2025,7,Jul,202507,Q3,2025-07-01,0009100017|CSH008,0009100017,Cash Operations,No,CSH008,Cash Operations - Processing,Newark,NJ,07102,NDA AM / EXPRESS PLUS PKG,Next Day Air Early,NDA Early,Premium,Domestic,Yes,2,505.57,160.74,344.83,4.0,,,No,Yes,No,No,SAMPLE_2025_07_VolumeSpend.xlsx,Synthetic,Payor View
2025,7,Jul,202507,Q3,2025-07-01,0009100017|CSH008,0009100017,Cash Operations,No,CSH008,Cash Operations - Processing,Newark,NJ,07102,WW EXPRESS REG PKG,International Express,Intl Express,Premium,International,Yes,3,1024.9,323.22,701.68,23.5,,,No,Yes,No,No,SAMPLE_2025_07_VolumeSpend.xlsx,Synthetic,Payor View
2025,7,Jul,202507,Q3,2025-07-01,0009100017|CSH008,0009100017,Cash Operations,No,CSH008,Cash Operations - Processing,Newark,NJ,07102,WW EXPRESS PM / SAVER PKG,International Express Saver,Intl Saver,Premium,International,Yes,2,675.92,239.28,436.64,17.6,,,No,Yes,No,No,SAMPLE_2025_07_VolumeSpend.xlsx,Synthetic,Payor View
2025,7,Jul,202507,Q3,2025-07-01,0009100017|CSH008,0009100017,Cash Operations,No,CSH008,Cash Operations - Processing,Newark,NJ,07102,WW EXPEDITED / 2DA PKG,International Expedited,Intl Expedited,Expedited,International,Yes,1,291.2,98.1,193.1,7.7,,,No,Yes,No,No,SAMPLE_2025_07_VolumeSpend.xlsx,Synthetic,Payor View
2025,7,Jul,202507,Q3,2025-07-01,0009100017|CSH008,0009100017,Cash Operations,No,CSH008,Cash Operations - Processing,Newark,NJ,07102,MISC / UNC,Excluded - Adjustments,Excluded,Non-Service,Not Applicable,No,0,1087.36,1087.36,0.0,0.0,,,Yes,No,Yes,No,SAMPLE_2025_07_VolumeSpend.xlsx,Synthetic,Payor View
2025,7,Jul,202507,Q3,2025-07-01,@@|TCO009,@@,Unassigned Sub-Parent,Yes,TCO009,Transfer Co Operations,Whippany,NJ,07981,GROUND PKG,Ground,Ground,Deferred,Domestic,Yes,540,23928.22,7576.51,16351.71,8354.2,,,No,Yes,No,No,SAMPLE_2025_07_VolumeSpend.xlsx,Synthetic,Payor View
2025,7,Jul,202507,Q3,2025-07-01,@@|TCO009,@@,Unassigned Sub-Parent,Yes,TCO009,Transfer Co Operations,Whippany,NJ,07981,GROUND CWT,Ground,Ground,Deferred,Domestic,Yes,3,293.82,101.38,192.44,86.6,,,No,Yes,No,No,SAMPLE_2025_07_VolumeSpend.xlsx,Synthetic,Payor View
2025,7,Jul,202507,Q3,2025-07-01,@@|TCO009,@@,Unassigned Sub-Parent,Yes,TCO009,Transfer Co Operations,Whippany,NJ,07981,STANDARD GROUND,Ground,Ground,Deferred,Domestic,Yes,8,204.78,67.29,137.49,61.4,,,No,Yes,No,No,SAMPLE_2025_07_VolumeSpend.xlsx,Synthetic,Payor View
2025,7,Jul,202507,Q3,2025-07-01,@@|TCO009,@@,Unassigned Sub-Parent,Yes,TCO009,Transfer Co Operations,Whippany,NJ,07981,3DS PKG,3 Day Select,3DS,Deferred,Domestic,Yes,6,290.66,99.15,191.51,24.5,,,No,Yes,No,No,SAMPLE_2025_07_VolumeSpend.xlsx,Synthetic,Payor View
2025,7,Jul,202507,Q3,2025-07-01,@@|TCO009,@@,Unassigned Sub-Parent,Yes,TCO009,Transfer Co Operations,Whippany,NJ,07981,2DA REG / EXPEDITED PKG,2nd Day Air / Expedited,2DA,Expedited,Domestic,Yes,41,1970.93,715.9,1255.03,116.3,,,No,Yes,No,No,SAMPLE_2025_07_VolumeSpend.xlsx,Synthetic,Payor View
2025,7,Jul,202507,Q3,2025-07-01,@@|TCO009,@@,Unassigned Sub-Parent,Yes,TCO009,Transfer Co Operations,Whippany,NJ,07981,2DA REG / EXPEDITED LTR,2nd Day Air / Expedited,2DA,Expedited,Domestic,Yes,11,118.65,42.59,76.06,4.8,,,No,Yes,No,No,SAMPLE_2025_07_VolumeSpend.xlsx,Synthetic,Payor View
2025,7,Jul,202507,Q3,2025-07-01,@@|TCO009,@@,Unassigned Sub-Parent,Yes,TCO009,Transfer Co Operations,Whippany,NJ,07981,2DA AM PKG,2nd Day Air Early A.M.,2DA AM,Expedited,Domestic,Yes,3,32.3,11.77,20.53,0.9,,,No,Yes,No,No,SAMPLE_2025_07_VolumeSpend.xlsx,Synthetic,Payor View
2025,7,Jul,202507,Q3,2025-07-01,@@|TCO009,@@,Unassigned Sub-Parent,Yes,TCO009,Transfer Co Operations,Whippany,NJ,07981,NDA PM / EXPRESS SAVER PKG,Next Day Air Saver,NDA Saver,Premium,Domestic,Yes,19,760.7,271.48,489.22,19.0,,,No,Yes,No,No,SAMPLE_2025_07_VolumeSpend.xlsx,Synthetic,Payor View
2025,7,Jul,202507,Q3,2025-07-01,@@|TCO009,@@,Unassigned Sub-Parent,Yes,TCO009,Transfer Co Operations,Whippany,NJ,07981,NDA PM / EXPRESS SAVER LTR,Next Day Air Saver,NDA Saver,Premium,Domestic,Yes,6,151.03,52.71,98.32,2.4,,,No,Yes,No,No,SAMPLE_2025_07_VolumeSpend.xlsx,Synthetic,Payor View
2025,7,Jul,202507,Q3,2025-07-01,@@|TCO009,@@,Unassigned Sub-Parent,Yes,TCO009,Transfer Co Operations,Whippany,NJ,07981,NDA REG / EXPRESS PKG,Next Day Air / Express,NDA,Premium,Domestic,Yes,34,2246.7,780.82,1465.88,92.2,,,No,Yes,No,No,SAMPLE_2025_07_VolumeSpend.xlsx,Synthetic,Payor View
2025,7,Jul,202507,Q3,2025-07-01,@@|TCO009,@@,Unassigned Sub-Parent,Yes,TCO009,Transfer Co Operations,Whippany,NJ,07981,NDA REG / EXPRESS LTR,Next Day Air / Express,NDA,Premium,Domestic,Yes,60,1700.24,585.2,1115.04,27.1,,,No,Yes,No,No,SAMPLE_2025_07_VolumeSpend.xlsx,Synthetic,Payor View
2025,7,Jul,202507,Q3,2025-07-01,@@|TCO009,@@,Unassigned Sub-Parent,Yes,TCO009,Transfer Co Operations,Whippany,NJ,07981,MISC / UNC,Excluded - Adjustments,Excluded,Non-Service,Not Applicable,No,0,160.83,160.83,0.0,0.0,,,Yes,No,Yes,No,SAMPLE_2025_07_VolumeSpend.xlsx,Synthetic,Payor View
2025,8,Aug,202508,Q3,2025-08-01,0009100011|TCH001,0009100011,Technology Operations,No,TCH001,Technology Operations - Central,Columbus,OH,43004,GROUND PKG,Ground,Ground,Deferred,Domestic,Yes,14493,746730.3,238410.4,508319.9,254864.2,,,No,Yes,No,No,SAMPLE_2025_08_VolumeSpend.xlsx,Synthetic,Payor View
2025,8,Aug,202508,Q3,2025-08-01,0009100011|TCH001,0009100011,Technology Operations,No,TCH001,Technology Operations - Central,Columbus,OH,43004,GROUND CWT,Ground,Ground,Deferred,Domestic,Yes,121,10154.88,3620.72,6534.16,3301.1,,,No,Yes,No,No,SAMPLE_2025_08_VolumeSpend.xlsx,Synthetic,Payor View
2025,8,Aug,202508,Q3,2025-08-01,0009100011|TCH001,0009100011,Technology Operations,No,TCH001,Technology Operations - Central,Columbus,OH,43004,STANDARD GROUND,Ground,Ground,Deferred,Domestic,Yes,342,10329.72,3847.78,6481.94,3540.4,,,No,Yes,No,No,SAMPLE_2025_08_VolumeSpend.xlsx,Synthetic,Payor View
2025,8,Aug,202508,Q3,2025-08-01,0009100011|TCH001,0009100011,Technology Operations,No,TCH001,Technology Operations - Central,Columbus,OH,43004,3DS PKG,3 Day Select,3DS,Deferred,Domestic,Yes,206,7595.2,2795.73,4799.47,670.0,,,No,Yes,No,No,SAMPLE_2025_08_VolumeSpend.xlsx,Synthetic,Payor View
2025,8,Aug,202508,Q3,2025-08-01,0009100011|TCH001,0009100011,Technology Operations,No,TCH001,Technology Operations - Central,Columbus,OH,43004,2DA REG / EXPEDITED PKG,2nd Day Air / Expedited,2DA,Expedited,Domestic,Yes,2062,122246.45,45492.73,76753.72,6725.9,,,No,Yes,No,No,SAMPLE_2025_08_VolumeSpend.xlsx,Synthetic,Payor View
2025,8,Aug,202508,Q3,2025-08-01,0009100011|TCH001,0009100011,Technology Operations,No,TCH001,Technology Operations - Central,Columbus,OH,43004,2DA REG / EXPEDITED LTR,2nd Day Air / Expedited,2DA,Expedited,Domestic,Yes,416,4956.51,1746.33,3210.18,193.4,,,No,Yes,No,No,SAMPLE_2025_08_VolumeSpend.xlsx,Synthetic,Payor View
2025,8,Aug,202508,Q3,2025-08-01,0009100011|TCH001,0009100011,Technology Operations,No,TCH001,Technology Operations - Central,Columbus,OH,43004,2DA AM PKG,2nd Day Air Early A.M.,2DA AM,Expedited,Domestic,Yes,120,1280.59,456.55,824.04,37.2,,,No,Yes,No,No,SAMPLE_2025_08_VolumeSpend.xlsx,Synthetic,Payor View
2025,8,Aug,202508,Q3,2025-08-01,0009100011|TCH001,0009100011,Technology Operations,No,TCH001,Technology Operations - Central,Columbus,OH,43004,NDA PM / EXPRESS SAVER PKG,Next Day Air Saver,NDA Saver,Premium,Domestic,Yes,742,36208.82,13305.64,22903.18,935.5,,,No,Yes,No,No,SAMPLE_2025_08_VolumeSpend.xlsx,Synthetic,Payor View
2025,8,Aug,202508,Q3,2025-08-01,0009100011|TCH001,0009100011,Technology Operations,No,TCH001,Technology Operations - Central,Columbus,OH,43004,NDA PM / EXPRESS SAVER LTR,Next Day Air Saver,NDA Saver,Premium,Domestic,Yes,211,5237.68,1715.08,3522.6,84.6,,,No,Yes,No,No,SAMPLE_2025_08_VolumeSpend.xlsx,Synthetic,Payor View
2025,8,Aug,202508,Q3,2025-08-01,0009100011|TCH001,0009100011,Technology Operations,No,TCH001,Technology Operations - Central,Columbus,OH,43004,NDA REG / EXPRESS PKG,Next Day Air / Express,NDA,Premium,Domestic,Yes,1648,165860.96,56508.5,109352.46,5582.4,,,No,Yes,No,No,SAMPLE_2025_08_VolumeSpend.xlsx,Synthetic,Payor View
2025,8,Aug,202508,Q3,2025-08-01,0009100011|TCH001,0009100011,Technology Operations,No,TCH001,Technology Operations - Central,Columbus,OH,43004,NDA REG / EXPRESS LTR,Next Day Air / Express,NDA,Premium,Domestic,Yes,2204,64923.87,20010.94,44912.93,858.7,,,No,Yes,No,No,SAMPLE_2025_08_VolumeSpend.xlsx,Synthetic,Payor View
2025,8,Aug,202508,Q3,2025-08-01,0009100011|TCH001,0009100011,Technology Operations,No,TCH001,Technology Operations - Central,Columbus,OH,43004,NDA AM / EXPRESS PLUS PKG,Next Day Air Early,NDA Early,Premium,Domestic,Yes,12,3410.81,1084.91,2325.9,24.6,,,No,Yes,No,No,SAMPLE_2025_08_VolumeSpend.xlsx,Synthetic,Payor View
2025,8,Aug,202508,Q3,2025-08-01,0009100011|TCH001,0009100011,Technology Operations,No,TCH001,Technology Operations - Central,Columbus,OH,43004,WW EXPRESS REG PKG,International Express,Intl Express,Premium,International,Yes,17,6174.71,2056.08,4118.63,141.4,,,No,Yes,No,No,SAMPLE_2025_08_VolumeSpend.xlsx,Synthetic,Payor View
2025,8,Aug,202508,Q3,2025-08-01,0009100011|TCH001,0009100011,Technology Operations,No,TCH001,Technology Operations - Central,Columbus,OH,43004,WW EXPRESS PM / SAVER PKG,International Express Saver,Intl Saver,Premium,International,Yes,10,2781.13,963.89,1817.24,80.8,,,No,Yes,No,No,SAMPLE_2025_08_VolumeSpend.xlsx,Synthetic,Payor View
2025,8,Aug,202508,Q3,2025-08-01,0009100011|TCH001,0009100011,Technology Operations,No,TCH001,Technology Operations - Central,Columbus,OH,43004,WW EXPEDITED / 2DA PKG,International Expedited,Intl Expedited,Expedited,International,Yes,5,1161.42,398.73,762.69,31.9,,,No,Yes,No,No,SAMPLE_2025_08_VolumeSpend.xlsx,Synthetic,Payor View
2025,8,Aug,202508,Q3,2025-08-01,0009100011|TCH001,0009100011,Technology Operations,No,TCH001,Technology Operations - Central,Columbus,OH,43004,MISC / UNC,Excluded - Adjustments,Excluded,Non-Service,Not Applicable,No,0,2910.07,2910.07,0.0,0.0,,,Yes,No,Yes,No,SAMPLE_2025_08_VolumeSpend.xlsx,Synthetic,Payor View
2025,8,Aug,202508,Q3,2025-08-01,0009100012|MAI002,0009100012,Mail Services,No,MAI002,Mail Services - Regional,Kansas City,MO,64108,GROUND PKG,Ground,Ground,Deferred,Domestic,Yes,3408,149861.46,51228.34,98633.12,66299.5,,,No,Yes,No,No,SAMPLE_2025_08_VolumeSpend.xlsx,Synthetic,Payor View
2025,8,Aug,202508,Q3,2025-08-01,0009100012|MAI002,0009100012,Mail Services,No,MAI002,Mail Services - Regional,Kansas City,MO,64108,GROUND CWT,Ground,Ground,Deferred,Domestic,Yes,16,1688.01,586.16,1101.85,527.3,,,No,Yes,No,No,SAMPLE_2025_08_VolumeSpend.xlsx,Synthetic,Payor View
2025,8,Aug,202508,Q3,2025-08-01,0009100012|MAI002,0009100012,Mail Services,No,MAI002,Mail Services - Regional,Kansas City,MO,64108,STANDARD GROUND,Ground,Ground,Deferred,Domestic,Yes,59,1260.45,465.71,794.74,441.3,,,No,Yes,No,No,SAMPLE_2025_08_VolumeSpend.xlsx,Synthetic,Payor View
2025,8,Aug,202508,Q3,2025-08-01,0009100012|MAI002,0009100012,Mail Services,No,MAI002,Mail Services - Regional,Kansas City,MO,64108,3DS PKG,3 Day Select,3DS,Deferred,Domestic,Yes,46,2057.45,667.77,1389.68,180.7,,,No,Yes,No,No,SAMPLE_2025_08_VolumeSpend.xlsx,Synthetic,Payor View
2025,8,Aug,202508,Q3,2025-08-01,0009100012|MAI002,0009100012,Mail Services,No,MAI002,Mail Services - Regional,Kansas City,MO,64108,2DA REG / EXPEDITED PKG,2nd Day Air / Expedited,2DA,Expedited,Domestic,Yes,373,22846.24,8198.58,14647.66,1203.0,,,No,Yes,No,No,SAMPLE_2025_08_VolumeSpend.xlsx,Synthetic,Payor View
2025,8,Aug,202508,Q3,2025-08-01,0009100012|MAI002,0009100012,Mail Services,No,MAI002,Mail Services - Regional,Kansas City,MO,64108,2DA REG / EXPEDITED LTR,2nd Day Air / Expedited,2DA,Expedited,Domestic,Yes,76,1429.85,459.38,970.47,44.1,,,No,Yes,No,No,SAMPLE_2025_08_VolumeSpend.xlsx,Synthetic,Payor View
2025,8,Aug,202508,Q3,2025-08-01,0009100012|MAI002,0009100012,Mail Services,No,MAI002,Mail Services - Regional,Kansas City,MO,64108,2DA AM PKG,2nd Day Air Early A.M.,2DA AM,Expedited,Domestic,Yes,15,137.19,49.68,87.51,4.6,,,No,Yes,No,No,SAMPLE_2025_08_VolumeSpend.xlsx,Synthetic,Payor View
2025,8,Aug,202508,Q3,2025-08-01,0009100012|MAI002,0009100012,Mail Services,No,MAI002,Mail Services - Regional,Kansas City,MO,64108,NDA PM / EXPRESS SAVER PKG,Next Day Air Saver,NDA Saver,Premium,Domestic,Yes,116,5111.08,1635.11,3475.97,116.7,,,No,Yes,No,No,SAMPLE_2025_08_VolumeSpend.xlsx,Synthetic,Payor View
2025,8,Aug,202508,Q3,2025-08-01,0009100012|MAI002,0009100012,Mail Services,No,MAI002,Mail Services - Regional,Kansas City,MO,64108,NDA PM / EXPRESS SAVER LTR,Next Day Air Saver,NDA Saver,Premium,Domestic,Yes,41,1214.7,435.42,779.28,18.0,,,No,Yes,No,No,SAMPLE_2025_08_VolumeSpend.xlsx,Synthetic,Payor View
2025,8,Aug,202508,Q3,2025-08-01,0009100012|MAI002,0009100012,Mail Services,No,MAI002,Mail Services - Regional,Kansas City,MO,64108,NDA REG / EXPRESS PKG,Next Day Air / Express,NDA,Premium,Domestic,Yes,257,20802.25,6565.92,14236.33,670.8,,,No,Yes,No,No,SAMPLE_2025_08_VolumeSpend.xlsx,Synthetic,Payor View
2025,8,Aug,202508,Q3,2025-08-01,0009100012|MAI002,0009100012,Mail Services,No,MAI002,Mail Services - Regional,Kansas City,MO,64108,NDA REG / EXPRESS LTR,Next Day Air / Express,NDA,Premium,Domestic,Yes,314,8794.41,2745.42,6048.99,131.2,,,No,Yes,No,No,SAMPLE_2025_08_VolumeSpend.xlsx,Synthetic,Payor View
2025,8,Aug,202508,Q3,2025-08-01,0009100012|MAI002,0009100012,Mail Services,No,MAI002,Mail Services - Regional,Kansas City,MO,64108,NDA AM / EXPRESS PLUS PKG,Next Day Air Early,NDA Early,Premium,Domestic,Yes,2,511.37,161.63,349.74,3.5,,,No,Yes,No,No,SAMPLE_2025_08_VolumeSpend.xlsx,Synthetic,Payor View
2025,8,Aug,202508,Q3,2025-08-01,0009100012|MAI002,0009100012,Mail Services,No,MAI002,Mail Services - Regional,Kansas City,MO,64108,WW EXPRESS REG PKG,International Express,Intl Express,Premium,International,Yes,3,1221.69,395.31,826.38,29.6,,,No,Yes,No,No,SAMPLE_2025_08_VolumeSpend.xlsx,Synthetic,Payor View
2025,8,Aug,202508,Q3,2025-08-01,0009100012|MAI002,0009100012,Mail Services,No,MAI002,Mail Services - Regional,Kansas City,MO,64108,WW EXPRESS PM / SAVER PKG,International Express Saver,Intl Saver,Premium,International,Yes,2,789.03,248.97,540.06,17.2,,,No,Yes,No,No,SAMPLE_2025_08_VolumeSpend.xlsx,Synthetic,Payor View
2025,8,Aug,202508,Q3,2025-08-01,0009100012|MAI002,0009100012,Mail Services,No,MAI002,Mail Services - Regional,Kansas City,MO,64108,MISC / UNC,Excluded - Adjustments,Excluded,Non-Service,Not Applicable,No,0,945.7,945.7,0.0,0.0,,,Yes,No,Yes,No,SAMPLE_2025_08_VolumeSpend.xlsx,Synthetic,Payor View
2025,8,Aug,202508,Q3,2025-08-01,0009100013|VEN003,0009100013,Vendor Programs,No,VEN003,Vendor Programs - Print,Aurora,IL,60502,GROUND PKG,Ground,Ground,Deferred,Domestic,Yes,4720,209987.22,69227.82,140759.4,74277.5,,,No,Yes,No,No,SAMPLE_2025_08_VolumeSpend.xlsx,Synthetic,Payor View
2025,8,Aug,202508,Q3,2025-08-01,0009100013|VEN003,0009100013,Vendor Programs,No,VEN003,Vendor Programs - Print,Aurora,IL,60502,GROUND CWT,Ground,Ground,Deferred,Domestic,Yes,31,3122.83,1125.31,1997.52,1036.4,,,No,Yes,No,No,SAMPLE_2025_08_VolumeSpend.xlsx,Synthetic,Payor View
2025,8,Aug,202508,Q3,2025-08-01,0009100013|VEN003,0009100013,Vendor Programs,No,VEN003,Vendor Programs - Print,Aurora,IL,60502,STANDARD GROUND,Ground,Ground,Deferred,Domestic,Yes,74,1485.17,552.48,932.69,573.9,,,No,Yes,No,No,SAMPLE_2025_08_VolumeSpend.xlsx,Synthetic,Payor View
2025,8,Aug,202508,Q3,2025-08-01,0009100013|VEN003,0009100013,Vendor Programs,No,VEN003,Vendor Programs - Print,Aurora,IL,60502,3DS PKG,3 Day Select,3DS,Deferred,Domestic,Yes,60,2521.8,788.76,1733.04,219.3,,,No,Yes,No,No,SAMPLE_2025_08_VolumeSpend.xlsx,Synthetic,Payor View
2025,8,Aug,202508,Q3,2025-08-01,0009100013|VEN003,0009100013,Vendor Programs,No,VEN003,Vendor Programs - Print,Aurora,IL,60502,2DA REG / EXPEDITED PKG,2nd Day Air / Expedited,2DA,Expedited,Domestic,Yes,564,34728.9,12834.76,21894.14,2053.2,,,No,Yes,No,No,SAMPLE_2025_08_VolumeSpend.xlsx,Synthetic,Payor View
2025,8,Aug,202508,Q3,2025-08-01,0009100013|VEN003,0009100013,Vendor Programs,No,VEN003,Vendor Programs - Print,Aurora,IL,60502,2DA REG / EXPEDITED LTR,2nd Day Air / Expedited,2DA,Expedited,Domestic,Yes,112,1791.46,615.91,1175.55,62.1,,,No,Yes,No,No,SAMPLE_2025_08_VolumeSpend.xlsx,Synthetic,Payor View
2025,8,Aug,202508,Q3,2025-08-01,0009100013|VEN003,0009100013,Vendor Programs,No,VEN003,Vendor Programs - Print,Aurora,IL,60502,2DA AM PKG,2nd Day Air Early A.M.,2DA AM,Expedited,Domestic,Yes,29,256.86,95.93,160.93,7.4,,,No,Yes,No,No,SAMPLE_2025_08_VolumeSpend.xlsx,Synthetic,Payor View
2025,8,Aug,202508,Q3,2025-08-01,0009100013|VEN003,0009100013,Vendor Programs,No,VEN003,Vendor Programs - Print,Aurora,IL,60502,NDA PM / EXPRESS SAVER PKG,Next Day Air Saver,NDA Saver,Premium,Domestic,Yes,169,6703.67,2399.17,4304.5,162.2,,,No,Yes,No,No,SAMPLE_2025_08_VolumeSpend.xlsx,Synthetic,Payor View
2025,8,Aug,202508,Q3,2025-08-01,0009100013|VEN003,0009100013,Vendor Programs,No,VEN003,Vendor Programs - Print,Aurora,IL,60502,NDA PM / EXPRESS SAVER LTR,Next Day Air Saver,NDA Saver,Premium,Domestic,Yes,47,1136.88,376.44,760.44,16.1,,,No,Yes,No,No,SAMPLE_2025_08_VolumeSpend.xlsx,Synthetic,Payor View
2025,8,Aug,202508,Q3,2025-08-01,0009100013|VEN003,0009100013,Vendor Programs,No,VEN003,Vendor Programs - Print,Aurora,IL,60502,NDA REG / EXPRESS PKG,Next Day Air / Express,NDA,Premium,Domestic,Yes,326,24432.75,8227.72,16205.03,865.5,,,No,Yes,No,No,SAMPLE_2025_08_VolumeSpend.xlsx,Synthetic,Payor View
2025,8,Aug,202508,Q3,2025-08-01,0009100013|VEN003,0009100013,Vendor Programs,No,VEN003,Vendor Programs - Print,Aurora,IL,60502,NDA REG / EXPRESS LTR,Next Day Air / Express,NDA,Premium,Domestic,Yes,616,17419.53,5874.53,11545.0,260.9,,,No,Yes,No,No,SAMPLE_2025_08_VolumeSpend.xlsx,Synthetic,Payor View
2025,8,Aug,202508,Q3,2025-08-01,0009100013|VEN003,0009100013,Vendor Programs,No,VEN003,Vendor Programs - Print,Aurora,IL,60502,NDA AM / EXPRESS PLUS PKG,Next Day Air Early,NDA Early,Premium,Domestic,Yes,3,681.74,252.74,429.0,5.5,,,No,Yes,No,No,SAMPLE_2025_08_VolumeSpend.xlsx,Synthetic,Payor View
2025,8,Aug,202508,Q3,2025-08-01,0009100013|VEN003,0009100013,Vendor Programs,No,VEN003,Vendor Programs - Print,Aurora,IL,60502,WW EXPRESS REG PKG,International Express,Intl Express,Premium,International,Yes,5,1864.11,605.13,1258.98,48.6,,,No,Yes,No,No,SAMPLE_2025_08_VolumeSpend.xlsx,Synthetic,Payor View
2025,8,Aug,202508,Q3,2025-08-01,0009100013|VEN003,0009100013,Vendor Programs,No,VEN003,Vendor Programs - Print,Aurora,IL,60502,WW EXPRESS PM / SAVER PKG,International Express Saver,Intl Saver,Premium,International,Yes,3,1033.32,349.94,683.38,28.1,,,No,Yes,No,No,SAMPLE_2025_08_VolumeSpend.xlsx,Synthetic,Payor View
2025,8,Aug,202508,Q3,2025-08-01,0009100013|VEN003,0009100013,Vendor Programs,No,VEN003,Vendor Programs - Print,Aurora,IL,60502,WW EXPEDITED / 2DA PKG,International Expedited,Intl Expedited,Expedited,International,Yes,1,291.77,100.59,191.18,7.5,,,No,Yes,No,No,SAMPLE_2025_08_VolumeSpend.xlsx,Synthetic,Payor View
2025,8,Aug,202508,Q3,2025-08-01,0009100013|VEN003,0009100013,Vendor Programs,No,VEN003,Vendor Programs - Print,Aurora,IL,60502,MISC / UNC,Excluded - Adjustments,Excluded,Non-Service,Not Applicable,No,0,810.4,810.4,0.0,0.0,,,Yes,No,Yes,No,SAMPLE_2025_08_VolumeSpend.xlsx,Synthetic,Payor View
2025,8,Aug,202508,Q3,2025-08-01,0009100013|VEN004,0009100013,Vendor Programs,No,VEN004,Vendor Programs - Fulfilment,Aurora,IL,60502,GROUND PKG,Ground,Ground,Deferred,Domestic,Yes,3912,178987.66,60943.72,118043.94,74356.9,,,No,Yes,No,No,SAMPLE_2025_08_VolumeSpend.xlsx,Synthetic,Payor View
2025,8,Aug,202508,Q3,2025-08-01,0009100013|VEN004,0009100013,Vendor Programs,No,VEN004,Vendor Programs - Fulfilment,Aurora,IL,60502,GROUND CWT,Ground,Ground,Deferred,Domestic,Yes,19,2179.55,692.5,1487.05,601.6,,,No,Yes,No,No,SAMPLE_2025_08_VolumeSpend.xlsx,Synthetic,Payor View
2025,8,Aug,202508,Q3,2025-08-01,0009100013|VEN004,0009100013,Vendor Programs,No,VEN004,Vendor Programs - Fulfilment,Aurora,IL,60502,STANDARD GROUND,Ground,Ground,Deferred,Domestic,Yes,69,1567.96,533.17,1034.79,552.7,,,No,Yes,No,No,SAMPLE_2025_08_VolumeSpend.xlsx,Synthetic,Payor View
2025,8,Aug,202508,Q3,2025-08-01,0009100013|VEN004,0009100013,Vendor Programs,No,VEN004,Vendor Programs - Fulfilment,Aurora,IL,60502,3DS PKG,3 Day Select,3DS,Deferred,Domestic,Yes,44,1768.58,637.04,1131.54,156.6,,,No,Yes,No,No,SAMPLE_2025_08_VolumeSpend.xlsx,Synthetic,Payor View
2025,8,Aug,202508,Q3,2025-08-01,0009100013|VEN004,0009100013,Vendor Programs,No,VEN004,Vendor Programs - Fulfilment,Aurora,IL,60502,2DA REG / EXPEDITED PKG,2nd Day Air / Expedited,2DA,Expedited,Domestic,Yes,388,22199.69,7036.39,15163.3,1089.3,,,No,Yes,No,No,SAMPLE_2025_08_VolumeSpend.xlsx,Synthetic,Payor View
2025,8,Aug,202508,Q3,2025-08-01,0009100013|VEN004,0009100013,Vendor Programs,No,VEN004,Vendor Programs - Fulfilment,Aurora,IL,60502,2DA REG / EXPEDITED LTR,2nd Day Air / Expedited,2DA,Expedited,Domestic,Yes,81,1526.49,486.33,1040.16,46.7,,,No,Yes,No,No,SAMPLE_2025_08_VolumeSpend.xlsx,Synthetic,Payor View
2025,8,Aug,202508,Q3,2025-08-01,0009100013|VEN004,0009100013,Vendor Programs,No,VEN004,Vendor Programs - Fulfilment,Aurora,IL,60502,2DA AM PKG,2nd Day Air Early A.M.,2DA AM,Expedited,Domestic,Yes,17,166.74,55.98,110.76,4.4,,,No,Yes,No,No,SAMPLE_2025_08_VolumeSpend.xlsx,Synthetic,Payor View
2025,8,Aug,202508,Q3,2025-08-01,0009100013|VEN004,0009100013,Vendor Programs,No,VEN004,Vendor Programs - Fulfilment,Aurora,IL,60502,NDA PM / EXPRESS SAVER PKG,Next Day Air Saver,NDA Saver,Premium,Domestic,Yes,153,8730.58,3237.69,5492.89,195.6,,,No,Yes,No,No,SAMPLE_2025_08_VolumeSpend.xlsx,Synthetic,Payor View
2025,8,Aug,202508,Q3,2025-08-01,0009100013|VEN004,0009100013,Vendor Programs,No,VEN004,Vendor Programs - Fulfilment,Aurora,IL,60502,NDA PM / EXPRESS SAVER LTR,Next Day Air Saver,NDA Saver,Premium,Domestic,Yes,43,1161.25,361.46,799.79,14.7,,,No,Yes,No,No,SAMPLE_2025_08_VolumeSpend.xlsx,Synthetic,Payor View
2025,8,Aug,202508,Q3,2025-08-01,0009100013|VEN004,0009100013,Vendor Programs,No,VEN004,Vendor Programs - Fulfilment,Aurora,IL,60502,NDA REG / EXPRESS PKG,Next Day Air / Express,NDA,Premium,Domestic,Yes,282,22639.35,7997.85,14641.5,896.6,,,No,Yes,No,No,SAMPLE_2025_08_VolumeSpend.xlsx,Synthetic,Payor View
2025,8,Aug,202508,Q3,2025-08-01,0009100013|VEN004,0009100013,Vendor Programs,No,VEN004,Vendor Programs - Fulfilment,Aurora,IL,60502,NDA REG / EXPRESS LTR,Next Day Air / Express,NDA,Premium,Domestic,Yes,491,9299.05,3455.96,5843.09,181.1,,,No,Yes,No,No,SAMPLE_2025_08_VolumeSpend.xlsx,Synthetic,Payor View
2025,8,Aug,202508,Q3,2025-08-01,0009100013|VEN004,0009100013,Vendor Programs,No,VEN004,Vendor Programs - Fulfilment,Aurora,IL,60502,NDA AM / EXPRESS PLUS PKG,Next Day Air Early,NDA Early,Premium,Domestic,Yes,3,616.5,230.2,386.3,5.0,,,No,Yes,No,No,SAMPLE_2025_08_VolumeSpend.xlsx,Synthetic,Payor View
2025,8,Aug,202508,Q3,2025-08-01,0009100013|VEN004,0009100013,Vendor Programs,No,VEN004,Vendor Programs - Fulfilment,Aurora,IL,60502,WW EXPRESS REG PKG,International Express,Intl Express,Premium,International,Yes,4,1379.36,485.39,893.97,38.0,,,No,Yes,No,No,SAMPLE_2025_08_VolumeSpend.xlsx,Synthetic,Payor View
2025,8,Aug,202508,Q3,2025-08-01,0009100013|VEN004,0009100013,Vendor Programs,No,VEN004,Vendor Programs - Fulfilment,Aurora,IL,60502,WW EXPRESS PM / SAVER PKG,International Express Saver,Intl Saver,Premium,International,Yes,3,796.47,276.56,519.91,20.5,,,No,Yes,No,No,SAMPLE_2025_08_VolumeSpend.xlsx,Synthetic,Payor View
2025,8,Aug,202508,Q3,2025-08-01,0009100013|VEN004,0009100013,Vendor Programs,No,VEN004,Vendor Programs - Fulfilment,Aurora,IL,60502,MISC / UNC,Excluded - Adjustments,Excluded,Non-Service,Not Applicable,No,0,889.83,889.83,0.0,0.0,,,Yes,No,Yes,No,SAMPLE_2025_08_VolumeSpend.xlsx,Synthetic,Payor View
2025,8,Aug,202508,Q3,2025-08-01,0009100014|FLD005,0009100014,Field Administration,No,FLD005,Field Administration - North,Madison,WI,53703,GROUND PKG,Ground,Ground,Deferred,Domestic,Yes,7632,330826.32,107991.81,222834.51,116491.7,,,No,Yes,No,No,SAMPLE_2025_08_VolumeSpend.xlsx,Synthetic,Payor View
2025,8,Aug,202508,Q3,2025-08-01,0009100014|FLD005,0009100014,Field Administration,No,FLD005,Field Administration - North,Madison,WI,53703,GROUND CWT,Ground,Ground,Deferred,Domestic,Yes,34,3057.68,1141.71,1915.97,924.5,,,No,Yes,No,No,SAMPLE_2025_08_VolumeSpend.xlsx,Synthetic,Payor View
2025,8,Aug,202508,Q3,2025-08-01,0009100014|FLD005,0009100014,Field Administration,No,FLD005,Field Administration - North,Madison,WI,53703,STANDARD GROUND,Ground,Ground,Deferred,Domestic,Yes,122,3211.96,1198.21,2013.75,1081.6,,,No,Yes,No,No,SAMPLE_2025_08_VolumeSpend.xlsx,Synthetic,Payor View
2025,8,Aug,202508,Q3,2025-08-01,0009100014|FLD005,0009100014,Field Administration,No,FLD005,Field Administration - North,Madison,WI,53703,3DS PKG,3 Day Select,3DS,Deferred,Domestic,Yes,116,4485.44,1450.3,3035.14,428.2,,,No,Yes,No,No,SAMPLE_2025_08_VolumeSpend.xlsx,Synthetic,Payor View
2025,8,Aug,202508,Q3,2025-08-01,0009100014|FLD005,0009100014,Field Administration,No,FLD005,Field Administration - North,Madison,WI,53703,2DA REG / EXPEDITED PKG,2nd Day Air / Expedited,2DA,Expedited,Domestic,Yes,602,23858.11,8617.65,15240.46,1583.8,,,No,Yes,No,No,SAMPLE_2025_08_VolumeSpend.xlsx,Synthetic,Payor View
2025,8,Aug,202508,Q3,2025-08-01,0009100014|FLD005,0009100014,Field Administration,No,FLD005,Field Administration - North,Madison,WI,53703,2DA REG / EXPEDITED LTR,2nd Day Air / Expedited,2DA,Expedited,Domestic,Yes,151,2048.84,746.35,1302.49,72.3,,,No,Yes,No,No,SAMPLE_2025_08_VolumeSpend.xlsx,Synthetic,Payor View
2025,8,Aug,202508,Q3,2025-08-01,0009100014|FLD005,0009100014,Field Administration,No,FLD005,Field Administration - North,Madison,WI,53703,2DA AM PKG,2nd Day Air Early A.M.,2DA AM,Expedited,Domestic,Yes,42,454.48,167.6,286.88,13.7,,,No,Yes,No,No,SAMPLE_2025_08_VolumeSpend.xlsx,Synthetic,Payor View
2025,8,Aug,202508,Q3,2025-08-01,0009100014|FLD005,0009100014,Field Administration,No,FLD005,Field Administration - North,Madison,WI,53703,NDA PM / EXPRESS SAVER PKG,Next Day Air Saver,NDA Saver,Premium,Domestic,Yes,219,11260.94,3518.71,7742.23,218.5,,,No,Yes,No,No,SAMPLE_2025_08_VolumeSpend.xlsx,Synthetic,Payor View
2025,8,Aug,202508,Q3,2025-08-01,0009100014|FLD005,0009100014,Field Administration,No,FLD005,Field Administration - North,Madison,WI,53703,NDA PM / EXPRESS SAVER LTR,Next Day Air Saver,NDA Saver,Premium,Domestic,Yes,68,1703.95,532.29,1171.66,24.9,,,No,Yes,No,No,SAMPLE_2025_08_VolumeSpend.xlsx,Synthetic,Payor View
2025,8,Aug,202508,Q3,2025-08-01,0009100014|FLD005,0009100014,Field Administration,No,FLD005,Field Administration - North,Madison,WI,53703,NDA REG / EXPRESS PKG,Next Day Air / Express,NDA,Premium,Domestic,Yes,551,41752.01,14323.56,27428.45,1723.9,,,No,Yes,No,No,SAMPLE_2025_08_VolumeSpend.xlsx,Synthetic,Payor View
2025,8,Aug,202508,Q3,2025-08-01,0009100014|FLD005,0009100014,Field Administration,No,FLD005,Field Administration - North,Madison,WI,53703,NDA REG / EXPRESS LTR,Next Day Air / Express,NDA,Premium,Domestic,Yes,714,13779.31,4935.08,8844.23,266.6,,,No,Yes,No,No,SAMPLE_2025_08_VolumeSpend.xlsx,Synthetic,Payor View
2025,8,Aug,202508,Q3,2025-08-01,0009100014|FLD005,0009100014,Field Administration,No,FLD005,Field Administration - North,Madison,WI,53703,NDA AM / EXPRESS PLUS PKG,Next Day Air Early,NDA Early,Premium,Domestic,Yes,5,963.11,349.41,613.7,9.3,,,No,Yes,No,No,SAMPLE_2025_08_VolumeSpend.xlsx,Synthetic,Payor View
2025,8,Aug,202508,Q3,2025-08-01,0009100014|FLD005,0009100014,Field Administration,No,FLD005,Field Administration - North,Madison,WI,53703,WW EXPRESS REG PKG,International Express,Intl Express,Premium,International,Yes,6,1971.11,708.77,1262.34,48.9,,,No,Yes,No,No,SAMPLE_2025_08_VolumeSpend.xlsx,Synthetic,Payor View
2025,8,Aug,202508,Q3,2025-08-01,0009100014|FLD005,0009100014,Field Administration,No,FLD005,Field Administration - North,Madison,WI,53703,WW EXPRESS PM / SAVER PKG,International Express Saver,Intl Saver,Premium,International,Yes,4,1305.56,458.62,846.94,32.4,,,No,Yes,No,No,SAMPLE_2025_08_VolumeSpend.xlsx,Synthetic,Payor View
2025,8,Aug,202508,Q3,2025-08-01,0009100014|FLD005,0009100014,Field Administration,No,FLD005,Field Administration - North,Madison,WI,53703,WW EXPEDITED / 2DA PKG,International Expedited,Intl Expedited,Expedited,International,Yes,1,243.66,85.41,158.25,6.8,,,No,Yes,No,No,SAMPLE_2025_08_VolumeSpend.xlsx,Synthetic,Payor View
2025,8,Aug,202508,Q3,2025-08-01,0009100014|FLD005,0009100014,Field Administration,No,FLD005,Field Administration - North,Madison,WI,53703,MISC / UNC,Excluded - Adjustments,Excluded,Non-Service,Not Applicable,No,0,2323.0,2323.0,0.0,0.0,,,Yes,No,Yes,No,SAMPLE_2025_08_VolumeSpend.xlsx,Synthetic,Payor View
2025,8,Aug,202508,Q3,2025-08-01,0009100015|HQX006,0009100015,Corporate HQ,No,HQX006,Corporate HQ - Facilities,Columbus,OH,43004,GROUND PKG,Ground,Ground,Deferred,Domestic,Yes,1950,83287.19,30380.34,52906.85,32328.3,,,No,Yes,No,No,SAMPLE_2025_08_VolumeSpend.xlsx,Synthetic,Payor View
2025,8,Aug,202508,Q3,2025-08-01,0009100015|HQX006,0009100015,Corporate HQ,No,HQX006,Corporate HQ - Facilities,Columbus,OH,43004,GROUND CWT,Ground,Ground,Deferred,Domestic,Yes,12,1131.12,404.16,726.96,302.4,,,No,Yes,No,No,SAMPLE_2025_08_VolumeSpend.xlsx,Synthetic,Payor View
2025,8,Aug,202508,Q3,2025-08-01,0009100015|HQX006,0009100015,Corporate HQ,No,HQX006,Corporate HQ - Facilities,Columbus,OH,43004,STANDARD GROUND,Ground,Ground,Deferred,Domestic,Yes,31,764.71,243.29,521.42,233.1,,,No,Yes,No,No,SAMPLE_2025_08_VolumeSpend.xlsx,Synthetic,Payor View
2025,8,Aug,202508,Q3,2025-08-01,0009100015|HQX006,0009100015,Corporate HQ,No,HQX006,Corporate HQ - Facilities,Columbus,OH,43004,3DS PKG,3 Day Select,3DS,Deferred,Domestic,Yes,28,1284.31,400.76,883.55,118.3,,,No,Yes,No,No,SAMPLE_2025_08_VolumeSpend.xlsx,Synthetic,Payor View
2025,8,Aug,202508,Q3,2025-08-01,0009100015|HQX006,0009100015,Corporate HQ,No,HQX006,Corporate HQ - Facilities,Columbus,OH,43004,2DA REG / EXPEDITED PKG,2nd Day Air / Expedited,2DA,Expedited,Domestic,Yes,192,12117.85,4270.11,7847.74,700.6,,,No,Yes,No,No,SAMPLE_2025_08_VolumeSpend.xlsx,Synthetic,Payor View
2025,8,Aug,202508,Q3,2025-08-01,0009100015|HQX006,0009100015,Corporate HQ,No,HQX006,Corporate HQ - Facilities,Columbus,OH,43004,2DA REG / EXPEDITED LTR,2nd Day Air / Expedited,2DA,Expedited,Domestic,Yes,69,997.05,328.61,668.44,34.7,,,No,Yes,No,No,SAMPLE_2025_08_VolumeSpend.xlsx,Synthetic,Payor View
2025,8,Aug,202508,Q3,2025-08-01,0009100015|HQX006,0009100015,Corporate HQ,No,HQX006,Corporate HQ - Facilities,Columbus,OH,43004,2DA AM PKG,2nd Day Air Early A.M.,2DA AM,Expedited,Domestic,Yes,11,115.67,38.95,76.72,3.3,,,No,Yes,No,No,SAMPLE_2025_08_VolumeSpend.xlsx,Synthetic,Payor View
2025,8,Aug,202508,Q3,2025-08-01,0009100015|HQX006,0009100015,Corporate HQ,No,HQX006,Corporate HQ - Facilities,Columbus,OH,43004,NDA PM / EXPRESS SAVER PKG,Next Day Air Saver,NDA Saver,Premium,Domestic,Yes,76,4873.87,1502.08,3371.79,90.0,,,No,Yes,No,No,SAMPLE_2025_08_VolumeSpend.xlsx,Synthetic,Payor View
2025,8,Aug,202508,Q3,2025-08-01,0009100015|HQX006,0009100015,Corporate HQ,No,HQX006,Corporate HQ - Facilities,Columbus,OH,43004,NDA PM / EXPRESS SAVER LTR,Next Day Air Saver,NDA Saver,Premium,Domestic,Yes,23,596.0,190.47,405.53,9.7,,,No,Yes,No,No,SAMPLE_2025_08_VolumeSpend.xlsx,Synthetic,Payor View
2025,8,Aug,202508,Q3,2025-08-01,0009100015|HQX006,0009100015,Corporate HQ,No,HQX006,Corporate HQ - Facilities,Columbus,OH,43004,NDA REG / EXPRESS PKG,Next Day Air / Express,NDA,Premium,Domestic,Yes,157,14459.02,4426.29,10032.73,467.9,,,No,Yes,No,No,SAMPLE_2025_08_VolumeSpend.xlsx,Synthetic,Payor View
2025,8,Aug,202508,Q3,2025-08-01,0009100015|HQX006,0009100015,Corporate HQ,No,HQX006,Corporate HQ - Facilities,Columbus,OH,43004,NDA REG / EXPRESS LTR,Next Day Air / Express,NDA,Premium,Domestic,Yes,215,4613.48,1591.22,3022.26,78.1,,,No,Yes,No,No,SAMPLE_2025_08_VolumeSpend.xlsx,Synthetic,Payor View
2025,8,Aug,202508,Q3,2025-08-01,0009100015|HQX006,0009100015,Corporate HQ,No,HQX006,Corporate HQ - Facilities,Columbus,OH,43004,NDA AM / EXPRESS PLUS PKG,Next Day Air Early,NDA Early,Premium,Domestic,Yes,1,301.8,97.46,204.34,2.3,,,No,Yes,No,No,SAMPLE_2025_08_VolumeSpend.xlsx,Synthetic,Payor View
2025,8,Aug,202508,Q3,2025-08-01,0009100015|HQX006,0009100015,Corporate HQ,No,HQX006,Corporate HQ - Facilities,Columbus,OH,43004,WW EXPRESS REG PKG,International Express,Intl Express,Premium,International,Yes,2,731.1,247.18,483.92,18.4,,,No,Yes,No,No,SAMPLE_2025_08_VolumeSpend.xlsx,Synthetic,Payor View
2025,8,Aug,202508,Q3,2025-08-01,0009100015|HQX006,0009100015,Corporate HQ,No,HQX006,Corporate HQ - Facilities,Columbus,OH,43004,WW EXPRESS PM / SAVER PKG,International Express Saver,Intl Saver,Premium,International,Yes,1,263.23,94.12,169.11,6.6,,,No,Yes,No,No,SAMPLE_2025_08_VolumeSpend.xlsx,Synthetic,Payor View
2025,8,Aug,202508,Q3,2025-08-01,0009100015|HQX006,0009100015,Corporate HQ,No,HQX006,Corporate HQ - Facilities,Columbus,OH,43004,MISC / UNC,Excluded - Adjustments,Excluded,Non-Service,Not Applicable,No,0,628.13,628.13,0.0,0.0,,,Yes,No,Yes,No,SAMPLE_2025_08_VolumeSpend.xlsx,Synthetic,Payor View
2025,8,Aug,202508,Q3,2025-08-01,0009100016|RTL007,0009100016,Retail Partner Network,No,RTL007,Retail Partner Network - Stores,Phoenix,AZ,85004,GROUND PKG,Ground,Ground,Deferred,Domestic,Yes,8315,367285.66,117149.72,250135.94,123064.6,,,No,Yes,No,No,SAMPLE_2025_08_VolumeSpend.xlsx,Synthetic,Payor View
2025,8,Aug,202508,Q3,2025-08-01,0009100016|RTL007,0009100016,Retail Partner Network,No,RTL007,Retail Partner Network - Stores,Phoenix,AZ,85004,GROUND CWT,Ground,Ground,Deferred,Domestic,Yes,53,5101.4,1882.13,3219.27,1656.7,,,No,Yes,No,No,SAMPLE_2025_08_VolumeSpend.xlsx,Synthetic,Payor View
2025,8,Aug,202508,Q3,2025-08-01,0009100016|RTL007,0009100016,Retail Partner Network,No,RTL007,Retail Partner Network - Stores,Phoenix,AZ,85004,STANDARD GROUND,Ground,Ground,Deferred,Domestic,Yes,203,7091.38,2420.66,4670.72,2132.0,,,No,Yes,No,No,SAMPLE_2025_08_VolumeSpend.xlsx,Synthetic,Payor View
2025,8,Aug,202508,Q3,2025-08-01,0009100016|RTL007,0009100016,Retail Partner Network,No,RTL007,Retail Partner Network - Stores,Phoenix,AZ,85004,3DS PKG,3 Day Select,3DS,Deferred,Domestic,Yes,169,7285.46,2493.07,4792.39,717.2,,,No,Yes,No,No,SAMPLE_2025_08_VolumeSpend.xlsx,Synthetic,Payor View
2025,8,Aug,202508,Q3,2025-08-01,0009100016|RTL007,0009100016,Retail Partner Network,No,RTL007,Retail Partner Network - Stores,Phoenix,AZ,85004,2DA REG / EXPEDITED PKG,2nd Day Air / Expedited,2DA,Expedited,Domestic,Yes,921,49800.72,18489.32,31311.4,3000.5,,,No,Yes,No,No,SAMPLE_2025_08_VolumeSpend.xlsx,Synthetic,Payor View
2025,8,Aug,202508,Q3,2025-08-01,0009100016|RTL007,0009100016,Retail Partner Network,No,RTL007,Retail Partner Network - Stores,Phoenix,AZ,85004,2DA REG / EXPEDITED LTR,2nd Day Air / Expedited,2DA,Expedited,Domestic,Yes,312,5030.9,1543.86,3487.04,154.5,,,No,Yes,No,No,SAMPLE_2025_08_VolumeSpend.xlsx,Synthetic,Payor View
2025,8,Aug,202508,Q3,2025-08-01,0009100016|RTL007,0009100016,Retail Partner Network,No,RTL007,Retail Partner Network - Stores,Phoenix,AZ,85004,2DA AM PKG,2nd Day Air Early A.M.,2DA AM,Expedited,Domestic,Yes,50,557.53,197.54,359.99,16.8,,,No,Yes,No,No,SAMPLE_2025_08_VolumeSpend.xlsx,Synthetic,Payor View
2025,8,Aug,202508,Q3,2025-08-01,0009100016|RTL007,0009100016,Retail Partner Network,No,RTL007,Retail Partner Network - Stores,Phoenix,AZ,85004,NDA PM / EXPRESS SAVER PKG,Next Day Air Saver,NDA Saver,Premium,Domestic,Yes,418,17375.69,5405.74,11969.95,389.7,,,No,Yes,No,No,SAMPLE_2025_08_VolumeSpend.xlsx,Synthetic,Payor View
2025,8,Aug,202508,Q3,2025-08-01,0009100016|RTL007,0009100016,Retail Partner Network,No,RTL007,Retail Partner Network - Stores,Phoenix,AZ,85004,NDA PM / EXPRESS SAVER LTR,Next Day Air Saver,NDA Saver,Premium,Domestic,Yes,134,3378.91,1098.22,2280.69,47.1,,,No,Yes,No,No,SAMPLE_2025_08_VolumeSpend.xlsx,Synthetic,Payor View
2025,8,Aug,202508,Q3,2025-08-01,0009100016|RTL007,0009100016,Retail Partner Network,No,RTL007,Retail Partner Network - Stores,Phoenix,AZ,85004,NDA REG / EXPRESS PKG,Next Day Air / Express,NDA,Premium,Domestic,Yes,673,53697.44,17732.94,35964.5,1842.3,,,No,Yes,No,No,SAMPLE_2025_08_VolumeSpend.xlsx,Synthetic,Payor View
2025,8,Aug,202508,Q3,2025-08-01,0009100016|RTL007,0009100016,Retail Partner Network,No,RTL007,Retail Partner Network - Stores,Phoenix,AZ,85004,NDA REG / EXPRESS LTR,Next Day Air / Express,NDA,Premium,Domestic,Yes,1058,25718.13,8966.55,16751.58,482.0,,,No,Yes,No,No,SAMPLE_2025_08_VolumeSpend.xlsx,Synthetic,Payor View
2025,8,Aug,202508,Q3,2025-08-01,0009100016|RTL007,0009100016,Retail Partner Network,No,RTL007,Retail Partner Network - Stores,Phoenix,AZ,85004,NDA AM / EXPRESS PLUS PKG,Next Day Air Early,NDA Early,Premium,Domestic,Yes,8,1730.54,541.57,1188.97,13.5,,,No,Yes,No,No,SAMPLE_2025_08_VolumeSpend.xlsx,Synthetic,Payor View
2025,8,Aug,202508,Q3,2025-08-01,0009100016|RTL007,0009100016,Retail Partner Network,No,RTL007,Retail Partner Network - Stores,Phoenix,AZ,85004,WW EXPRESS REG PKG,International Express,Intl Express,Premium,International,Yes,11,2923.84,1089.99,1833.85,81.5,,,No,Yes,No,No,SAMPLE_2025_08_VolumeSpend.xlsx,Synthetic,Payor View
2025,8,Aug,202508,Q3,2025-08-01,0009100016|RTL007,0009100016,Retail Partner Network,No,RTL007,Retail Partner Network - Stores,Phoenix,AZ,85004,WW EXPRESS PM / SAVER PKG,International Express Saver,Intl Saver,Premium,International,Yes,7,1699.91,633.44,1066.47,50.9,,,No,Yes,No,No,SAMPLE_2025_08_VolumeSpend.xlsx,Synthetic,Payor View
2025,8,Aug,202508,Q3,2025-08-01,0009100016|RTL007,0009100016,Retail Partner Network,No,RTL007,Retail Partner Network - Stores,Phoenix,AZ,85004,WW EXPEDITED / 2DA PKG,International Expedited,Intl Expedited,Expedited,International,Yes,3,642.2,224.86,417.34,19.6,,,No,Yes,No,No,SAMPLE_2025_08_VolumeSpend.xlsx,Synthetic,Payor View
2025,8,Aug,202508,Q3,2025-08-01,0009100016|RTL007,0009100016,Retail Partner Network,No,RTL007,Retail Partner Network - Stores,Phoenix,AZ,85004,MISC / UNC,Excluded - Adjustments,Excluded,Non-Service,Not Applicable,No,0,2254.17,2254.17,0.0,0.0,,,Yes,No,Yes,No,SAMPLE_2025_08_VolumeSpend.xlsx,Synthetic,Payor View
2025,8,Aug,202508,Q3,2025-08-01,0009100017|CSH008,0009100017,Cash Operations,No,CSH008,Cash Operations - Processing,Newark,NJ,07102,GROUND PKG,Ground,Ground,Deferred,Domestic,Yes,4354,182735.95,65556.87,117179.08,71943.8,,,No,Yes,No,No,SAMPLE_2025_08_VolumeSpend.xlsx,Synthetic,Payor View
2025,8,Aug,202508,Q3,2025-08-01,0009100017|CSH008,0009100017,Cash Operations,No,CSH008,Cash Operations - Processing,Newark,NJ,07102,GROUND CWT,Ground,Ground,Deferred,Domestic,Yes,19,2348.39,756.69,1591.7,593.7,,,No,Yes,No,No,SAMPLE_2025_08_VolumeSpend.xlsx,Synthetic,Payor View
2025,8,Aug,202508,Q3,2025-08-01,0009100017|CSH008,0009100017,Cash Operations,No,CSH008,Cash Operations - Processing,Newark,NJ,07102,STANDARD GROUND,Ground,Ground,Deferred,Domestic,Yes,61,2029.28,648.68,1380.6,596.2,,,No,Yes,No,No,SAMPLE_2025_08_VolumeSpend.xlsx,Synthetic,Payor View
2025,8,Aug,202508,Q3,2025-08-01,0009100017|CSH008,0009100017,Cash Operations,No,CSH008,Cash Operations - Processing,Newark,NJ,07102,3DS PKG,3 Day Select,3DS,Deferred,Domestic,Yes,54,2498.79,791.65,1707.14,205.8,,,No,Yes,No,No,SAMPLE_2025_08_VolumeSpend.xlsx,Synthetic,Payor View
2025,8,Aug,202508,Q3,2025-08-01,0009100017|CSH008,0009100017,Cash Operations,No,CSH008,Cash Operations - Processing,Newark,NJ,07102,2DA REG / EXPEDITED PKG,2nd Day Air / Expedited,2DA,Expedited,Domestic,Yes,333,20250.96,6969.28,13281.68,1206.0,,,No,Yes,No,No,SAMPLE_2025_08_VolumeSpend.xlsx,Synthetic,Payor View
2025,8,Aug,202508,Q3,2025-08-01,0009100017|CSH008,0009100017,Cash Operations,No,CSH008,Cash Operations - Processing,Newark,NJ,07102,2DA REG / EXPEDITED LTR,2nd Day Air / Expedited,2DA,Expedited,Domestic,Yes,102,1201.79,418.51,783.28,45.0,,,No,Yes,No,No,SAMPLE_2025_08_VolumeSpend.xlsx,Synthetic,Payor View
2025,8,Aug,202508,Q3,2025-08-01,0009100017|CSH008,0009100017,Cash Operations,No,CSH008,Cash Operations - Processing,Newark,NJ,07102,2DA AM PKG,2nd Day Air Early A.M.,2DA AM,Expedited,Domestic,Yes,16,147.69,54.0,93.69,4.7,,,No,Yes,No,No,SAMPLE_2025_08_VolumeSpend.xlsx,Synthetic,Payor View
2025,8,Aug,202508,Q3,2025-08-01,0009100017|CSH008,0009100017,Cash Operations,No,CSH008,Cash Operations - Processing,Newark,NJ,07102,NDA PM / EXPRESS SAVER PKG,Next Day Air Saver,NDA Saver,Premium,Domestic,Yes,150,7226.3,2364.23,4862.07,162.9,,,No,Yes,No,No,SAMPLE_2025_08_VolumeSpend.xlsx,Synthetic,Payor View
2025,8,Aug,202508,Q3,2025-08-01,0009100017|CSH008,0009100017,Cash Operations,No,CSH008,Cash Operations - Processing,Newark,NJ,07102,NDA PM / EXPRESS SAVER LTR,Next Day Air Saver,NDA Saver,Premium,Domestic,Yes,42,1020.67,361.01,659.66,15.4,,,No,Yes,No,No,SAMPLE_2025_08_VolumeSpend.xlsx,Synthetic,Payor View
2025,8,Aug,202508,Q3,2025-08-01,0009100017|CSH008,0009100017,Cash Operations,No,CSH008,Cash Operations - Processing,Newark,NJ,07102,NDA REG / EXPRESS PKG,Next Day Air / Express,NDA,Premium,Domestic,Yes,330,24177.48,8255.86,15921.62,977.9,,,No,Yes,No,No,SAMPLE_2025_08_VolumeSpend.xlsx,Synthetic,Payor View
2025,8,Aug,202508,Q3,2025-08-01,0009100017|CSH008,0009100017,Cash Operations,No,CSH008,Cash Operations - Processing,Newark,NJ,07102,NDA REG / EXPRESS LTR,Next Day Air / Express,NDA,Premium,Domestic,Yes,447,11803.53,4409.04,7394.49,207.0,,,No,Yes,No,No,SAMPLE_2025_08_VolumeSpend.xlsx,Synthetic,Payor View
2025,8,Aug,202508,Q3,2025-08-01,0009100017|CSH008,0009100017,Cash Operations,No,CSH008,Cash Operations - Processing,Newark,NJ,07102,NDA AM / EXPRESS PLUS PKG,Next Day Air Early,NDA Early,Premium,Domestic,Yes,2,411.95,139.81,272.14,3.4,,,No,Yes,No,No,SAMPLE_2025_08_VolumeSpend.xlsx,Synthetic,Payor View
2025,8,Aug,202508,Q3,2025-08-01,0009100017|CSH008,0009100017,Cash Operations,No,CSH008,Cash Operations - Processing,Newark,NJ,07102,WW EXPRESS REG PKG,International Express,Intl Express,Premium,International,Yes,3,958.52,340.88,617.64,24.6,,,No,Yes,No,No,SAMPLE_2025_08_VolumeSpend.xlsx,Synthetic,Payor View
2025,8,Aug,202508,Q3,2025-08-01,0009100017|CSH008,0009100017,Cash Operations,No,CSH008,Cash Operations - Processing,Newark,NJ,07102,WW EXPRESS PM / SAVER PKG,International Express Saver,Intl Saver,Premium,International,Yes,2,582.92,191.46,391.46,13.8,,,No,Yes,No,No,SAMPLE_2025_08_VolumeSpend.xlsx,Synthetic,Payor View
2025,8,Aug,202508,Q3,2025-08-01,0009100017|CSH008,0009100017,Cash Operations,No,CSH008,Cash Operations - Processing,Newark,NJ,07102,MISC / UNC,Excluded - Adjustments,Excluded,Non-Service,Not Applicable,No,0,563.94,563.94,0.0,0.0,,,Yes,No,Yes,No,SAMPLE_2025_08_VolumeSpend.xlsx,Synthetic,Payor View
2025,8,Aug,202508,Q3,2025-08-01,@@|TCO009,@@,Unassigned Sub-Parent,Yes,TCO009,Transfer Co Operations,Whippany,NJ,07981,GROUND PKG,Ground,Ground,Deferred,Domestic,Yes,449,20237.23,7310.82,12926.41,8265.6,,,No,Yes,No,No,SAMPLE_2025_08_VolumeSpend.xlsx,Synthetic,Payor View
2025,8,Aug,202508,Q3,2025-08-01,@@|TCO009,@@,Unassigned Sub-Parent,Yes,TCO009,Transfer Co Operations,Whippany,NJ,07981,GROUND CWT,Ground,Ground,Deferred,Domestic,Yes,3,331.88,122.36,209.52,95.4,,,No,Yes,No,No,SAMPLE_2025_08_VolumeSpend.xlsx,Synthetic,Payor View
2025,8,Aug,202508,Q3,2025-08-01,@@|TCO009,@@,Unassigned Sub-Parent,Yes,TCO009,Transfer Co Operations,Whippany,NJ,07981,STANDARD GROUND,Ground,Ground,Deferred,Domestic,Yes,7,165.32,61.54,103.78,65.4,,,No,Yes,No,No,SAMPLE_2025_08_VolumeSpend.xlsx,Synthetic,Payor View
2025,8,Aug,202508,Q3,2025-08-01,@@|TCO009,@@,Unassigned Sub-Parent,Yes,TCO009,Transfer Co Operations,Whippany,NJ,07981,3DS PKG,3 Day Select,3DS,Deferred,Domestic,Yes,6,184.2,62.35,121.85,18.4,,,No,Yes,No,No,SAMPLE_2025_08_VolumeSpend.xlsx,Synthetic,Payor View
2025,8,Aug,202508,Q3,2025-08-01,@@|TCO009,@@,Unassigned Sub-Parent,Yes,TCO009,Transfer Co Operations,Whippany,NJ,07981,2DA REG / EXPEDITED PKG,2nd Day Air / Expedited,2DA,Expedited,Domestic,Yes,50,3075.29,1064.95,2010.34,181.1,,,No,Yes,No,No,SAMPLE_2025_08_VolumeSpend.xlsx,Synthetic,Payor View
2025,8,Aug,202508,Q3,2025-08-01,@@|TCO009,@@,Unassigned Sub-Parent,Yes,TCO009,Transfer Co Operations,Whippany,NJ,07981,2DA REG / EXPEDITED LTR,2nd Day Air / Expedited,2DA,Expedited,Domestic,Yes,14,172.24,64.08,108.16,5.8,,,No,Yes,No,No,SAMPLE_2025_08_VolumeSpend.xlsx,Synthetic,Payor View
2025,8,Aug,202508,Q3,2025-08-01,@@|TCO009,@@,Unassigned Sub-Parent,Yes,TCO009,Transfer Co Operations,Whippany,NJ,07981,2DA AM PKG,2nd Day Air Early A.M.,2DA AM,Expedited,Domestic,Yes,3,32.16,10.41,21.75,0.9,,,No,Yes,No,No,SAMPLE_2025_08_VolumeSpend.xlsx,Synthetic,Payor View
2025,8,Aug,202508,Q3,2025-08-01,@@|TCO009,@@,Unassigned Sub-Parent,Yes,TCO009,Transfer Co Operations,Whippany,NJ,07981,NDA PM / EXPRESS SAVER PKG,Next Day Air Saver,NDA Saver,Premium,Domestic,Yes,22,1215.33,394.81,820.52,25.2,,,No,Yes,No,No,SAMPLE_2025_08_VolumeSpend.xlsx,Synthetic,Payor View
2025,8,Aug,202508,Q3,2025-08-01,@@|TCO009,@@,Unassigned Sub-Parent,Yes,TCO009,Transfer Co Operations,Whippany,NJ,07981,NDA PM / EXPRESS SAVER LTR,Next Day Air Saver,NDA Saver,Premium,Domestic,Yes,6,148.94,46.0,102.94,2.0,,,No,Yes,No,No,SAMPLE_2025_08_VolumeSpend.xlsx,Synthetic,Payor View
2025,8,Aug,202508,Q3,2025-08-01,@@|TCO009,@@,Unassigned Sub-Parent,Yes,TCO009,Transfer Co Operations,Whippany,NJ,07981,NDA REG / EXPRESS PKG,Next Day Air / Express,NDA,Premium,Domestic,Yes,39,4141.4,1391.09,2750.31,138.0,,,No,Yes,No,No,SAMPLE_2025_08_VolumeSpend.xlsx,Synthetic,Payor View
2025,8,Aug,202508,Q3,2025-08-01,@@|TCO009,@@,Unassigned Sub-Parent,Yes,TCO009,Transfer Co Operations,Whippany,NJ,07981,NDA REG / EXPRESS LTR,Next Day Air / Express,NDA,Premium,Domestic,Yes,54,1211.22,422.33,788.89,19.5,,,No,Yes,No,No,SAMPLE_2025_08_VolumeSpend.xlsx,Synthetic,Payor View
2025,8,Aug,202508,Q3,2025-08-01,@@|TCO009,@@,Unassigned Sub-Parent,Yes,TCO009,Transfer Co Operations,Whippany,NJ,07981,MISC / UNC,Excluded - Adjustments,Excluded,Non-Service,Not Applicable,No,0,139.35,139.35,0.0,0.0,,,Yes,No,Yes,No,SAMPLE_2025_08_VolumeSpend.xlsx,Synthetic,Payor View
2025,9,Sep,202509,Q3,2025-09-01,0009100011|TCH001,0009100011,Technology Operations,No,TCH001,Technology Operations - Central,Columbus,OH,43004,GROUND PKG,Ground,Ground,Deferred,Domestic,Yes,15249,734040.34,273712.15,460328.19,296105.2,,,No,Yes,No,No,SAMPLE_2025_09_VolumeSpend.xlsx,Synthetic,Payor View
2025,9,Sep,202509,Q3,2025-09-01,0009100011|TCH001,0009100011,Technology Operations,No,TCH001,Technology Operations - Central,Columbus,OH,43004,GROUND CWT,Ground,Ground,Deferred,Domestic,Yes,120,11278.82,3998.98,7279.84,3608.2,,,No,Yes,No,No,SAMPLE_2025_09_VolumeSpend.xlsx,Synthetic,Payor View
2025,9,Sep,202509,Q3,2025-09-01,0009100011|TCH001,0009100011,Technology Operations,No,TCH001,Technology Operations - Central,Columbus,OH,43004,STANDARD GROUND,Ground,Ground,Deferred,Domestic,Yes,267,7188.3,2322.09,4866.21,2328.7,,,No,Yes,No,No,SAMPLE_2025_09_VolumeSpend.xlsx,Synthetic,Payor View
2025,9,Sep,202509,Q3,2025-09-01,0009100011|TCH001,0009100011,Technology Operations,No,TCH001,Technology Operations - Central,Columbus,OH,43004,3DS PKG,3 Day Select,3DS,Deferred,Domestic,Yes,251,10775.75,4027.9,6747.85,1023.5,,,No,Yes,No,No,SAMPLE_2025_09_VolumeSpend.xlsx,Synthetic,Payor View
2025,9,Sep,202509,Q3,2025-09-01,0009100011|TCH001,0009100011,Technology Operations,No,TCH001,Technology Operations - Central,Columbus,OH,43004,2DA REG / EXPEDITED PKG,2nd Day Air / Expedited,2DA,Expedited,Domestic,Yes,1421,64916.48,22844.92,42071.56,3920.2,,,No,Yes,No,No,SAMPLE_2025_09_VolumeSpend.xlsx,Synthetic,Payor View
2025,9,Sep,202509,Q3,2025-09-01,0009100011|TCH001,0009100011,Technology Operations,No,TCH001,Technology Operations - Central,Columbus,OH,43004,2DA REG / EXPEDITED LTR,2nd Day Air / Expedited,2DA,Expedited,Domestic,Yes,428,5774.13,1880.27,3893.86,182.3,,,No,Yes,No,No,SAMPLE_2025_09_VolumeSpend.xlsx,Synthetic,Payor View
2025,9,Sep,202509,Q3,2025-09-01,0009100011|TCH001,0009100011,Technology Operations,No,TCH001,Technology Operations - Central,Columbus,OH,43004,2DA AM PKG,2nd Day Air Early A.M.,2DA AM,Expedited,Domestic,Yes,119,1082.63,404.68,677.95,37.0,,,No,Yes,No,No,SAMPLE_2025_09_VolumeSpend.xlsx,Synthetic,Payor View
2025,9,Sep,202509,Q3,2025-09-01,0009100011|TCH001,0009100011,Technology Operations,No,TCH001,Technology Operations - Central,Columbus,OH,43004,NDA PM / EXPRESS SAVER PKG,Next Day Air Saver,NDA Saver,Premium,Domestic,Yes,671,35081.51,11904.71,23176.8,773.9,,,No,Yes,No,No,SAMPLE_2025_09_VolumeSpend.xlsx,Synthetic,Payor View
2025,9,Sep,202509,Q3,2025-09-01,0009100011|TCH001,0009100011,Technology Operations,No,TCH001,Technology Operations - Central,Columbus,OH,43004,NDA PM / EXPRESS SAVER LTR,Next Day Air Saver,NDA Saver,Premium,Domestic,Yes,194,3689.29,1372.77,2316.52,66.0,,,No,Yes,No,No,SAMPLE_2025_09_VolumeSpend.xlsx,Synthetic,Payor View
2025,9,Sep,202509,Q3,2025-09-01,0009100011|TCH001,0009100011,Technology Operations,No,TCH001,Technology Operations - Central,Columbus,OH,43004,NDA REG / EXPRESS PKG,Next Day Air / Express,NDA,Premium,Domestic,Yes,1388,108265.66,39202.69,69062.97,4567.3,,,No,Yes,No,No,SAMPLE_2025_09_VolumeSpend.xlsx,Synthetic,Payor View
2025,9,Sep,202509,Q3,2025-09-01,0009100011|TCH001,0009100011,Technology Operations,No,TCH001,Technology Operations - Central,Columbus,OH,43004,NDA REG / EXPRESS LTR,Next Day Air / Express,NDA,Premium,Domestic,Yes,1932,46829.33,15430.66,31398.67,806.9,,,No,Yes,No,No,SAMPLE_2025_09_VolumeSpend.xlsx,Synthetic,Payor View
2025,9,Sep,202509,Q3,2025-09-01,0009100011|TCH001,0009100011,Technology Operations,No,TCH001,Technology Operations - Central,Columbus,OH,43004,NDA AM / EXPRESS PLUS PKG,Next Day Air Early,NDA Early,Premium,Domestic,Yes,18,3890.57,1391.6,2498.97,36.9,,,No,Yes,No,No,SAMPLE_2025_09_VolumeSpend.xlsx,Synthetic,Payor View
2025,9,Sep,202509,Q3,2025-09-01,0009100011|TCH001,0009100011,Technology Operations,No,TCH001,Technology Operations - Central,Columbus,OH,43004,WW EXPRESS REG PKG,International Express,Intl Express,Premium,International,Yes,14,5137.72,1863.92,3273.8,132.5,,,No,Yes,No,No,SAMPLE_2025_09_VolumeSpend.xlsx,Synthetic,Payor View
2025,9,Sep,202509,Q3,2025-09-01,0009100011|TCH001,0009100011,Technology Operations,No,TCH001,Technology Operations - Central,Columbus,OH,43004,WW EXPRESS PM / SAVER PKG,International Express Saver,Intl Saver,Premium,International,Yes,10,3444.01,1153.78,2290.23,92.0,,,No,Yes,No,No,SAMPLE_2025_09_VolumeSpend.xlsx,Synthetic,Payor View
2025,9,Sep,202509,Q3,2025-09-01,0009100011|TCH001,0009100011,Technology Operations,No,TCH001,Technology Operations - Central,Columbus,OH,43004,WW EXPEDITED / 2DA PKG,International Expedited,Intl Expedited,Expedited,International,Yes,4,1143.6,358.04,785.56,30.3,,,No,Yes,No,No,SAMPLE_2025_09_VolumeSpend.xlsx,Synthetic,Payor View
2025,9,Sep,202509,Q3,2025-09-01,0009100011|TCH001,0009100011,Technology Operations,No,TCH001,Technology Operations - Central,Columbus,OH,43004,MISC / UNC,Excluded - Adjustments,Excluded,Non-Service,Not Applicable,No,0,3942.13,3942.13,0.0,0.0,,,Yes,No,Yes,No,SAMPLE_2025_09_VolumeSpend.xlsx,Synthetic,Payor View
2025,9,Sep,202509,Q3,2025-09-01,0009100012|MAI002,0009100012,Mail Services,No,MAI002,Mail Services - Regional,Kansas City,MO,64108,GROUND PKG,Ground,Ground,Deferred,Domestic,Yes,3724,164400.81,60251.84,104148.97,67358.9,,,No,Yes,No,No,SAMPLE_2025_09_VolumeSpend.xlsx,Synthetic,Payor View
2025,9,Sep,202509,Q3,2025-09-01,0009100012|MAI002,0009100012,Mail Services,No,MAI002,Mail Services - Regional,Kansas City,MO,64108,GROUND CWT,Ground,Ground,Deferred,Domestic,Yes,18,1832.05,611.32,1220.73,490.3,,,No,Yes,No,No,SAMPLE_2025_09_VolumeSpend.xlsx,Synthetic,Payor View
2025,9,Sep,202509,Q3,2025-09-01,0009100012|MAI002,0009100012,Mail Services,No,MAI002,Mail Services - Regional,Kansas City,MO,64108,STANDARD GROUND,Ground,Ground,Deferred,Domestic,Yes,59,1269.98,428.82,841.16,458.3,,,No,Yes,No,No,SAMPLE_2025_09_VolumeSpend.xlsx,Synthetic,Payor View
2025,9,Sep,202509,Q3,2025-09-01,0009100012|MAI002,0009100012,Mail Services,No,MAI002,Mail Services - Regional,Kansas City,MO,64108,3DS PKG,3 Day Select,3DS,Deferred,Domestic,Yes,50,1790.64,616.03,1174.61,156.6,,,No,Yes,No,No,SAMPLE_2025_09_VolumeSpend.xlsx,Synthetic,Payor View
2025,9,Sep,202509,Q3,2025-09-01,0009100012|MAI002,0009100012,Mail Services,No,MAI002,Mail Services - Regional,Kansas City,MO,64108,2DA REG / EXPEDITED PKG,2nd Day Air / Expedited,2DA,Expedited,Domestic,Yes,294,20266.25,6807.43,13458.82,1048.5,,,No,Yes,No,No,SAMPLE_2025_09_VolumeSpend.xlsx,Synthetic,Payor View
2025,9,Sep,202509,Q3,2025-09-01,0009100012|MAI002,0009100012,Mail Services,No,MAI002,Mail Services - Regional,Kansas City,MO,64108,2DA REG / EXPEDITED LTR,2nd Day Air / Expedited,2DA,Expedited,Domestic,Yes,111,1903.21,593.17,1310.04,56.8,,,No,Yes,No,No,SAMPLE_2025_09_VolumeSpend.xlsx,Synthetic,Payor View
2025,9,Sep,202509,Q3,2025-09-01,0009100012|MAI002,0009100012,Mail Services,No,MAI002,Mail Services - Regional,Kansas City,MO,64108,2DA AM PKG,2nd Day Air Early A.M.,2DA AM,Expedited,Domestic,Yes,17,200.97,70.31,130.66,5.8,,,No,Yes,No,No,SAMPLE_2025_09_VolumeSpend.xlsx,Synthetic,Payor View
2025,9,Sep,202509,Q3,2025-09-01,0009100012|MAI002,0009100012,Mail Services,No,MAI002,Mail Services - Regional,Kansas City,MO,64108,NDA PM / EXPRESS SAVER PKG,Next Day Air Saver,NDA Saver,Premium,Domestic,Yes,107,4459.91,1470.83,2989.08,107.9,,,No,Yes,No,No,SAMPLE_2025_09_VolumeSpend.xlsx,Synthetic,Payor View
2025,9,Sep,202509,Q3,2025-09-01,0009100012|MAI002,0009100012,Mail Services,No,MAI002,Mail Services - Regional,Kansas City,MO,64108,NDA PM / EXPRESS SAVER LTR,Next Day Air Saver,NDA Saver,Premium,Domestic,Yes,36,652.59,243.31,409.28,12.1,,,No,Yes,No,No,SAMPLE_2025_09_VolumeSpend.xlsx,Synthetic,Payor View
2025,9,Sep,202509,Q3,2025-09-01,0009100012|MAI002,0009100012,Mail Services,No,MAI002,Mail Services - Regional,Kansas City,MO,64108,NDA REG / EXPRESS PKG,Next Day Air / Express,NDA,Premium,Domestic,Yes,253,22734.8,7156.27,15578.53,708.4,,,No,Yes,No,No,SAMPLE_2025_09_VolumeSpend.xlsx,Synthetic,Payor View
2025,9,Sep,202509,Q3,2025-09-01,0009100012|MAI002,0009100012,Mail Services,No,MAI002,Mail Services - Regional,Kansas City,MO,64108,NDA REG / EXPRESS LTR,Next Day Air / Express,NDA,Premium,Domestic,Yes,374,7616.42,2828.89,4787.53,142.5,,,No,Yes,No,No,SAMPLE_2025_09_VolumeSpend.xlsx,Synthetic,Payor View
2025,9,Sep,202509,Q3,2025-09-01,0009100012|MAI002,0009100012,Mail Services,No,MAI002,Mail Services - Regional,Kansas City,MO,64108,NDA AM / EXPRESS PLUS PKG,Next Day Air Early,NDA Early,Premium,Domestic,Yes,2,558.12,177.85,380.27,4.6,,,No,Yes,No,No,SAMPLE_2025_09_VolumeSpend.xlsx,Synthetic,Payor View
2025,9,Sep,202509,Q3,2025-09-01,0009100012|MAI002,0009100012,Mail Services,No,MAI002,Mail Services - Regional,Kansas City,MO,64108,WW EXPRESS REG PKG,International Express,Intl Express,Premium,International,Yes,3,998.99,355.72,643.27,27.1,,,No,Yes,No,No,SAMPLE_2025_09_VolumeSpend.xlsx,Synthetic,Payor View
2025,9,Sep,202509,Q3,2025-09-01,0009100012|MAI002,0009100012,Mail Services,No,MAI002,Mail Services - Regional,Kansas City,MO,64108,WW EXPRESS PM / SAVER PKG,International Express Saver,Intl Saver,Premium,International,Yes,2,560.09,176.29,383.8,15.0,,,No,Yes,No,No,SAMPLE_2025_09_VolumeSpend.xlsx,Synthetic,Payor View
2025,9,Sep,202509,Q3,2025-09-01,0009100012|MAI002,0009100012,Mail Services,No,MAI002,Mail Services - Regional,Kansas City,MO,64108,MISC / UNC,Excluded - Adjustments,Excluded,Non-Service,Not Applicable,No,0,975.62,975.62,0.0,0.0,,,Yes,No,Yes,No,SAMPLE_2025_09_VolumeSpend.xlsx,Synthetic,Payor View
2025,9,Sep,202509,Q3,2025-09-01,0009100013|VEN003,0009100013,Vendor Programs,No,VEN003,Vendor Programs - Print,Aurora,IL,60502,GROUND PKG,Ground,Ground,Deferred,Domestic,Yes,4173,177301.22,59504.05,117797.17,67236.1,,,No,Yes,No,No,SAMPLE_2025_09_VolumeSpend.xlsx,Synthetic,Payor View
2025,9,Sep,202509,Q3,2025-09-01,0009100013|VEN003,0009100013,Vendor Programs,No,VEN003,Vendor Programs - Print,Aurora,IL,60502,GROUND CWT,Ground,Ground,Deferred,Domestic,Yes,30,3107.21,1146.82,1960.39,999.5,,,No,Yes,No,No,SAMPLE_2025_09_VolumeSpend.xlsx,Synthetic,Payor View
2025,9,Sep,202509,Q3,2025-09-01,0009100013|VEN003,0009100013,Vendor Programs,No,VEN003,Vendor Programs - Print,Aurora,IL,60502,STANDARD GROUND,Ground,Ground,Deferred,Domestic,Yes,85,2400.93,808.65,1592.28,789.2,,,No,Yes,No,No,SAMPLE_2025_09_VolumeSpend.xlsx,Synthetic,Payor View
2025,9,Sep,202509,Q3,2025-09-01,0009100013|VEN003,0009100013,Vendor Programs,No,VEN003,Vendor Programs - Print,Aurora,IL,60502,3DS PKG,3 Day Select,3DS,Deferred,Domestic,Yes,60,2297.53,848.7,1448.83,223.0,,,No,Yes,No,No,SAMPLE_2025_09_VolumeSpend.xlsx,Synthetic,Payor View
2025,9,Sep,202509,Q3,2025-09-01,0009100013|VEN003,0009100013,Vendor Programs,No,VEN003,Vendor Programs - Print,Aurora,IL,60502,2DA REG / EXPEDITED PKG,2nd Day Air / Expedited,2DA,Expedited,Domestic,Yes,475,25022.34,8619.7,16402.64,1389.6,,,No,Yes,No,No,SAMPLE_2025_09_VolumeSpend.xlsx,Synthetic,Payor View
2025,9,Sep,202509,Q3,2025-09-01,0009100013|VEN003,0009100013,Vendor Programs,No,VEN003,Vendor Programs - Print,Aurora,IL,60502,2DA REG / EXPEDITED LTR,2nd Day Air / Expedited,2DA,Expedited,Domestic,Yes,127,1929.05,595.11,1333.94,61.6,,,No,Yes,No,No,SAMPLE_2025_09_VolumeSpend.xlsx,Synthetic,Payor View
2025,9,Sep,202509,Q3,2025-09-01,0009100013|VEN003,0009100013,Vendor Programs,No,VEN003,Vendor Programs - Print,Aurora,IL,60502,2DA AM PKG,2nd Day Air Early A.M.,2DA AM,Expedited,Domestic,Yes,25,264.32,91.84,172.48,7.8,,,No,Yes,No,No,SAMPLE_2025_09_VolumeSpend.xlsx,Synthetic,Payor View
2025,9,Sep,202509,Q3,2025-09-01,0009100013|VEN003,0009100013,Vendor Programs,No,VEN003,Vendor Programs - Print,Aurora,IL,60502,NDA PM / EXPRESS SAVER PKG,Next Day Air Saver,NDA Saver,Premium,Domestic,Yes,155,6964.05,2453.84,4510.21,155.7,,,No,Yes,No,No,SAMPLE_2025_09_VolumeSpend.xlsx,Synthetic,Payor View
2025,9,Sep,202509,Q3,2025-09-01,0009100013|VEN003,0009100013,Vendor Programs,No,VEN003,Vendor Programs - Print,Aurora,IL,60502,NDA PM / EXPRESS SAVER LTR,Next Day Air Saver,NDA Saver,Premium,Domestic,Yes,55,1601.42,566.5,1034.92,23.4,,,No,Yes,No,No,SAMPLE_2025_09_VolumeSpend.xlsx,Synthetic,Payor View
2025,9,Sep,202509,Q3,2025-09-01,0009100013|VEN003,0009100013,Vendor Programs,No,VEN003,Vendor Programs - Print,Aurora,IL,60502,NDA REG / EXPRESS PKG,Next Day Air / Express,NDA,Premium,Domestic,Yes,399,40849.67,12977.06,27872.61,1402.4,,,No,Yes,No,No,SAMPLE_2025_09_VolumeSpend.xlsx,Synthetic,Payor View
2025,9,Sep,202509,Q3,2025-09-01,0009100013|VEN003,0009100013,Vendor Programs,No,VEN003,Vendor Programs - Print,Aurora,IL,60502,NDA REG / EXPRESS LTR,Next Day Air / Express,NDA,Premium,Domestic,Yes,419,9381.81,3304.53,6077.28,173.2,,,No,Yes,No,No,SAMPLE_2025_09_VolumeSpend.xlsx,Synthetic,Payor View
2025,9,Sep,202509,Q3,2025-09-01,0009100013|VEN003,0009100013,Vendor Programs,No,VEN003,Vendor Programs - Print,Aurora,IL,60502,NDA AM / EXPRESS PLUS PKG,Next Day Air Early,NDA Early,Premium,Domestic,Yes,3,849.3,268.46,580.84,6.8,,,No,Yes,No,No,SAMPLE_2025_09_VolumeSpend.xlsx,Synthetic,Payor View
2025,9,Sep,202509,Q3,2025-09-01,0009100013|VEN003,0009100013,Vendor Programs,No,VEN003,Vendor Programs - Print,Aurora,IL,60502,WW EXPRESS REG PKG,International Express,Intl Express,Premium,International,Yes,4,1293.61,470.86,822.75,36.4,,,No,Yes,No,No,SAMPLE_2025_09_VolumeSpend.xlsx,Synthetic,Payor View
2025,9,Sep,202509,Q3,2025-09-01,0009100013|VEN003,0009100013,Vendor Programs,No,VEN003,Vendor Programs - Print,Aurora,IL,60502,WW EXPRESS PM / SAVER PKG,International Express Saver,Intl Saver,Premium,International,Yes,3,753.87,255.5,498.37,20.0,,,No,Yes,No,No,SAMPLE_2025_09_VolumeSpend.xlsx,Synthetic,Payor View
2025,9,Sep,202509,Q3,2025-09-01,0009100013|VEN003,0009100013,Vendor Programs,No,VEN003,Vendor Programs - Print,Aurora,IL,60502,WW EXPEDITED / 2DA PKG,International Expedited,Intl Expedited,Expedited,International,Yes,1,241.67,82.08,159.59,6.5,,,No,Yes,No,No,SAMPLE_2025_09_VolumeSpend.xlsx,Synthetic,Payor View
2025,9,Sep,202509,Q3,2025-09-01,0009100013|VEN003,0009100013,Vendor Programs,No,VEN003,Vendor Programs - Print,Aurora,IL,60502,MISC / UNC,Excluded - Adjustments,Excluded,Non-Service,Not Applicable,No,0,1378.01,1378.01,0.0,0.0,,,Yes,No,Yes,No,SAMPLE_2025_09_VolumeSpend.xlsx,Synthetic,Payor View
2025,9,Sep,202509,Q3,2025-09-01,0009100013|VEN004,0009100013,Vendor Programs,No,VEN004,Vendor Programs - Fulfilment,Aurora,IL,60502,GROUND PKG,Ground,Ground,Deferred,Domestic,Yes,3250,129651.66,45145.31,84506.35,58021.3,,,No,Yes,No,No,SAMPLE_2025_09_VolumeSpend.xlsx,Synthetic,Payor View
2025,9,Sep,202509,Q3,2025-09-01,0009100013|VEN004,0009100013,Vendor Programs,No,VEN004,Vendor Programs - Fulfilment,Aurora,IL,60502,GROUND CWT,Ground,Ground,Deferred,Domestic,Yes,23,2911.66,927.98,1983.68,749.4,,,No,Yes,No,No,SAMPLE_2025_09_VolumeSpend.xlsx,Synthetic,Payor View
2025,9,Sep,202509,Q3,2025-09-01,0009100013|VEN004,0009100013,Vendor Programs,No,VEN004,Vendor Programs - Fulfilment,Aurora,IL,60502,STANDARD GROUND,Ground,Ground,Deferred,Domestic,Yes,52,1611.18,497.52,1113.66,522.7,,,No,Yes,No,No,SAMPLE_2025_09_VolumeSpend.xlsx,Synthetic,Payor View
2025,9,Sep,202509,Q3,2025-09-01,0009100013|VEN004,0009100013,Vendor Programs,No,VEN004,Vendor Programs - Fulfilment,Aurora,IL,60502,3DS PKG,3 Day Select,3DS,Deferred,Domestic,Yes,46,1833.45,564.1,1269.35,162.0,,,No,Yes,No,No,SAMPLE_2025_09_VolumeSpend.xlsx,Synthetic,Payor View
2025,9,Sep,202509,Q3,2025-09-01,0009100013|VEN004,0009100013,Vendor Programs,No,VEN004,Vendor Programs - Fulfilment,Aurora,IL,60502,2DA REG / EXPEDITED PKG,2nd Day Air / Expedited,2DA,Expedited,Domestic,Yes,341,18871.67,6538.57,12333.1,1000.6,,,No,Yes,No,No,SAMPLE_2025_09_VolumeSpend.xlsx,Synthetic,Payor View
2025,9,Sep,202509,Q3,2025-09-01,0009100013|VEN004,0009100013,Vendor Programs,No,VEN004,Vendor Programs - Fulfilment,Aurora,IL,60502,2DA REG / EXPEDITED LTR,2nd Day Air / Expedited,2DA,Expedited,Domestic,Yes,122,1917.65,593.25,1324.4,54.3,,,No,Yes,No,No,SAMPLE_2025_09_VolumeSpend.xlsx,Synthetic,Payor View
2025,9,Sep,202509,Q3,2025-09-01,0009100013|VEN004,0009100013,Vendor Programs,No,VEN004,Vendor Programs - Fulfilment,Aurora,IL,60502,2DA AM PKG,2nd Day Air Early A.M.,2DA AM,Expedited,Domestic,Yes,17,130.2,48.62,81.58,4.3,,,No,Yes,No,No,SAMPLE_2025_09_VolumeSpend.xlsx,Synthetic,Payor View
2025,9,Sep,202509,Q3,2025-09-01,0009100013|VEN004,0009100013,Vendor Programs,No,VEN004,Vendor Programs - Fulfilment,Aurora,IL,60502,NDA PM / EXPRESS SAVER PKG,Next Day Air Saver,NDA Saver,Premium,Domestic,Yes,152,6916.37,2402.0,4514.37,165.0,,,No,Yes,No,No,SAMPLE_2025_09_VolumeSpend.xlsx,Synthetic,Payor View
2025,9,Sep,202509,Q3,2025-09-01,0009100013|VEN004,0009100013,Vendor Programs,No,VEN004,Vendor Programs - Fulfilment,Aurora,IL,60502,NDA PM / EXPRESS SAVER LTR,Next Day Air Saver,NDA Saver,Premium,Domestic,Yes,47,1082.82,365.68,717.14,16.6,,,No,Yes,No,No,SAMPLE_2025_09_VolumeSpend.xlsx,Synthetic,Payor View
2025,9,Sep,202509,Q3,2025-09-01,0009100013|VEN004,0009100013,Vendor Programs,No,VEN004,Vendor Programs - Fulfilment,Aurora,IL,60502,NDA REG / EXPRESS PKG,Next Day Air / Express,NDA,Premium,Domestic,Yes,295,26716.91,8313.36,18403.55,864.7,,,No,Yes,No,No,SAMPLE_2025_09_VolumeSpend.xlsx,Synthetic,Payor View
2025,9,Sep,202509,Q3,2025-09-01,0009100013|VEN004,0009100013,Vendor Programs,No,VEN004,Vendor Programs - Fulfilment,Aurora,IL,60502,NDA REG / EXPRESS LTR,Next Day Air / Express,NDA,Premium,Domestic,Yes,442,10487.16,3635.97,6851.19,158.7,,,No,Yes,No,No,SAMPLE_2025_09_VolumeSpend.xlsx,Synthetic,Payor View
2025,9,Sep,202509,Q3,2025-09-01,0009100013|VEN004,0009100013,Vendor Programs,No,VEN004,Vendor Programs - Fulfilment,Aurora,IL,60502,NDA AM / EXPRESS PLUS PKG,Next Day Air Early,NDA Early,Premium,Domestic,Yes,3,706.52,220.85,485.67,5.5,,,No,Yes,No,No,SAMPLE_2025_09_VolumeSpend.xlsx,Synthetic,Payor View
2025,9,Sep,202509,Q3,2025-09-01,0009100013|VEN004,0009100013,Vendor Programs,No,VEN004,Vendor Programs - Fulfilment,Aurora,IL,60502,WW EXPRESS REG PKG,International Express,Intl Express,Premium,International,Yes,3,1104.42,386.51,717.91,31.0,,,No,Yes,No,No,SAMPLE_2025_09_VolumeSpend.xlsx,Synthetic,Payor View
2025,9,Sep,202509,Q3,2025-09-01,0009100013|VEN004,0009100013,Vendor Programs,No,VEN004,Vendor Programs - Fulfilment,Aurora,IL,60502,WW EXPRESS PM / SAVER PKG,International Express Saver,Intl Saver,Premium,International,Yes,2,513.53,185.68,327.85,13.9,,,No,Yes,No,No,SAMPLE_2025_09_VolumeSpend.xlsx,Synthetic,Payor View
2025,9,Sep,202509,Q3,2025-09-01,0009100013|VEN004,0009100013,Vendor Programs,No,VEN004,Vendor Programs - Fulfilment,Aurora,IL,60502,MISC / UNC,Excluded - Adjustments,Excluded,Non-Service,Not Applicable,No,0,481.39,481.39,0.0,0.0,,,Yes,No,Yes,No,SAMPLE_2025_09_VolumeSpend.xlsx,Synthetic,Payor View
2025,9,Sep,202509,Q3,2025-09-01,0009100014|FLD005,0009100014,Field Administration,No,FLD005,Field Administration - North,Madison,WI,53703,GROUND PKG,Ground,Ground,Deferred,Domestic,Yes,7884,381790.13,128537.36,253252.77,135084.0,,,No,Yes,No,No,SAMPLE_2025_09_VolumeSpend.xlsx,Synthetic,Payor View
2025,9,Sep,202509,Q3,2025-09-01,0009100014|FLD005,0009100014,Field Administration,No,FLD005,Field Administration - North,Madison,WI,53703,GROUND CWT,Ground,Ground,Deferred,Domestic,Yes,38,3123.88,1142.6,1981.28,1079.9,,,No,Yes,No,No,SAMPLE_2025_09_VolumeSpend.xlsx,Synthetic,Payor View
2025,9,Sep,202509,Q3,2025-09-01,0009100014|FLD005,0009100014,Field Administration,No,FLD005,Field Administration - North,Madison,WI,53703,STANDARD GROUND,Ground,Ground,Deferred,Domestic,Yes,135,3468.66,1199.98,2268.68,1106.7,,,No,Yes,No,No,SAMPLE_2025_09_VolumeSpend.xlsx,Synthetic,Payor View
2025,9,Sep,202509,Q3,2025-09-01,0009100014|FLD005,0009100014,Field Administration,No,FLD005,Field Administration - North,Madison,WI,53703,3DS PKG,3 Day Select,3DS,Deferred,Domestic,Yes,107,4536.34,1685.22,2851.12,398.3,,,No,Yes,No,No,SAMPLE_2025_09_VolumeSpend.xlsx,Synthetic,Payor View
2025,9,Sep,202509,Q3,2025-09-01,0009100014|FLD005,0009100014,Field Administration,No,FLD005,Field Administration - North,Madison,WI,53703,2DA REG / EXPEDITED PKG,2nd Day Air / Expedited,2DA,Expedited,Domestic,Yes,601,28005.07,9216.41,18788.66,1703.0,,,No,Yes,No,No,SAMPLE_2025_09_VolumeSpend.xlsx,Synthetic,Payor View
2025,9,Sep,202509,Q3,2025-09-01,0009100014|FLD005,0009100014,Field Administration,No,FLD005,Field Administration - North,Madison,WI,53703,2DA REG / EXPEDITED LTR,2nd Day Air / Expedited,2DA,Expedited,Domestic,Yes,179,3041.54,1118.18,1923.36,104.7,,,No,Yes,No,No,SAMPLE_2025_09_VolumeSpend.xlsx,Synthetic,Payor View
2025,9,Sep,202509,Q3,2025-09-01,0009100014|FLD005,0009100014,Field Administration,No,FLD005,Field Administration - North,Madison,WI,53703,2DA AM PKG,2nd Day Air Early A.M.,2DA AM,Expedited,Domestic,Yes,39,458.16,167.59,290.57,13.5,,,No,Yes,No,No,SAMPLE_2025_09_VolumeSpend.xlsx,Synthetic,Payor View
2025,9,Sep,202509,Q3,2025-09-01,0009100014|FLD005,0009100014,Field Administration,No,FLD005,Field Administration - North,Madison,WI,53703,NDA PM / EXPRESS SAVER PKG,Next Day Air Saver,NDA Saver,Premium,Domestic,Yes,279,13742.32,4443.01,9299.31,275.5,,,No,Yes,No,No,SAMPLE_2025_09_VolumeSpend.xlsx,Synthetic,Payor View
2025,9,Sep,202509,Q3,2025-09-01,0009100014|FLD005,0009100014,Field Administration,No,FLD005,Field Administration - North,Madison,WI,53703,NDA PM / EXPRESS SAVER LTR,Next Day Air Saver,NDA Saver,Premium,Domestic,Yes,87,2579.89,837.05,1742.84,37.6,,,No,Yes,No,No,SAMPLE_2025_09_VolumeSpend.xlsx,Synthetic,Payor View
2025,9,Sep,202509,Q3,2025-09-01,0009100014|FLD005,0009100014,Field Administration,No,FLD005,Field Administration - North,Madison,WI,53703,NDA REG / EXPRESS PKG,Next Day Air / Express,NDA,Premium,Domestic,Yes,578,56457.61,19050.53,37407.08,2005.7,,,No,Yes,No,No,SAMPLE_2025_09_VolumeSpend.xlsx,Synthetic,Payor View
2025,9,Sep,202509,Q3,2025-09-01,0009100014|FLD005,0009100014,Field Administration,No,FLD005,Field Administration - North,Madison,WI,53703,NDA REG / EXPRESS LTR,Next Day Air / Express,NDA,Premium,Domestic,Yes,814,20768.8,6784.84,13983.96,310.9,,,No,Yes,No,No,SAMPLE_2025_09_VolumeSpend.xlsx,Synthetic,Payor View
2025,9,Sep,202509,Q3,2025-09-01,0009100014|FLD005,0009100014,Field Administration,No,FLD005,Field Administration - North,Madison,WI,53703,NDA AM / EXPRESS PLUS PKG,Next Day Air Early,NDA Early,Premium,Domestic,Yes,6,1539.03,566.33,972.7,12.4,,,No,Yes,No,No,SAMPLE_2025_09_VolumeSpend.xlsx,Synthetic,Payor View
2025,9,Sep,202509,Q3,2025-09-01,0009100014|FLD005,0009100014,Field Administration,No,FLD005,Field Administration - North,Madison,WI,53703,WW EXPRESS REG PKG,International Express,Intl Express,Premium,International,Yes,6,2146.93,771.59,1375.34,58.2,,,No,Yes,No,No,SAMPLE_2025_09_VolumeSpend.xlsx,Synthetic,Payor View
2025,9,Sep,202509,Q3,2025-09-01,0009100014|FLD005,0009100014,Field Administration,No,FLD005,Field Administration - North,Madison,WI,53703,WW EXPRESS PM / SAVER PKG,International Express Saver,Intl Saver,Premium,International,Yes,5,2171.03,670.1,1500.93,46.4,,,No,Yes,No,No,SAMPLE_2025_09_VolumeSpend.xlsx,Synthetic,Payor View
2025,9,Sep,202509,Q3,2025-09-01,0009100014|FLD005,0009100014,Field Administration,No,FLD005,Field Administration - North,Madison,WI,53703,WW EXPEDITED / 2DA PKG,International Expedited,Intl Expedited,Expedited,International,Yes,2,486.12,160.76,325.36,12.7,,,No,Yes,No,No,SAMPLE_2025_09_VolumeSpend.xlsx,Synthetic,Payor View
2025,9,Sep,202509,Q3,2025-09-01,0009100014|FLD005,0009100014,Field Administration,No,FLD005,Field Administration - North,Madison,WI,53703,MISC / UNC,Excluded - Adjustments,Excluded,Non-Service,Not Applicable,No,0,1244.31,1244.31,0.0,0.0,,,Yes,No,Yes,No,SAMPLE_2025_09_VolumeSpend.xlsx,Synthetic,Payor View
2025,9,Sep,202509,Q3,2025-09-01,0009100015|HQX006,0009100015,Corporate HQ,No,HQX006,Corporate HQ - Facilities,Columbus,OH,43004,GROUND PKG,Ground,Ground,Deferred,Domestic,Yes,2369,102198.64,35285.37,66913.27,45164.8,,,No,Yes,No,No,SAMPLE_2025_09_VolumeSpend.xlsx,Synthetic,Payor View
2025,9,Sep,202509,Q3,2025-09-01,0009100015|HQX006,0009100015,Corporate HQ,No,HQX006,Corporate HQ - Facilities,Columbus,OH,43004,GROUND CWT,Ground,Ground,Deferred,Domestic,Yes,12,953.84,336.98,616.86,299.8,,,No,Yes,No,No,SAMPLE_2025_09_VolumeSpend.xlsx,Synthetic,Payor View
2025,9,Sep,202509,Q3,2025-09-01,0009100015|HQX006,0009100015,Corporate HQ,No,HQX006,Corporate HQ - Facilities,Columbus,OH,43004,STANDARD GROUND,Ground,Ground,Deferred,Domestic,Yes,39,950.5,308.77,641.73,316.2,,,No,Yes,No,No,SAMPLE_2025_09_VolumeSpend.xlsx,Synthetic,Payor View
2025,9,Sep,202509,Q3,2025-09-01,0009100015|HQX006,0009100015,Corporate HQ,No,HQX006,Corporate HQ - Facilities,Columbus,OH,43004,3DS PKG,3 Day Select,3DS,Deferred,Domestic,Yes,32,1554.43,488.03,1066.4,138.6,,,No,Yes,No,No,SAMPLE_2025_09_VolumeSpend.xlsx,Synthetic,Payor View
2025,9,Sep,202509,Q3,2025-09-01,0009100015|HQX006,0009100015,Corporate HQ,No,HQX006,Corporate HQ - Facilities,Columbus,OH,43004,2DA REG / EXPEDITED PKG,2nd Day Air / Expedited,2DA,Expedited,Domestic,Yes,221,11035.32,4062.42,6972.9,687.0,,,No,Yes,No,No,SAMPLE_2025_09_VolumeSpend.xlsx,Synthetic,Payor View
2025,9,Sep,202509,Q3,2025-09-01,0009100015|HQX006,0009100015,Corporate HQ,No,HQX006,Corporate HQ - Facilities,Columbus,OH,43004,2DA REG / EXPEDITED LTR,2nd Day Air / Expedited,2DA,Expedited,Domestic,Yes,70,853.56,316.43,537.13,32.1,,,No,Yes,No,No,SAMPLE_2025_09_VolumeSpend.xlsx,Synthetic,Payor View
2025,9,Sep,202509,Q3,2025-09-01,0009100015|HQX006,0009100015,Corporate HQ,No,HQX006,Corporate HQ - Facilities,Columbus,OH,43004,2DA AM PKG,2nd Day Air Early A.M.,2DA AM,Expedited,Domestic,Yes,11,98.45,33.32,65.13,2.7,,,No,Yes,No,No,SAMPLE_2025_09_VolumeSpend.xlsx,Synthetic,Payor View
2025,9,Sep,202509,Q3,2025-09-01,0009100015|HQX006,0009100015,Corporate HQ,No,HQX006,Corporate HQ - Facilities,Columbus,OH,43004,NDA PM / EXPRESS SAVER PKG,Next Day Air Saver,NDA Saver,Premium,Domestic,Yes,86,4397.62,1460.86,2936.76,102.6,,,No,Yes,No,No,SAMPLE_2025_09_VolumeSpend.xlsx,Synthetic,Payor View
2025,9,Sep,202509,Q3,2025-09-01,0009100015|HQX006,0009100015,Corporate HQ,No,HQX006,Corporate HQ - Facilities,Columbus,OH,43004,NDA PM / EXPRESS SAVER LTR,Next Day Air Saver,NDA Saver,Premium,Domestic,Yes,27,789.89,244.2,545.69,11.1,,,No,Yes,No,No,SAMPLE_2025_09_VolumeSpend.xlsx,Synthetic,Payor View
2025,9,Sep,202509,Q3,2025-09-01,0009100015|HQX006,0009100015,Corporate HQ,No,HQX006,Corporate HQ - Facilities,Columbus,OH,43004,NDA REG / EXPRESS PKG,Next Day Air / Express,NDA,Premium,Domestic,Yes,194,21347.15,6615.75,14731.4,683.9,,,No,Yes,No,No,SAMPLE_2025_09_VolumeSpend.xlsx,Synthetic,Payor View
2025,9,Sep,202509,Q3,2025-09-01,0009100015|HQX006,0009100015,Corporate HQ,No,HQX006,Corporate HQ - Facilities,Columbus,OH,43004,NDA REG / EXPRESS LTR,Next Day Air / Express,NDA,Premium,Domestic,Yes,215,6898.89,2285.65,4613.24,99.1,,,No,Yes,No,No,SAMPLE_2025_09_VolumeSpend.xlsx,Synthetic,Payor View
2025,9,Sep,202509,Q3,2025-09-01,0009100015|HQX006,0009100015,Corporate HQ,No,HQX006,Corporate HQ - Facilities,Columbus,OH,43004,NDA AM / EXPRESS PLUS PKG,Next Day Air Early,NDA Early,Premium,Domestic,Yes,2,411.47,148.87,262.6,3.3,,,No,Yes,No,No,SAMPLE_2025_09_VolumeSpend.xlsx,Synthetic,Payor View
2025,9,Sep,202509,Q3,2025-09-01,0009100015|HQX006,0009100015,Corporate HQ,No,HQX006,Corporate HQ - Facilities,Columbus,OH,43004,WW EXPRESS REG PKG,International Express,Intl Express,Premium,International,Yes,1,369.98,125.28,244.7,8.0,,,No,Yes,No,No,SAMPLE_2025_09_VolumeSpend.xlsx,Synthetic,Payor View
2025,9,Sep,202509,Q3,2025-09-01,0009100015|HQX006,0009100015,Corporate HQ,No,HQX006,Corporate HQ - Facilities,Columbus,OH,43004,WW EXPRESS PM / SAVER PKG,International Express Saver,Intl Saver,Premium,International,Yes,1,326.66,106.21,220.45,8.5,,,No,Yes,No,No,SAMPLE_2025_09_VolumeSpend.xlsx,Synthetic,Payor View
2025,9,Sep,202509,Q3,2025-09-01,0009100015|HQX006,0009100015,Corporate HQ,No,HQX006,Corporate HQ - Facilities,Columbus,OH,43004,MISC / UNC,Excluded - Adjustments,Excluded,Non-Service,Not Applicable,No,0,418.11,418.11,0.0,0.0,,,Yes,No,Yes,No,SAMPLE_2025_09_VolumeSpend.xlsx,Synthetic,Payor View
2025,9,Sep,202509,Q3,2025-09-01,0009100016|RTL007,0009100016,Retail Partner Network,No,RTL007,Retail Partner Network - Stores,Phoenix,AZ,85004,GROUND PKG,Ground,Ground,Deferred,Domestic,Yes,12222,520322.25,186059.27,334262.98,230342.4,,,No,Yes,No,No,SAMPLE_2025_09_VolumeSpend.xlsx,Synthetic,Payor View
2025,9,Sep,202509,Q3,2025-09-01,0009100016|RTL007,0009100016,Retail Partner Network,No,RTL007,Retail Partner Network - Stores,Phoenix,AZ,85004,GROUND CWT,Ground,Ground,Deferred,Domestic,Yes,45,3976.43,1360.2,2616.23,1251.8,,,No,Yes,No,No,SAMPLE_2025_09_VolumeSpend.xlsx,Synthetic,Payor View
2025,9,Sep,202509,Q3,2025-09-01,0009100016|RTL007,0009100016,Retail Partner Network,No,RTL007,Retail Partner Network - Stores,Phoenix,AZ,85004,STANDARD GROUND,Ground,Ground,Deferred,Domestic,Yes,149,3465.76,1171.93,2293.83,1150.2,,,No,Yes,No,No,SAMPLE_2025_09_VolumeSpend.xlsx,Synthetic,Payor View
2025,9,Sep,202509,Q3,2025-09-01,0009100016|RTL007,0009100016,Retail Partner Network,No,RTL007,Retail Partner Network - Stores,Phoenix,AZ,85004,3DS PKG,3 Day Select,3DS,Deferred,Domestic,Yes,147,5537.11,1786.88,3750.23,523.2,,,No,Yes,No,No,SAMPLE_2025_09_VolumeSpend.xlsx,Synthetic,Payor View
2025,9,Sep,202509,Q3,2025-09-01,0009100016|RTL007,0009100016,Retail Partner Network,No,RTL007,Retail Partner Network - Stores,Phoenix,AZ,85004,2DA REG / EXPEDITED PKG,2nd Day Air / Expedited,2DA,Expedited,Domestic,Yes,1015,69167.98,23091.94,46076.04,3674.2,,,No,Yes,No,No,SAMPLE_2025_09_VolumeSpend.xlsx,Synthetic,Payor View
2025,9,Sep,202509,Q3,2025-09-01,0009100016|RTL007,0009100016,Retail Partner Network,No,RTL007,Retail Partner Network - Stores,Phoenix,AZ,85004,2DA REG / EXPEDITED LTR,2nd Day Air / Expedited,2DA,Expedited,Domestic,Yes,246,4008.56,1273.47,2735.09,132.3,,,No,Yes,No,No,SAMPLE_2025_09_VolumeSpend.xlsx,Synthetic,Payor View
2025,9,Sep,202509,Q3,2025-09-01,0009100016|RTL007,0009100016,Retail Partner Network,No,RTL007,Retail Partner Network - Stores,Phoenix,AZ,85004,2DA AM PKG,2nd Day Air Early A.M.,2DA AM,Expedited,Domestic,Yes,53,548.23,194.78,353.45,18.4,,,No,Yes,No,No,SAMPLE_2025_09_VolumeSpend.xlsx,Synthetic,Payor View
2025,9,Sep,202509,Q3,2025-09-01,0009100016|RTL007,0009100016,Retail Partner Network,No,RTL007,Retail Partner Network - Stores,Phoenix,AZ,85004,NDA PM / EXPRESS SAVER PKG,Next Day Air Saver,NDA Saver,Premium,Domestic,Yes,329,14017.69,4583.81,9433.88,334.0,,,No,Yes,No,No,SAMPLE_2025_09_VolumeSpend.xlsx,Synthetic,Payor View
2025,9,Sep,202509,Q3,2025-09-01,0009100016|RTL007,0009100016,Retail Partner Network,No,RTL007,Retail Partner Network - Stores,Phoenix,AZ,85004,NDA PM / EXPRESS SAVER LTR,Next Day Air Saver,NDA Saver,Premium,Domestic,Yes,98,2981.5,1014.28,1967.22,41.8,,,No,Yes,No,No,SAMPLE_2025_09_VolumeSpend.xlsx,Synthetic,Payor View
2025,9,Sep,202509,Q3,2025-09-01,0009100016|RTL007,0009100016,Retail Partner Network,No,RTL007,Retail Partner Network - Stores,Phoenix,AZ,85004,NDA REG / EXPRESS PKG,Next Day Air / Express,NDA,Premium,Domestic,Yes,807,60848.69,19790.07,41058.62,2209.3,,,No,Yes,No,No,SAMPLE_2025_09_VolumeSpend.xlsx,Synthetic,Payor View
2025,9,Sep,202509,Q3,2025-09-01,0009100016|RTL007,0009100016,Retail Partner Network,No,RTL007,Retail Partner Network - Stores,Phoenix,AZ,85004,NDA REG / EXPRESS LTR,Next Day Air / Express,NDA,Premium,Domestic,Yes,1009,24533.56,7968.85,16564.71,344.9,,,No,Yes,No,No,SAMPLE_2025_09_VolumeSpend.xlsx,Synthetic,Payor View
2025,9,Sep,202509,Q3,2025-09-01,0009100016|RTL007,0009100016,Retail Partner Network,No,RTL007,Retail Partner Network - Stores,Phoenix,AZ,85004,NDA AM / EXPRESS PLUS PKG,Next Day Air Early,NDA Early,Premium,Domestic,Yes,7,2099.89,700.53,1399.36,15.3,,,No,Yes,No,No,SAMPLE_2025_09_VolumeSpend.xlsx,Synthetic,Payor View
2025,9,Sep,202509,Q3,2025-09-01,0009100016|RTL007,0009100016,Retail Partner Network,No,RTL007,Retail Partner Network - Stores,Phoenix,AZ,85004,WW EXPRESS REG PKG,International Express,Intl Express,Premium,International,Yes,10,4648.91,1450.65,3198.26,95.5,,,No,Yes,No,No,SAMPLE_2025_09_VolumeSpend.xlsx,Synthetic,Payor View
2025,9,Sep,202509,Q3,2025-09-01,0009100016|RTL007,0009100016,Retail Partner Network,No,RTL007,Retail Partner Network - Stores,Phoenix,AZ,85004,WW EXPRESS PM / SAVER PKG,International Express Saver,Intl Saver,Premium,International,Yes,8,3122.54,1050.21,2072.33,74.8,,,No,Yes,No,No,SAMPLE_2025_09_VolumeSpend.xlsx,Synthetic,Payor View
2025,9,Sep,202509,Q3,2025-09-01,0009100016|RTL007,0009100016,Retail Partner Network,No,RTL007,Retail Partner Network - Stores,Phoenix,AZ,85004,WW EXPEDITED / 2DA PKG,International Expedited,Intl Expedited,Expedited,International,Yes,2,398.94,126.42,272.52,11.6,,,No,Yes,No,No,SAMPLE_2025_09_VolumeSpend.xlsx,Synthetic,Payor View
2025,9,Sep,202509,Q3,2025-09-01,0009100016|RTL007,0009100016,Retail Partner Network,No,RTL007,Retail Partner Network - Stores,Phoenix,AZ,85004,MISC / UNC,Excluded - Adjustments,Excluded,Non-Service,Not Applicable,No,0,1599.02,1599.02,0.0,0.0,,,Yes,No,Yes,No,SAMPLE_2025_09_VolumeSpend.xlsx,Synthetic,Payor View
2025,9,Sep,202509,Q3,2025-09-01,0009100017|CSH008,0009100017,Cash Operations,No,CSH008,Cash Operations - Processing,Newark,NJ,07102,GROUND PKG,Ground,Ground,Deferred,Domestic,Yes,4131,159034.72,54098.63,104936.09,58605.5,,,No,Yes,No,No,SAMPLE_2025_09_VolumeSpend.xlsx,Synthetic,Payor View
2025,9,Sep,202509,Q3,2025-09-01,0009100017|CSH008,0009100017,Cash Operations,No,CSH008,Cash Operations - Processing,Newark,NJ,07102,GROUND CWT,Ground,Ground,Deferred,Domestic,Yes,20,2479.24,821.72,1657.52,706.8,,,No,Yes,No,No,SAMPLE_2025_09_VolumeSpend.xlsx,Synthetic,Payor View
2025,9,Sep,202509,Q3,2025-09-01,0009100017|CSH008,0009100017,Cash Operations,No,CSH008,Cash Operations - Processing,Newark,NJ,07102,STANDARD GROUND,Ground,Ground,Deferred,Domestic,Yes,65,1702.41,600.31,1102.1,610.2,,,No,Yes,No,No,SAMPLE_2025_09_VolumeSpend.xlsx,Synthetic,Payor View
2025,9,Sep,202509,Q3,2025-09-01,0009100017|CSH008,0009100017,Cash Operations,No,CSH008,Cash Operations - Processing,Newark,NJ,07102,3DS PKG,3 Day Select,3DS,Deferred,Domestic,Yes,50,1905.69,599.24,1306.45,157.4,,,No,Yes,No,No,SAMPLE_2025_09_VolumeSpend.xlsx,Synthetic,Payor View
2025,9,Sep,202509,Q3,2025-09-01,0009100017|CSH008,0009100017,Cash Operations,No,CSH008,Cash Operations - Processing,Newark,NJ,07102,2DA REG / EXPEDITED PKG,2nd Day Air / Expedited,2DA,Expedited,Domestic,Yes,425,22925.15,8239.96,14685.19,1375.8,,,No,Yes,No,No,SAMPLE_2025_09_VolumeSpend.xlsx,Synthetic,Payor View
2025,9,Sep,202509,Q3,2025-09-01,0009100017|CSH008,0009100017,Cash Operations,No,CSH008,Cash Operations - Processing,Newark,NJ,07102,2DA REG / EXPEDITED LTR,2nd Day Air / Expedited,2DA,Expedited,Domestic,Yes,96,1289.62,472.18,817.44,47.6,,,No,Yes,No,No,SAMPLE_2025_09_VolumeSpend.xlsx,Synthetic,Payor View
2025,9,Sep,202509,Q3,2025-09-01,0009100017|CSH008,0009100017,Cash Operations,No,CSH008,Cash Operations - Processing,Newark,NJ,07102,2DA AM PKG,2nd Day Air Early A.M.,2DA AM,Expedited,Domestic,Yes,22,202.47,68.49,133.98,6.1,,,No,Yes,No,No,SAMPLE_2025_09_VolumeSpend.xlsx,Synthetic,Payor View
2025,9,Sep,202509,Q3,2025-09-01,0009100017|CSH008,0009100017,Cash Operations,No,CSH008,Cash Operations - Processing,Newark,NJ,07102,NDA PM / EXPRESS SAVER PKG,Next Day Air Saver,NDA Saver,Premium,Domestic,Yes,159,6330.39,2333.79,3996.6,151.8,,,No,Yes,No,No,SAMPLE_2025_09_VolumeSpend.xlsx,Synthetic,Payor View
2025,9,Sep,202509,Q3,2025-09-01,0009100017|CSH008,0009100017,Cash Operations,No,CSH008,Cash Operations - Processing,Newark,NJ,07102,NDA PM / EXPRESS SAVER LTR,Next Day Air Saver,NDA Saver,Premium,Domestic,Yes,40,1319.53,451.97,867.56,18.8,,,No,Yes,No,No,SAMPLE_2025_09_VolumeSpend.xlsx,Synthetic,Payor View
2025,9,Sep,202509,Q3,2025-09-01,0009100017|CSH008,0009100017,Cash Operations,No,CSH008,Cash Operations - Processing,Newark,NJ,07102,NDA REG / EXPRESS PKG,Next Day Air / Express,NDA,Premium,Domestic,Yes,265,20095.82,7231.42,12864.4,838.6,,,No,Yes,No,No,SAMPLE_2025_09_VolumeSpend.xlsx,Synthetic,Payor View
2025,9,Sep,202509,Q3,2025-09-01,0009100017|CSH008,0009100017,Cash Operations,No,CSH008,Cash Operations - Processing,Newark,NJ,07102,NDA REG / EXPRESS LTR,Next Day Air / Express,NDA,Premium,Domestic,Yes,331,8975.93,2990.99,5984.94,147.7,,,No,Yes,No,No,SAMPLE_2025_09_VolumeSpend.xlsx,Synthetic,Payor View
2025,9,Sep,202509,Q3,2025-09-01,0009100017|CSH008,0009100017,Cash Operations,No,CSH008,Cash Operations - Processing,Newark,NJ,07102,NDA AM / EXPRESS PLUS PKG,Next Day Air Early,NDA Early,Premium,Domestic,Yes,2,511.78,180.85,330.93,4.7,,,No,Yes,No,No,SAMPLE_2025_09_VolumeSpend.xlsx,Synthetic,Payor View
2025,9,Sep,202509,Q3,2025-09-01,0009100017|CSH008,0009100017,Cash Operations,No,CSH008,Cash Operations - Processing,Newark,NJ,07102,WW EXPRESS REG PKG,International Express,Intl Express,Premium,International,Yes,3,1256.96,450.67,806.29,30.8,,,No,Yes,No,No,SAMPLE_2025_09_VolumeSpend.xlsx,Synthetic,Payor View
2025,9,Sep,202509,Q3,2025-09-01,0009100017|CSH008,0009100017,Cash Operations,No,CSH008,Cash Operations - Processing,Newark,NJ,07102,WW EXPRESS PM / SAVER PKG,International Express Saver,Intl Saver,Premium,International,Yes,2,614.82,198.98,415.84,14.3,,,No,Yes,No,No,SAMPLE_2025_09_VolumeSpend.xlsx,Synthetic,Payor View
2025,9,Sep,202509,Q3,2025-09-01,0009100017|CSH008,0009100017,Cash Operations,No,CSH008,Cash Operations - Processing,Newark,NJ,07102,MISC / UNC,Excluded - Adjustments,Excluded,Non-Service,Not Applicable,No,0,779.96,779.96,0.0,0.0,,,Yes,No,Yes,No,SAMPLE_2025_09_VolumeSpend.xlsx,Synthetic,Payor View
2025,9,Sep,202509,Q3,2025-09-01,@@|TCO009,@@,Unassigned Sub-Parent,Yes,TCO009,Transfer Co Operations,Whippany,NJ,07981,GROUND PKG,Ground,Ground,Deferred,Domestic,Yes,502,22966.11,7957.81,15008.3,9788.6,,,No,Yes,No,No,SAMPLE_2025_09_VolumeSpend.xlsx,Synthetic,Payor View
2025,9,Sep,202509,Q3,2025-09-01,@@|TCO009,@@,Unassigned Sub-Parent,Yes,TCO009,Transfer Co Operations,Whippany,NJ,07981,GROUND CWT,Ground,Ground,Deferred,Domestic,Yes,2,205.19,64.43,140.76,49.8,,,No,Yes,No,No,SAMPLE_2025_09_VolumeSpend.xlsx,Synthetic,Payor View
2025,9,Sep,202509,Q3,2025-09-01,@@|TCO009,@@,Unassigned Sub-Parent,Yes,TCO009,Transfer Co Operations,Whippany,NJ,07981,STANDARD GROUND,Ground,Ground,Deferred,Domestic,Yes,9,208.63,75.99,132.64,68.6,,,No,Yes,No,No,SAMPLE_2025_09_VolumeSpend.xlsx,Synthetic,Payor View
2025,9,Sep,202509,Q3,2025-09-01,@@|TCO009,@@,Unassigned Sub-Parent,Yes,TCO009,Transfer Co Operations,Whippany,NJ,07981,3DS PKG,3 Day Select,3DS,Deferred,Domestic,Yes,7,266.93,98.14,168.79,24.5,,,No,Yes,No,No,SAMPLE_2025_09_VolumeSpend.xlsx,Synthetic,Payor View
2025,9,Sep,202509,Q3,2025-09-01,@@|TCO009,@@,Unassigned Sub-Parent,Yes,TCO009,Transfer Co Operations,Whippany,NJ,07981,2DA REG / EXPEDITED PKG,2nd Day Air / Expedited,2DA,Expedited,Domestic,Yes,48,2497.38,929.89,1567.49,159.8,,,No,Yes,No,No,SAMPLE_2025_09_VolumeSpend.xlsx,Synthetic,Payor View
2025,9,Sep,202509,Q3,2025-09-01,@@|TCO009,@@,Unassigned Sub-Parent,Yes,TCO009,Transfer Co Operations,Whippany,NJ,07981,2DA REG / EXPEDITED LTR,2nd Day Air / Expedited,2DA,Expedited,Domestic,Yes,15,162.88,60.37,102.51,6.5,,,No,Yes,No,No,SAMPLE_2025_09_VolumeSpend.xlsx,Synthetic,Payor View
2025,9,Sep,202509,Q3,2025-09-01,@@|TCO009,@@,Unassigned Sub-Parent,Yes,TCO009,Transfer Co Operations,Whippany,NJ,07981,2DA AM PKG,2nd Day Air Early A.M.,2DA AM,Expedited,Domestic,Yes,3,32.74,10.7,22.04,1.0,,,No,Yes,No,No,SAMPLE_2025_09_VolumeSpend.xlsx,Synthetic,Payor View
2025,9,Sep,202509,Q3,2025-09-01,@@|TCO009,@@,Unassigned Sub-Parent,Yes,TCO009,Transfer Co Operations,Whippany,NJ,07981,NDA PM / EXPRESS SAVER PKG,Next Day Air Saver,NDA Saver,Premium,Domestic,Yes,24,1107.16,357.63,749.53,22.5,,,No,Yes,No,No,SAMPLE_2025_09_VolumeSpend.xlsx,Synthetic,Payor View
2025,9,Sep,202509,Q3,2025-09-01,@@|TCO009,@@,Unassigned Sub-Parent,Yes,TCO009,Transfer Co Operations,Whippany,NJ,07981,NDA PM / EXPRESS SAVER LTR,Next Day Air Saver,NDA Saver,Premium,Domestic,Yes,5,117.36,40.33,77.03,1.9,,,No,Yes,No,No,SAMPLE_2025_09_VolumeSpend.xlsx,Synthetic,Payor View
2025,9,Sep,202509,Q3,2025-09-01,@@|TCO009,@@,Unassigned Sub-Parent,Yes,TCO009,Transfer Co Operations,Whippany,NJ,07981,NDA REG / EXPRESS PKG,Next Day Air / Express,NDA,Premium,Domestic,Yes,36,3237.91,1202.7,2035.21,119.8,,,No,Yes,No,No,SAMPLE_2025_09_VolumeSpend.xlsx,Synthetic,Payor View
2025,9,Sep,202509,Q3,2025-09-01,@@|TCO009,@@,Unassigned Sub-Parent,Yes,TCO009,Transfer Co Operations,Whippany,NJ,07981,NDA REG / EXPRESS LTR,Next Day Air / Express,NDA,Premium,Domestic,Yes,58,1362.48,463.87,898.61,24.0,,,No,Yes,No,No,SAMPLE_2025_09_VolumeSpend.xlsx,Synthetic,Payor View
2025,9,Sep,202509,Q3,2025-09-01,@@|TCO009,@@,Unassigned Sub-Parent,Yes,TCO009,Transfer Co Operations,Whippany,NJ,07981,MISC / UNC,Excluded - Adjustments,Excluded,Non-Service,Not Applicable,No,0,120.11,120.11,0.0,0.0,,,Yes,No,Yes,No,SAMPLE_2025_09_VolumeSpend.xlsx,Synthetic,Payor View
2025,10,Oct,202510,Q4,2025-10-01,0009100011|TCH001,0009100011,Technology Operations,No,TCH001,Technology Operations - Central,Columbus,OH,43004,GROUND PKG,Ground,Ground,Deferred,Domestic,Yes,16424,755986.93,263007.77,492979.16,307546.1,,,No,Yes,No,No,SAMPLE_2025_10_VolumeSpend.xlsx,Synthetic,Payor View
2025,10,Oct,202510,Q4,2025-10-01,0009100011|TCH001,0009100011,Technology Operations,No,TCH001,Technology Operations - Central,Columbus,OH,43004,GROUND CWT,Ground,Ground,Deferred,Domestic,Yes,87,9119.54,3206.92,5912.62,2588.8,,,No,Yes,No,No,SAMPLE_2025_10_VolumeSpend.xlsx,Synthetic,Payor View
2025,10,Oct,202510,Q4,2025-10-01,0009100011|TCH001,0009100011,Technology Operations,No,TCH001,Technology Operations - Central,Columbus,OH,43004,STANDARD GROUND,Ground,Ground,Deferred,Domestic,Yes,275,7695.15,2666.08,5029.07,2375.1,,,No,Yes,No,No,SAMPLE_2025_10_VolumeSpend.xlsx,Synthetic,Payor View
2025,10,Oct,202510,Q4,2025-10-01,0009100011|TCH001,0009100011,Technology Operations,No,TCH001,Technology Operations - Central,Columbus,OH,43004,3DS PKG,3 Day Select,3DS,Deferred,Domestic,Yes,263,10956.12,3905.91,7050.21,981.3,,,No,Yes,No,No,SAMPLE_2025_10_VolumeSpend.xlsx,Synthetic,Payor View
2025,10,Oct,202510,Q4,2025-10-01,0009100011|TCH001,0009100011,Technology Operations,No,TCH001,Technology Operations - Central,Columbus,OH,43004,2DA REG / EXPEDITED PKG,2nd Day Air / Expedited,2DA,Expedited,Domestic,Yes,1534,104090.56,37008.95,67081.61,5559.6,,,No,Yes,No,No,SAMPLE_2025_10_VolumeSpend.xlsx,Synthetic,Payor View
2025,10,Oct,202510,Q4,2025-10-01,0009100011|TCH001,0009100011,Technology Operations,No,TCH001,Technology Operations - Central,Columbus,OH,43004,2DA REG / EXPEDITED LTR,2nd Day Air / Expedited,2DA,Expedited,Domestic,Yes,510,5982.0,1925.91,4056.09,213.3,,,No,Yes,No,No,SAMPLE_2025_10_VolumeSpend.xlsx,Synthetic,Payor View
2025,10,Oct,202510,Q4,2025-10-01,0009100011|TCH001,0009100011,Technology Operations,No,TCH001,Technology Operations - Central,Columbus,OH,43004,2DA AM PKG,2nd Day Air Early A.M.,2DA AM,Expedited,Domestic,Yes,109,1307.02,486.06,820.96,38.0,,,No,Yes,No,No,SAMPLE_2025_10_VolumeSpend.xlsx,Synthetic,Payor View
2025,10,Oct,202510,Q4,2025-10-01,0009100011|TCH001,0009100011,Technology Operations,No,TCH001,Technology Operations - Central,Columbus,OH,43004,NDA PM / EXPRESS SAVER PKG,Next Day Air Saver,NDA Saver,Premium,Domestic,Yes,804,47943.9,15577.48,32366.42,987.2,,,No,Yes,No,No,SAMPLE_2025_10_VolumeSpend.xlsx,Synthetic,Payor View
2025,10,Oct,202510,Q4,2025-10-01,0009100011|TCH001,0009100011,Technology Operations,No,TCH001,Technology Operations - Central,Columbus,OH,43004,NDA PM / EXPRESS SAVER LTR,Next Day Air Saver,NDA Saver,Premium,Domestic,Yes,186,4664.93,1435.6,3229.33,63.0,,,No,Yes,No,No,SAMPLE_2025_10_VolumeSpend.xlsx,Synthetic,Payor View
2025,10,Oct,202510,Q4,2025-10-01,0009100011|TCH001,0009100011,Technology Operations,No,TCH001,Technology Operations - Central,Columbus,OH,43004,NDA REG / EXPRESS PKG,Next Day Air / Express,NDA,Premium,Domestic,Yes,1518,128778.86,40653.24,88125.62,4386.8,,,No,Yes,No,No,SAMPLE_2025_10_VolumeSpend.xlsx,Synthetic,Payor View
2025,10,Oct,202510,Q4,2025-10-01,0009100011|TCH001,0009100011,Technology Operations,No,TCH001,Technology Operations - Central,Columbus,OH,43004,NDA REG / EXPRESS LTR,Next Day Air / Express,NDA,Premium,Domestic,Yes,2424,69228.16,24895.03,44333.13,1083.2,,,No,Yes,No,No,SAMPLE_2025_10_VolumeSpend.xlsx,Synthetic,Payor View
2025,10,Oct,202510,Q4,2025-10-01,0009100011|TCH001,0009100011,Technology Operations,No,TCH001,Technology Operations - Central,Columbus,OH,43004,NDA AM / EXPRESS PLUS PKG,Next Day Air Early,NDA Early,Premium,Domestic,Yes,18,4528.19,1552.04,2976.15,41.2,,,No,Yes,No,No,SAMPLE_2025_10_VolumeSpend.xlsx,Synthetic,Payor View
2025,10,Oct,202510,Q4,2025-10-01,0009100011|TCH001,0009100011,Technology Operations,No,TCH001,Technology Operations - Central,Columbus,OH,43004,WW EXPRESS REG PKG,International Express,Intl Express,Premium,International,Yes,17,7175.83,2623.33,4552.5,177.6,,,No,Yes,No,No,SAMPLE_2025_10_VolumeSpend.xlsx,Synthetic,Payor View
2025,10,Oct,202510,Q4,2025-10-01,0009100011|TCH001,0009100011,Technology Operations,No,TCH001,Technology Operations - Central,Columbus,OH,43004,WW EXPRESS PM / SAVER PKG,International Express Saver,Intl Saver,Premium,International,Yes,12,4870.07,1521.37,3348.7,108.3,,,No,Yes,No,No,SAMPLE_2025_10_VolumeSpend.xlsx,Synthetic,Payor View
2025,10,Oct,202510,Q4,2025-10-01,0009100011|TCH001,0009100011,Technology Operations,No,TCH001,Technology Operations - Central,Columbus,OH,43004,WW EXPEDITED / 2DA PKG,International Expedited,Intl Expedited,Expedited,International,Yes,6,1227.46,431.32,796.14,38.0,,,No,Yes,No,No,SAMPLE_2025_10_VolumeSpend.xlsx,Synthetic,Payor View
2025,10,Oct,202510,Q4,2025-10-01,0009100011|TCH001,0009100011,Technology Operations,No,TCH001,Technology Operations - Central,Columbus,OH,43004,MISC / UNC,Excluded - Adjustments,Excluded,Non-Service,Not Applicable,No,0,5600.54,5600.54,0.0,0.0,,,Yes,No,Yes,No,SAMPLE_2025_10_VolumeSpend.xlsx,Synthetic,Payor View
2025,10,Oct,202510,Q4,2025-10-01,0009100012|MAI002,0009100012,Mail Services,No,MAI002,Mail Services - Regional,Kansas City,MO,64108,GROUND PKG,Ground,Ground,Deferred,Domestic,Yes,3806,144122.62,52793.51,91329.11,67004.8,,,No,Yes,No,No,SAMPLE_2025_10_VolumeSpend.xlsx,Synthetic,Payor View
2025,10,Oct,202510,Q4,2025-10-01,0009100012|MAI002,0009100012,Mail Services,No,MAI002,Mail Services - Regional,Kansas City,MO,64108,GROUND CWT,Ground,Ground,Deferred,Domestic,Yes,21,2269.96,738.5,1531.46,649.6,,,No,Yes,No,No,SAMPLE_2025_10_VolumeSpend.xlsx,Synthetic,Payor View
2025,10,Oct,202510,Q4,2025-10-01,0009100012|MAI002,0009100012,Mail Services,No,MAI002,Mail Services - Regional,Kansas City,MO,64108,STANDARD GROUND,Ground,Ground,Deferred,Domestic,Yes,47,1523.44,537.18,986.26,481.3,,,No,Yes,No,No,SAMPLE_2025_10_VolumeSpend.xlsx,Synthetic,Payor View
2025,10,Oct,202510,Q4,2025-10-01,0009100012|MAI002,0009100012,Mail Services,No,MAI002,Mail Services - Regional,Kansas City,MO,64108,3DS PKG,3 Day Select,3DS,Deferred,Domestic,Yes,49,1777.49,663.69,1113.8,194.5,,,No,Yes,No,No,SAMPLE_2025_10_VolumeSpend.xlsx,Synthetic,Payor View
2025,10,Oct,202510,Q4,2025-10-01,0009100012|MAI002,0009100012,Mail Services,No,MAI002,Mail Services - Regional,Kansas City,MO,64108,2DA REG / EXPEDITED PKG,2nd Day Air / Expedited,2DA,Expedited,Domestic,Yes,263,13691.54,4335.11,9356.43,742.6,,,No,Yes,No,No,SAMPLE_2025_10_VolumeSpend.xlsx,Synthetic,Payor View
2025,10,Oct,202510,Q4,2025-10-01,0009100012|MAI002,0009100012,Mail Services,No,MAI002,Mail Services - Regional,Kansas City,MO,64108,2DA REG / EXPEDITED LTR,2nd Day Air / Expedited,2DA,Expedited,Domestic,Yes,109,1380.23,509.48,870.75,52.2,,,No,Yes,No,No,SAMPLE_2025_10_VolumeSpend.xlsx,Synthetic,Payor View
2025,10,Oct,202510,Q4,2025-10-01,0009100012|MAI002,0009100012,Mail Services,No,MAI002,Mail Services - Regional,Kansas City,MO,64108,2DA AM PKG,2nd Day Air Early A.M.,2DA AM,Expedited,Domestic,Yes,17,188.44,60.68,127.76,4.8,,,No,Yes,No,No,SAMPLE_2025_10_VolumeSpend.xlsx,Synthetic,Payor View
2025,10,Oct,202510,Q4,2025-10-01,0009100012|MAI002,0009100012,Mail Services,No,MAI002,Mail Services - Regional,Kansas City,MO,64108,NDA PM / EXPRESS SAVER PKG,Next Day Air Saver,NDA Saver,Premium,Domestic,Yes,161,7699.21,2579.67,5119.54,195.0,,,No,Yes,No,No,SAMPLE_2025_10_VolumeSpend.xlsx,Synthetic,Payor View
2025,10,Oct,202510,Q4,2025-10-01,0009100012|MAI002,0009100012,Mail Services,No,MAI002,Mail Services - Regional,Kansas City,MO,64108,NDA PM / EXPRESS SAVER LTR,Next Day Air Saver,NDA Saver,Premium,Domestic,Yes,45,1139.27,381.93,757.34,19.6,,,No,Yes,No,No,SAMPLE_2025_10_VolumeSpend.xlsx,Synthetic,Payor View
2025,10,Oct,202510,Q4,2025-10-01,0009100012|MAI002,0009100012,Mail Services,No,MAI002,Mail Services - Regional,Kansas City,MO,64108,NDA REG / EXPRESS PKG,Next Day Air / Express,NDA,Premium,Domestic,Yes,271,28240.07,9268.33,18971.74,949.2,,,No,Yes,No,No,SAMPLE_2025_10_VolumeSpend.xlsx,Synthetic,Payor View
2025,10,Oct,202510,Q4,2025-10-01,0009100012|MAI002,0009100012,Mail Services,No,MAI002,Mail Services - Regional,Kansas City,MO,64108,NDA REG / EXPRESS LTR,Next Day Air / Express,NDA,Premium,Domestic,Yes,329,9066.25,3005.54,6060.71,153.8,,,No,Yes,No,No,SAMPLE_2025_10_VolumeSpend.xlsx,Synthetic,Payor View
2025,10,Oct,202510,Q4,2025-10-01,0009100012|MAI002,0009100012,Mail Services,No,MAI002,Mail Services - Regional,Kansas City,MO,64108,NDA AM / EXPRESS PLUS PKG,Next Day Air Early,NDA Early,Premium,Domestic,Yes,3,608.68,226.98,381.7,5.1,,,No,Yes,No,No,SAMPLE_2025_10_VolumeSpend.xlsx,Synthetic,Payor View
2025,10,Oct,202510,Q4,2025-10-01,0009100012|MAI002,0009100012,Mail Services,No,MAI002,Mail Services - Regional,Kansas City,MO,64108,WW EXPRESS REG PKG,International Express,Intl Express,Premium,International,Yes,3,931.22,342.9,588.32,24.9,,,No,Yes,No,No,SAMPLE_2025_10_VolumeSpend.xlsx,Synthetic,Payor View
2025,10,Oct,202510,Q4,2025-10-01,0009100012|MAI002,0009100012,Mail Services,No,MAI002,Mail Services - Regional,Kansas City,MO,64108,WW EXPRESS PM / SAVER PKG,International Express Saver,Intl Saver,Premium,International,Yes,2,520.75,190.38,330.37,16.4,,,No,Yes,No,No,SAMPLE_2025_10_VolumeSpend.xlsx,Synthetic,Payor View
2025,10,Oct,202510,Q4,2025-10-01,0009100012|MAI002,0009100012,Mail Services,No,MAI002,Mail Services - Regional,Kansas City,MO,64108,WW EXPEDITED / 2DA PKG,International Expedited,Intl Expedited,Expedited,International,Yes,1,198.08,71.75,126.33,6.5,,,No,Yes,No,No,SAMPLE_2025_10_VolumeSpend.xlsx,Synthetic,Payor View
2025,10,Oct,202510,Q4,2025-10-01,0009100012|MAI002,0009100012,Mail Services,No,MAI002,Mail Services - Regional,Kansas City,MO,64108,MISC / UNC,Excluded - Adjustments,Excluded,Non-Service,Not Applicable,No,0,868.2,868.2,0.0,0.0,,,Yes,No,Yes,No,SAMPLE_2025_10_VolumeSpend.xlsx,Synthetic,Payor View
2025,10,Oct,202510,Q4,2025-10-01,0009100013|VEN003,0009100013,Vendor Programs,No,VEN003,Vendor Programs - Print,Aurora,IL,60502,GROUND PKG,Ground,Ground,Deferred,Domestic,Yes,5448,196659.19,69655.4,127003.79,84008.6,,,No,Yes,No,No,SAMPLE_2025_10_VolumeSpend.xlsx,Synthetic,Payor View
2025,10,Oct,202510,Q4,2025-10-01,0009100013|VEN003,0009100013,Vendor Programs,No,VEN003,Vendor Programs - Print,Aurora,IL,60502,GROUND CWT,Ground,Ground,Deferred,Domestic,Yes,22,2573.97,823.88,1750.09,714.9,,,No,Yes,No,No,SAMPLE_2025_10_VolumeSpend.xlsx,Synthetic,Payor View
2025,10,Oct,202510,Q4,2025-10-01,0009100013|VEN003,0009100013,Vendor Programs,No,VEN003,Vendor Programs - Print,Aurora,IL,60502,STANDARD GROUND,Ground,Ground,Deferred,Domestic,Yes,83,2565.67,805.65,1760.02,730.1,,,No,Yes,No,No,SAMPLE_2025_10_VolumeSpend.xlsx,Synthetic,Payor View
2025,10,Oct,202510,Q4,2025-10-01,0009100013|VEN003,0009100013,Vendor Programs,No,VEN003,Vendor Programs - Print,Aurora,IL,60502,3DS PKG,3 Day Select,3DS,Deferred,Domestic,Yes,84,3164.52,1101.39,2063.13,312.8,,,No,Yes,No,No,SAMPLE_2025_10_VolumeSpend.xlsx,Synthetic,Payor View
2025,10,Oct,202510,Q4,2025-10-01,0009100013|VEN003,0009100013,Vendor Programs,No,VEN003,Vendor Programs - Print,Aurora,IL,60502,2DA REG / EXPEDITED PKG,2nd Day Air / Expedited,2DA,Expedited,Domestic,Yes,545,25058.56,9024.07,16034.49,1663.1,,,No,Yes,No,No,SAMPLE_2025_10_VolumeSpend.xlsx,Synthetic,Payor View
2025,10,Oct,202510,Q4,2025-10-01,0009100013|VEN003,0009100013,Vendor Programs,No,VEN003,Vendor Programs - Print,Aurora,IL,60502,2DA REG / EXPEDITED LTR,2nd Day Air / Expedited,2DA,Expedited,Domestic,Yes,165,1790.3,662.81,1127.49,74.6,,,No,Yes,No,No,SAMPLE_2025_10_VolumeSpend.xlsx,Synthetic,Payor View
2025,10,Oct,202510,Q4,2025-10-01,0009100013|VEN003,0009100013,Vendor Programs,No,VEN003,Vendor Programs - Print,Aurora,IL,60502,2DA AM PKG,2nd Day Air Early A.M.,2DA AM,Expedited,Domestic,Yes,25,265.64,85.06,180.58,7.3,,,No,Yes,No,No,SAMPLE_2025_10_VolumeSpend.xlsx,Synthetic,Payor View
2025,10,Oct,202510,Q4,2025-10-01,0009100013|VEN003,0009100013,Vendor Programs,No,VEN003,Vendor Programs - Print,Aurora,IL,60502,NDA PM / EXPRESS SAVER PKG,Next Day Air Saver,NDA Saver,Premium,Domestic,Yes,174,7559.94,2404.8,5155.14,167.3,,,No,Yes,No,No,SAMPLE_2025_10_VolumeSpend.xlsx,Synthetic,Payor View
2025,10,Oct,202510,Q4,2025-10-01,0009100013|VEN003,0009100013,Vendor Programs,No,VEN003,Vendor Programs - Print,Aurora,IL,60502,NDA PM / EXPRESS SAVER LTR,Next Day Air Saver,NDA Saver,Premium,Domestic,Yes,54,1242.97,394.54,848.43,18.0,,,No,Yes,No,No,SAMPLE_2025_10_VolumeSpend.xlsx,Synthetic,Payor View
2025,10,Oct,202510,Q4,2025-10-01,0009100013|VEN003,0009100013,Vendor Programs,No,VEN003,Vendor Programs - Print,Aurora,IL,60502,NDA REG / EXPRESS PKG,Next Day Air / Express,NDA,Premium,Domestic,Yes,320,23368.4,7526.97,15841.43,825.4,,,No,Yes,No,No,SAMPLE_2025_10_VolumeSpend.xlsx,Synthetic,Payor View
2025,10,Oct,202510,Q4,2025-10-01,0009100013|VEN003,0009100013,Vendor Programs,No,VEN003,Vendor Programs - Print,Aurora,IL,60502,NDA REG / EXPRESS LTR,Next Day Air / Express,NDA,Premium,Domestic,Yes,463,10532.8,3651.51,6881.29,179.5,,,No,Yes,No,No,SAMPLE_2025_10_VolumeSpend.xlsx,Synthetic,Payor View
2025,10,Oct,202510,Q4,2025-10-01,0009100013|VEN003,0009100013,Vendor Programs,No,VEN003,Vendor Programs - Print,Aurora,IL,60502,NDA AM / EXPRESS PLUS PKG,Next Day Air Early,NDA Early,Premium,Domestic,Yes,4,1079.93,368.96,710.97,9.1,,,No,Yes,No,No,SAMPLE_2025_10_VolumeSpend.xlsx,Synthetic,Payor View
2025,10,Oct,202510,Q4,2025-10-01,0009100013|VEN003,0009100013,Vendor Programs,No,VEN003,Vendor Programs - Print,Aurora,IL,60502,WW EXPRESS REG PKG,International Express,Intl Express,Premium,International,Yes,4,1416.42,477.8,938.62,33.3,,,No,Yes,No,No,SAMPLE_2025_10_VolumeSpend.xlsx,Synthetic,Payor View
2025,10,Oct,202510,Q4,2025-10-01,0009100013|VEN003,0009100013,Vendor Programs,No,VEN003,Vendor Programs - Print,Aurora,IL,60502,WW EXPRESS PM / SAVER PKG,International Express Saver,Intl Saver,Premium,International,Yes,3,1220.94,377.36,843.58,27.7,,,No,Yes,No,No,SAMPLE_2025_10_VolumeSpend.xlsx,Synthetic,Payor View
2025,10,Oct,202510,Q4,2025-10-01,0009100013|VEN003,0009100013,Vendor Programs,No,VEN003,Vendor Programs - Print,Aurora,IL,60502,WW EXPEDITED / 2DA PKG,International Expedited,Intl Expedited,Expedited,International,Yes,1,225.38,81.36,144.02,7.6,,,No,Yes,No,No,SAMPLE_2025_10_VolumeSpend.xlsx,Synthetic,Payor View
2025,10,Oct,202510,Q4,2025-10-01,0009100013|VEN003,0009100013,Vendor Programs,No,VEN003,Vendor Programs - Print,Aurora,IL,60502,MISC / UNC,Excluded - Adjustments,Excluded,Non-Service,Not Applicable,No,0,1165.03,1165.03,0.0,0.0,,,Yes,No,Yes,No,SAMPLE_2025_10_VolumeSpend.xlsx,Synthetic,Payor View
2025,10,Oct,202510,Q4,2025-10-01,0009100013|VEN004,0009100013,Vendor Programs,No,VEN004,Vendor Programs - Fulfilment,Aurora,IL,60502,GROUND PKG,Ground,Ground,Deferred,Domestic,Yes,3851,162091.01,55426.16,106664.85,59376.1,,,No,Yes,No,No,SAMPLE_2025_10_VolumeSpend.xlsx,Synthetic,Payor View
2025,10,Oct,202510,Q4,2025-10-01,0009100013|VEN004,0009100013,Vendor Programs,No,VEN004,Vendor Programs - Fulfilment,Aurora,IL,60502,GROUND CWT,Ground,Ground,Deferred,Domestic,Yes,20,2417.62,832.82,1584.8,655.1,,,No,Yes,No,No,SAMPLE_2025_10_VolumeSpend.xlsx,Synthetic,Payor View
2025,10,Oct,202510,Q4,2025-10-01,0009100013|VEN004,0009100013,Vendor Programs,No,VEN004,Vendor Programs - Fulfilment,Aurora,IL,60502,STANDARD GROUND,Ground,Ground,Deferred,Domestic,Yes,69,2121.84,657.74,1464.1,570.1,,,No,Yes,No,No,SAMPLE_2025_10_VolumeSpend.xlsx,Synthetic,Payor View
2025,10,Oct,202510,Q4,2025-10-01,0009100013|VEN004,0009100013,Vendor Programs,No,VEN004,Vendor Programs - Fulfilment,Aurora,IL,60502,3DS PKG,3 Day Select,3DS,Deferred,Domestic,Yes,53,1866.24,668.72,1197.52,165.6,,,No,Yes,No,No,SAMPLE_2025_10_VolumeSpend.xlsx,Synthetic,Payor View
2025,10,Oct,202510,Q4,2025-10-01,0009100013|VEN004,0009100013,Vendor Programs,No,VEN004,Vendor Programs - Fulfilment,Aurora,IL,60502,2DA REG / EXPEDITED PKG,2nd Day Air / Expedited,2DA,Expedited,Domestic,Yes,347,21813.51,7228.54,14584.97,1253.6,,,No,Yes,No,No,SAMPLE_2025_10_VolumeSpend.xlsx,Synthetic,Payor View
2025,10,Oct,202510,Q4,2025-10-01,0009100013|VEN004,0009100013,Vendor Programs,No,VEN004,Vendor Programs - Fulfilment,Aurora,IL,60502,2DA REG / EXPEDITED LTR,2nd Day Air / Expedited,2DA,Expedited,Domestic,Yes,126,1718.59,600.32,1118.27,57.5,,,No,Yes,No,No,SAMPLE_2025_10_VolumeSpend.xlsx,Synthetic,Payor View
2025,10,Oct,202510,Q4,2025-10-01,0009100013|VEN004,0009100013,Vendor Programs,No,VEN004,Vendor Programs - Fulfilment,Aurora,IL,60502,2DA AM PKG,2nd Day Air Early A.M.,2DA AM,Expedited,Domestic,Yes,21,185.94,68.63,117.31,5.8,,,No,Yes,No,No,SAMPLE_2025_10_VolumeSpend.xlsx,Synthetic,Payor View
2025,10,Oct,202510,Q4,2025-10-01,0009100013|VEN004,0009100013,Vendor Programs,No,VEN004,Vendor Programs - Fulfilment,Aurora,IL,60502,NDA PM / EXPRESS SAVER PKG,Next Day Air Saver,NDA Saver,Premium,Domestic,Yes,156,8187.71,2580.27,5607.44,159.5,,,No,Yes,No,No,SAMPLE_2025_10_VolumeSpend.xlsx,Synthetic,Payor View
2025,10,Oct,202510,Q4,2025-10-01,0009100013|VEN004,0009100013,Vendor Programs,No,VEN004,Vendor Programs - Fulfilment,Aurora,IL,60502,NDA PM / EXPRESS SAVER LTR,Next Day Air Saver,NDA Saver,Premium,Domestic,Yes,45,1047.53,347.68,699.85,16.0,,,No,Yes,No,No,SAMPLE_2025_10_VolumeSpend.xlsx,Synthetic,Payor View
2025,10,Oct,202510,Q4,2025-10-01,0009100013|VEN004,0009100013,Vendor Programs,No,VEN004,Vendor Programs - Fulfilment,Aurora,IL,60502,NDA REG / EXPRESS PKG,Next Day Air / Express,NDA,Premium,Domestic,Yes,325,27633.11,9156.17,18476.94,1056.6,,,No,Yes,No,No,SAMPLE_2025_10_VolumeSpend.xlsx,Synthetic,Payor View
2025,10,Oct,202510,Q4,2025-10-01,0009100013|VEN004,0009100013,Vendor Programs,No,VEN004,Vendor Programs - Fulfilment,Aurora,IL,60502,NDA REG / EXPRESS LTR,Next Day Air / Express,NDA,Premium,Domestic,Yes,464,12339.33,3993.74,8345.59,189.6,,,No,Yes,No,No,SAMPLE_2025_10_VolumeSpend.xlsx,Synthetic,Payor View
2025,10,Oct,202510,Q4,2025-10-01,0009100013|VEN004,0009100013,Vendor Programs,No,VEN004,Vendor Programs - Fulfilment,Aurora,IL,60502,NDA AM / EXPRESS PLUS PKG,Next Day Air Early,NDA Early,Premium,Domestic,Yes,3,586.68,198.88,387.8,5.3,,,No,Yes,No,No,SAMPLE_2025_10_VolumeSpend.xlsx,Synthetic,Payor View
2025,10,Oct,202510,Q4,2025-10-01,0009100013|VEN004,0009100013,Vendor Programs,No,VEN004,Vendor Programs - Fulfilment,Aurora,IL,60502,WW EXPRESS REG PKG,International Express,Intl Express,Premium,International,Yes,3,822.51,294.12,528.39,22.6,,,No,Yes,No,No,SAMPLE_2025_10_VolumeSpend.xlsx,Synthetic,Payor View
2025,10,Oct,202510,Q4,2025-10-01,0009100013|VEN004,0009100013,Vendor Programs,No,VEN004,Vendor Programs - Fulfilment,Aurora,IL,60502,WW EXPRESS PM / SAVER PKG,International Express Saver,Intl Saver,Premium,International,Yes,3,933.6,318.86,614.74,27.4,,,No,Yes,No,No,SAMPLE_2025_10_VolumeSpend.xlsx,Synthetic,Payor View
2025,10,Oct,202510,Q4,2025-10-01,0009100013|VEN004,0009100013,Vendor Programs,No,VEN004,Vendor Programs - Fulfilment,Aurora,IL,60502,WW EXPEDITED / 2DA PKG,International Expedited,Intl Expedited,Expedited,International,Yes,1,243.31,77.38,165.93,7.1,,,No,Yes,No,No,SAMPLE_2025_10_VolumeSpend.xlsx,Synthetic,Payor View
2025,10,Oct,202510,Q4,2025-10-01,0009100013|VEN004,0009100013,Vendor Programs,No,VEN004,Vendor Programs - Fulfilment,Aurora,IL,60502,MISC / UNC,Excluded - Adjustments,Excluded,Non-Service,Not Applicable,No,0,799.88,799.88,0.0,0.0,,,Yes,No,Yes,No,SAMPLE_2025_10_VolumeSpend.xlsx,Synthetic,Payor View
2025,10,Oct,202510,Q4,2025-10-01,0009100014|FLD005,0009100014,Field Administration,No,FLD005,Field Administration - North,Madison,WI,53703,GROUND PKG,Ground,Ground,Deferred,Domestic,Yes,7427,310737.78,107464.54,203273.24,124655.9,,,No,Yes,No,No,SAMPLE_2025_10_VolumeSpend.xlsx,Synthetic,Payor View
2025,10,Oct,202510,Q4,2025-10-01,0009100014|FLD005,0009100014,Field Administration,No,FLD005,Field Administration - North,Madison,WI,53703,GROUND CWT,Ground,Ground,Deferred,Domestic,Yes,32,2581.57,905.03,1676.54,808.1,,,No,Yes,No,No,SAMPLE_2025_10_VolumeSpend.xlsx,Synthetic,Payor View
2025,10,Oct,202510,Q4,2025-10-01,0009100014|FLD005,0009100014,Field Administration,No,FLD005,Field Administration - North,Madison,WI,53703,STANDARD GROUND,Ground,Ground,Deferred,Domestic,Yes,131,3362.54,1139.7,2222.84,1127.4,,,No,Yes,No,No,SAMPLE_2025_10_VolumeSpend.xlsx,Synthetic,Payor View
2025,10,Oct,202510,Q4,2025-10-01,0009100014|FLD005,0009100014,Field Administration,No,FLD005,Field Administration - North,Madison,WI,53703,3DS PKG,3 Day Select,3DS,Deferred,Domestic,Yes,92,3879.98,1362.36,2517.62,397.3,,,No,Yes,No,No,SAMPLE_2025_10_VolumeSpend.xlsx,Synthetic,Payor View
2025,10,Oct,202510,Q4,2025-10-01,0009100014|FLD005,0009100014,Field Administration,No,FLD005,Field Administration - North,Madison,WI,53703,2DA REG / EXPEDITED PKG,2nd Day Air / Expedited,2DA,Expedited,Domestic,Yes,819,37350.86,13215.16,24135.7,2370.4,,,No,Yes,No,No,SAMPLE_2025_10_VolumeSpend.xlsx,Synthetic,Payor View
2025,10,Oct,202510,Q4,2025-10-01,0009100014|FLD005,0009100014,Field Administration,No,FLD005,Field Administration - North,Madison,WI,53703,2DA REG / EXPEDITED LTR,2nd Day Air / Expedited,2DA,Expedited,Domestic,Yes,212,2317.0,863.73,1453.27,92.2,,,No,Yes,No,No,SAMPLE_2025_10_VolumeSpend.xlsx,Synthetic,Payor View
2025,10,Oct,202510,Q4,2025-10-01,0009100014|FLD005,0009100014,Field Administration,No,FLD005,Field Administration - North,Madison,WI,53703,2DA AM PKG,2nd Day Air Early A.M.,2DA AM,Expedited,Domestic,Yes,32,407.88,127.14,280.74,10.3,,,No,Yes,No,No,SAMPLE_2025_10_VolumeSpend.xlsx,Synthetic,Payor View
2025,10,Oct,202510,Q4,2025-10-01,0009100014|FLD005,0009100014,Field Administration,No,FLD005,Field Administration - North,Madison,WI,53703,NDA PM / EXPRESS SAVER PKG,Next Day Air Saver,NDA Saver,Premium,Domestic,Yes,242,10850.07,3888.95,6961.12,266.3,,,No,Yes,No,No,SAMPLE_2025_10_VolumeSpend.xlsx,Synthetic,Payor View
2025,10,Oct,202510,Q4,2025-10-01,0009100014|FLD005,0009100014,Field Administration,No,FLD005,Field Administration - North,Madison,WI,53703,NDA PM / EXPRESS SAVER LTR,Next Day Air Saver,NDA Saver,Premium,Domestic,Yes,83,1897.0,704.9,1192.1,30.9,,,No,Yes,No,No,SAMPLE_2025_10_VolumeSpend.xlsx,Synthetic,Payor View
2025,10,Oct,202510,Q4,2025-10-01,0009100014|FLD005,0009100014,Field Administration,No,FLD005,Field Administration - North,Madison,WI,53703,NDA REG / EXPRESS PKG,Next Day Air / Express,NDA,Premium,Domestic,Yes,613,46571.12,16653.69,29917.43,1781.5,,,No,Yes,No,No,SAMPLE_2025_10_VolumeSpend.xlsx,Synthetic,Payor View
2025,10,Oct,202510,Q4,2025-10-01,0009100014|FLD005,0009100014,Field Administration,No,FLD005,Field Administration - North,Madison,WI,53703,NDA REG / EXPRESS LTR,Next Day Air / Express,NDA,Premium,Domestic,Yes,967,23763.92,7702.77,16061.15,372.4,,,No,Yes,No,No,SAMPLE_2025_10_VolumeSpend.xlsx,Synthetic,Payor View
2025,10,Oct,202510,Q4,2025-10-01,0009100014|FLD005,0009100014,Field Administration,No,FLD005,Field Administration - North,Madison,WI,53703,NDA AM / EXPRESS PLUS PKG,Next Day Air Early,NDA Early,Premium,Domestic,Yes,5,865.76,322.51,543.25,8.3,,,No,Yes,No,No,SAMPLE_2025_10_VolumeSpend.xlsx,Synthetic,Payor View
2025,10,Oct,202510,Q4,2025-10-01,0009100014|FLD005,0009100014,Field Administration,No,FLD005,Field Administration - North,Madison,WI,53703,WW EXPRESS REG PKG,International Express,Intl Express,Premium,International,Yes,6,1859.66,644.84,1214.82,44.8,,,No,Yes,No,No,SAMPLE_2025_10_VolumeSpend.xlsx,Synthetic,Payor View
2025,10,Oct,202510,Q4,2025-10-01,0009100014|FLD005,0009100014,Field Administration,No,FLD005,Field Administration - North,Madison,WI,53703,WW EXPRESS PM / SAVER PKG,International Express Saver,Intl Saver,Premium,International,Yes,5,1922.78,681.01,1241.77,46.8,,,No,Yes,No,No,SAMPLE_2025_10_VolumeSpend.xlsx,Synthetic,Payor View
2025,10,Oct,202510,Q4,2025-10-01,0009100014|FLD005,0009100014,Field Administration,No,FLD005,Field Administration - North,Madison,WI,53703,WW EXPEDITED / 2DA PKG,International Expedited,Intl Expedited,Expedited,International,Yes,1,224.46,73.52,150.94,6.7,,,No,Yes,No,No,SAMPLE_2025_10_VolumeSpend.xlsx,Synthetic,Payor View
2025,10,Oct,202510,Q4,2025-10-01,0009100014|FLD005,0009100014,Field Administration,No,FLD005,Field Administration - North,Madison,WI,53703,MISC / UNC,Excluded - Adjustments,Excluded,Non-Service,Not Applicable,No,0,1451.72,1451.72,0.0,0.0,,,Yes,No,Yes,No,SAMPLE_2025_10_VolumeSpend.xlsx,Synthetic,Payor View
2025,10,Oct,202510,Q4,2025-10-01,0009100015|HQX006,0009100015,Corporate HQ,No,HQX006,Corporate HQ - Facilities,Columbus,OH,43004,GROUND PKG,Ground,Ground,Deferred,Domestic,Yes,1946,109811.85,34081.8,75730.05,35956.1,,,No,Yes,No,No,SAMPLE_2025_10_VolumeSpend.xlsx,Synthetic,Payor View
2025,10,Oct,202510,Q4,2025-10-01,0009100015|HQX006,0009100015,Corporate HQ,No,HQX006,Corporate HQ - Facilities,Columbus,OH,43004,GROUND CWT,Ground,Ground,Deferred,Domestic,Yes,11,939.53,317.96,621.57,272.1,,,No,Yes,No,No,SAMPLE_2025_10_VolumeSpend.xlsx,Synthetic,Payor View
2025,10,Oct,202510,Q4,2025-10-01,0009100015|HQX006,0009100015,Corporate HQ,No,HQX006,Corporate HQ - Facilities,Columbus,OH,43004,STANDARD GROUND,Ground,Ground,Deferred,Domestic,Yes,34,868.98,305.56,563.42,268.2,,,No,Yes,No,No,SAMPLE_2025_10_VolumeSpend.xlsx,Synthetic,Payor View
2025,10,Oct,202510,Q4,2025-10-01,0009100015|HQX006,0009100015,Corporate HQ,No,HQX006,Corporate HQ - Facilities,Columbus,OH,43004,3DS PKG,3 Day Select,3DS,Deferred,Domestic,Yes,36,1585.22,557.65,1027.57,132.3,,,No,Yes,No,No,SAMPLE_2025_10_VolumeSpend.xlsx,Synthetic,Payor View
2025,10,Oct,202510,Q4,2025-10-01,0009100015|HQX006,0009100015,Corporate HQ,No,HQX006,Corporate HQ - Facilities,Columbus,OH,43004,2DA REG / EXPEDITED PKG,2nd Day Air / Expedited,2DA,Expedited,Domestic,Yes,214,12750.61,3977.78,8772.83,730.0,,,No,Yes,No,No,SAMPLE_2025_10_VolumeSpend.xlsx,Synthetic,Payor View
2025,10,Oct,202510,Q4,2025-10-01,0009100015|HQX006,0009100015,Corporate HQ,No,HQX006,Corporate HQ - Facilities,Columbus,OH,43004,2DA REG / EXPEDITED LTR,2nd Day Air / Expedited,2DA,Expedited,Domestic,Yes,61,811.36,288.42,522.94,31.1,,,No,Yes,No,No,SAMPLE_2025_10_VolumeSpend.xlsx,Synthetic,Payor View
2025,10,Oct,202510,Q4,2025-10-01,0009100015|HQX006,0009100015,Corporate HQ,No,HQX006,Corporate HQ - Facilities,Columbus,OH,43004,2DA AM PKG,2nd Day Air Early A.M.,2DA AM,Expedited,Domestic,Yes,14,131.15,45.54,85.61,4.1,,,No,Yes,No,No,SAMPLE_2025_10_VolumeSpend.xlsx,Synthetic,Payor View
2025,10,Oct,202510,Q4,2025-10-01,0009100015|HQX006,0009100015,Corporate HQ,No,HQX006,Corporate HQ - Facilities,Columbus,OH,43004,NDA PM / EXPRESS SAVER PKG,Next Day Air Saver,NDA Saver,Premium,Domestic,Yes,105,5938.73,2063.66,3875.07,126.9,,,No,Yes,No,No,SAMPLE_2025_10_VolumeSpend.xlsx,Synthetic,Payor View
2025,10,Oct,202510,Q4,2025-10-01,0009100015|HQX006,0009100015,Corporate HQ,No,HQX006,Corporate HQ - Facilities,Columbus,OH,43004,NDA PM / EXPRESS SAVER LTR,Next Day Air Saver,NDA Saver,Premium,Domestic,Yes,29,723.9,228.19,495.71,11.6,,,No,Yes,No,No,SAMPLE_2025_10_VolumeSpend.xlsx,Synthetic,Payor View
2025,10,Oct,202510,Q4,2025-10-01,0009100015|HQX006,0009100015,Corporate HQ,No,HQX006,Corporate HQ - Facilities,Columbus,OH,43004,NDA REG / EXPRESS PKG,Next Day Air / Express,NDA,Premium,Domestic,Yes,166,12726.5,4275.34,8451.16,427.4,,,No,Yes,No,No,SAMPLE_2025_10_VolumeSpend.xlsx,Synthetic,Payor View
2025,10,Oct,202510,Q4,2025-10-01,0009100015|HQX006,0009100015,Corporate HQ,No,HQX006,Corporate HQ - Facilities,Columbus,OH,43004,NDA REG / EXPRESS LTR,Next Day Air / Express,NDA,Premium,Domestic,Yes,260,5939.03,2034.89,3904.14,100.4,,,No,Yes,No,No,SAMPLE_2025_10_VolumeSpend.xlsx,Synthetic,Payor View
2025,10,Oct,202510,Q4,2025-10-01,0009100015|HQX006,0009100015,Corporate HQ,No,HQX006,Corporate HQ - Facilities,Columbus,OH,43004,NDA AM / EXPRESS PLUS PKG,Next Day Air Early,NDA Early,Premium,Domestic,Yes,2,536.6,183.71,352.89,4.3,,,No,Yes,No,No,SAMPLE_2025_10_VolumeSpend.xlsx,Synthetic,Payor View
2025,10,Oct,202510,Q4,2025-10-01,0009100015|HQX006,0009100015,Corporate HQ,No,HQX006,Corporate HQ - Facilities,Columbus,OH,43004,WW EXPRESS REG PKG,International Express,Intl Express,Premium,International,Yes,2,744.7,239.45,505.25,16.3,,,No,Yes,No,No,SAMPLE_2025_10_VolumeSpend.xlsx,Synthetic,Payor View
2025,10,Oct,202510,Q4,2025-10-01,0009100015|HQX006,0009100015,Corporate HQ,No,HQX006,Corporate HQ - Facilities,Columbus,OH,43004,WW EXPRESS PM / SAVER PKG,International Express Saver,Intl Saver,Premium,International,Yes,1,340.73,117.19,223.54,8.7,,,No,Yes,No,No,SAMPLE_2025_10_VolumeSpend.xlsx,Synthetic,Payor View
2025,10,Oct,202510,Q4,2025-10-01,0009100015|HQX006,0009100015,Corporate HQ,No,HQX006,Corporate HQ - Facilities,Columbus,OH,43004,MISC / UNC,Excluded - Adjustments,Excluded,Non-Service,Not Applicable,No,0,690.04,690.04,0.0,0.0,,,Yes,No,Yes,No,SAMPLE_2025_10_VolumeSpend.xlsx,Synthetic,Payor View
2025,10,Oct,202510,Q4,2025-10-01,0009100016|RTL007,0009100016,Retail Partner Network,No,RTL007,Retail Partner Network - Stores,Phoenix,AZ,85004,GROUND PKG,Ground,Ground,Deferred,Domestic,Yes,9628,387144.09,138114.84,249029.25,181970.3,,,No,Yes,No,No,SAMPLE_2025_10_VolumeSpend.xlsx,Synthetic,Payor View
2025,10,Oct,202510,Q4,2025-10-01,0009100016|RTL007,0009100016,Retail Partner Network,No,RTL007,Retail Partner Network - Stores,Phoenix,AZ,85004,GROUND CWT,Ground,Ground,Deferred,Domestic,Yes,62,5976.39,2138.16,3838.23,1598.5,,,No,Yes,No,No,SAMPLE_2025_10_VolumeSpend.xlsx,Synthetic,Payor View
2025,10,Oct,202510,Q4,2025-10-01,0009100016|RTL007,0009100016,Retail Partner Network,No,RTL007,Retail Partner Network - Stores,Phoenix,AZ,85004,STANDARD GROUND,Ground,Ground,Deferred,Domestic,Yes,217,5287.7,1745.38,3542.32,1724.2,,,No,Yes,No,No,SAMPLE_2025_10_VolumeSpend.xlsx,Synthetic,Payor View
2025,10,Oct,202510,Q4,2025-10-01,0009100016|RTL007,0009100016,Retail Partner Network,No,RTL007,Retail Partner Network - Stores,Phoenix,AZ,85004,3DS PKG,3 Day Select,3DS,Deferred,Domestic,Yes,155,5331.76,1730.81,3600.95,478.8,,,No,Yes,No,No,SAMPLE_2025_10_VolumeSpend.xlsx,Synthetic,Payor View
2025,10,Oct,202510,Q4,2025-10-01,0009100016|RTL007,0009100016,Retail Partner Network,No,RTL007,Retail Partner Network - Stores,Phoenix,AZ,85004,2DA REG / EXPEDITED PKG,2nd Day Air / Expedited,2DA,Expedited,Domestic,Yes,917,48902.02,16555.75,32346.27,2543.5,,,No,Yes,No,No,SAMPLE_2025_10_VolumeSpend.xlsx,Synthetic,Payor View
2025,10,Oct,202510,Q4,2025-10-01,0009100016|RTL007,0009100016,Retail Partner Network,No,RTL007,Retail Partner Network - Stores,Phoenix,AZ,85004,2DA REG / EXPEDITED LTR,2nd Day Air / Expedited,2DA,Expedited,Domestic,Yes,355,6130.34,2099.22,4031.12,206.7,,,No,Yes,No,No,SAMPLE_2025_10_VolumeSpend.xlsx,Synthetic,Payor View
2025,10,Oct,202510,Q4,2025-10-01,0009100016|RTL007,0009100016,Retail Partner Network,No,RTL007,Retail Partner Network - Stores,Phoenix,AZ,85004,2DA AM PKG,2nd Day Air Early A.M.,2DA AM,Expedited,Domestic,Yes,53,606.37,194.4,411.97,15.9,,,No,Yes,No,No,SAMPLE_2025_10_VolumeSpend.xlsx,Synthetic,Payor View
2025,10,Oct,202510,Q4,2025-10-01,0009100016|RTL007,0009100016,Retail Partner Network,No,RTL007,Retail Partner Network - Stores,Phoenix,AZ,85004,NDA PM / EXPRESS SAVER PKG,Next Day Air Saver,NDA Saver,Premium,Domestic,Yes,373,16343.73,5896.97,10446.76,369.5,,,No,Yes,No,No,SAMPLE_2025_10_VolumeSpend.xlsx,Synthetic,Payor View
2025,10,Oct,202510,Q4,2025-10-01,0009100016|RTL007,0009100016,Retail Partner Network,No,RTL007,Retail Partner Network - Stores,Phoenix,AZ,85004,NDA PM / EXPRESS SAVER LTR,Next Day Air Saver,NDA Saver,Premium,Domestic,Yes,98,2549.24,809.36,1739.88,36.7,,,No,Yes,No,No,SAMPLE_2025_10_VolumeSpend.xlsx,Synthetic,Payor View
2025,10,Oct,202510,Q4,2025-10-01,0009100016|RTL007,0009100016,Retail Partner Network,No,RTL007,Retail Partner Network - Stores,Phoenix,AZ,85004,NDA REG / EXPRESS PKG,Next Day Air / Express,NDA,Premium,Domestic,Yes,730,60242.43,22154.29,38088.14,2352.7,,,No,Yes,No,No,SAMPLE_2025_10_VolumeSpend.xlsx,Synthetic,Payor View
2025,10,Oct,202510,Q4,2025-10-01,0009100016|RTL007,0009100016,Retail Partner Network,No,RTL007,Retail Partner Network - Stores,Phoenix,AZ,85004,NDA REG / EXPRESS LTR,Next Day Air / Express,NDA,Premium,Domestic,Yes,1048,32141.79,10081.28,22060.51,460.5,,,No,Yes,No,No,SAMPLE_2025_10_VolumeSpend.xlsx,Synthetic,Payor View
2025,10,Oct,202510,Q4,2025-10-01,0009100016|RTL007,0009100016,Retail Partner Network,No,RTL007,Retail Partner Network - Stores,Phoenix,AZ,85004,NDA AM / EXPRESS PLUS PKG,Next Day Air Early,NDA Early,Premium,Domestic,Yes,10,2826.3,934.23,1892.07,21.3,,,No,Yes,No,No,SAMPLE_2025_10_VolumeSpend.xlsx,Synthetic,Payor View
2025,10,Oct,202510,Q4,2025-10-01,0009100016|RTL007,0009100016,Retail Partner Network,No,RTL007,Retail Partner Network - Stores,Phoenix,AZ,85004,WW EXPRESS REG PKG,International Express,Intl Express,Premium,International,Yes,10,3388.06,1171.6,2216.46,78.1,,,No,Yes,No,No,SAMPLE_2025_10_VolumeSpend.xlsx,Synthetic,Payor View
2025,10,Oct,202510,Q4,2025-10-01,0009100016|RTL007,0009100016,Retail Partner Network,No,RTL007,Retail Partner Network - Stores,Phoenix,AZ,85004,WW EXPRESS PM / SAVER PKG,International Express Saver,Intl Saver,Premium,International,Yes,5,1396.81,485.22,911.59,35.2,,,No,Yes,No,No,SAMPLE_2025_10_VolumeSpend.xlsx,Synthetic,Payor View
2025,10,Oct,202510,Q4,2025-10-01,0009100016|RTL007,0009100016,Retail Partner Network,No,RTL007,Retail Partner Network - Stores,Phoenix,AZ,85004,WW EXPEDITED / 2DA PKG,International Expedited,Intl Expedited,Expedited,International,Yes,3,622.1,193.46,428.64,18.1,,,No,Yes,No,No,SAMPLE_2025_10_VolumeSpend.xlsx,Synthetic,Payor View
2025,10,Oct,202510,Q4,2025-10-01,0009100016|RTL007,0009100016,Retail Partner Network,No,RTL007,Retail Partner Network - Stores,Phoenix,AZ,85004,MISC / UNC,Excluded - Adjustments,Excluded,Non-Service,Not Applicable,No,0,1569.9,1569.9,0.0,0.0,,,Yes,No,Yes,No,SAMPLE_2025_10_VolumeSpend.xlsx,Synthetic,Payor View
2025,10,Oct,202510,Q4,2025-10-01,0009100017|CSH008,0009100017,Cash Operations,No,CSH008,Cash Operations - Processing,Newark,NJ,07102,GROUND PKG,Ground,Ground,Deferred,Domestic,Yes,4500,159619.4,55529.78,104089.62,67861.7,,,No,Yes,No,No,SAMPLE_2025_10_VolumeSpend.xlsx,Synthetic,Payor View
2025,10,Oct,202510,Q4,2025-10-01,0009100017|CSH008,0009100017,Cash Operations,No,CSH008,Cash Operations - Processing,Newark,NJ,07102,GROUND CWT,Ground,Ground,Deferred,Domestic,Yes,21,2306.83,710.47,1596.36,571.9,,,No,Yes,No,No,SAMPLE_2025_10_VolumeSpend.xlsx,Synthetic,Payor View
2025,10,Oct,202510,Q4,2025-10-01,0009100017|CSH008,0009100017,Cash Operations,No,CSH008,Cash Operations - Processing,Newark,NJ,07102,STANDARD GROUND,Ground,Ground,Deferred,Domestic,Yes,63,2072.96,713.77,1359.19,640.9,,,No,Yes,No,No,SAMPLE_2025_10_VolumeSpend.xlsx,Synthetic,Payor View
2025,10,Oct,202510,Q4,2025-10-01,0009100017|CSH008,0009100017,Cash Operations,No,CSH008,Cash Operations - Processing,Newark,NJ,07102,3DS PKG,3 Day Select,3DS,Deferred,Domestic,Yes,46,1971.07,688.78,1282.29,189.1,,,No,Yes,No,No,SAMPLE_2025_10_VolumeSpend.xlsx,Synthetic,Payor View
2025,10,Oct,202510,Q4,2025-10-01,0009100017|CSH008,0009100017,Cash Operations,No,CSH008,Cash Operations - Processing,Newark,NJ,07102,2DA REG / EXPEDITED PKG,2nd Day Air / Expedited,2DA,Expedited,Domestic,Yes,359,19664.19,6465.42,13198.77,1149.2,,,No,Yes,No,No,SAMPLE_2025_10_VolumeSpend.xlsx,Synthetic,Payor View
2025,10,Oct,202510,Q4,2025-10-01,0009100017|CSH008,0009100017,Cash Operations,No,CSH008,Cash Operations - Processing,Newark,NJ,07102,2DA REG / EXPEDITED LTR,2nd Day Air / Expedited,2DA,Expedited,Domestic,Yes,90,1661.51,531.56,1129.95,51.1,,,No,Yes,No,No,SAMPLE_2025_10_VolumeSpend.xlsx,Synthetic,Payor View
2025,10,Oct,202510,Q4,2025-10-01,0009100017|CSH008,0009100017,Cash Operations,No,CSH008,Cash Operations - Processing,Newark,NJ,07102,2DA AM PKG,2nd Day Air Early A.M.,2DA AM,Expedited,Domestic,Yes,22,256.33,81.12,175.21,6.5,,,No,Yes,No,No,SAMPLE_2025_10_VolumeSpend.xlsx,Synthetic,Payor View
2025,10,Oct,202510,Q4,2025-10-01,0009100017|CSH008,0009100017,Cash Operations,No,CSH008,Cash Operations - Processing,Newark,NJ,07102,NDA PM / EXPRESS SAVER PKG,Next Day Air Saver,NDA Saver,Premium,Domestic,Yes,143,8843.2,2762.79,6080.41,176.0,,,No,Yes,No,No,SAMPLE_2025_10_VolumeSpend.xlsx,Synthetic,Payor View
2025,10,Oct,202510,Q4,2025-10-01,0009100017|CSH008,0009100017,Cash Operations,No,CSH008,Cash Operations - Processing,Newark,NJ,07102,NDA PM / EXPRESS SAVER LTR,Next Day Air Saver,NDA Saver,Premium,Domestic,Yes,38,1227.93,376.59,851.34,16.1,,,No,Yes,No,No,SAMPLE_2025_10_VolumeSpend.xlsx,Synthetic,Payor View
2025,10,Oct,202510,Q4,2025-10-01,0009100017|CSH008,0009100017,Cash Operations,No,CSH008,Cash Operations - Processing,Newark,NJ,07102,NDA REG / EXPRESS PKG,Next Day Air / Express,NDA,Premium,Domestic,Yes,281,25286.57,8313.21,16973.36,827.3,,,No,Yes,No,No,SAMPLE_2025_10_VolumeSpend.xlsx,Synthetic,Payor View
2025,10,Oct,202510,Q4,2025-10-01,0009100017|CSH008,0009100017,Cash Operations,No,CSH008,Cash Operations - Processing,Newark,NJ,07102,NDA REG / EXPRESS LTR,Next Day Air / Express,NDA,Premium,Domestic,Yes,385,10021.65,3517.16,6504.49,157.4,,,No,Yes,No,No,SAMPLE_2025_10_VolumeSpend.xlsx,Synthetic,Payor View
2025,10,Oct,202510,Q4,2025-10-01,0009100017|CSH008,0009100017,Cash Operations,No,CSH008,Cash Operations - Processing,Newark,NJ,07102,NDA AM / EXPRESS PLUS PKG,Next Day Air Early,NDA Early,Premium,Domestic,Yes,2,524.8,169.16,355.64,4.5,,,No,Yes,No,No,SAMPLE_2025_10_VolumeSpend.xlsx,Synthetic,Payor View
2025,10,Oct,202510,Q4,2025-10-01,0009100017|CSH008,0009100017,Cash Operations,No,CSH008,Cash Operations - Processing,Newark,NJ,07102,WW EXPRESS REG PKG,International Express,Intl Express,Premium,International,Yes,4,1433.19,469.16,964.03,34.5,,,No,Yes,No,No,SAMPLE_2025_10_VolumeSpend.xlsx,Synthetic,Payor View
2025,10,Oct,202510,Q4,2025-10-01,0009100017|CSH008,0009100017,Cash Operations,No,CSH008,Cash Operations - Processing,Newark,NJ,07102,WW EXPRESS PM / SAVER PKG,International Express Saver,Intl Saver,Premium,International,Yes,3,950.53,293.85,656.68,20.5,,,No,Yes,No,No,SAMPLE_2025_10_VolumeSpend.xlsx,Synthetic,Payor View
2025,10,Oct,202510,Q4,2025-10-01,0009100017|CSH008,0009100017,Cash Operations,No,CSH008,Cash Operations - Processing,Newark,NJ,07102,WW EXPEDITED / 2DA PKG,International Expedited,Intl Expedited,Expedited,International,Yes,1,238.13,88.43,149.7,6.7,,,No,Yes,No,No,SAMPLE_2025_10_VolumeSpend.xlsx,Synthetic,Payor View
2025,10,Oct,202510,Q4,2025-10-01,0009100017|CSH008,0009100017,Cash Operations,No,CSH008,Cash Operations - Processing,Newark,NJ,07102,MISC / UNC,Excluded - Adjustments,Excluded,Non-Service,Not Applicable,No,0,980.41,980.41,0.0,0.0,,,Yes,No,Yes,No,SAMPLE_2025_10_VolumeSpend.xlsx,Synthetic,Payor View
2025,10,Oct,202510,Q4,2025-10-01,@@|TCO009,@@,Unassigned Sub-Parent,Yes,TCO009,Transfer Co Operations,Whippany,NJ,07981,GROUND PKG,Ground,Ground,Deferred,Domestic,Yes,675,31357.7,9675.62,21682.08,12010.4,,,No,Yes,No,No,SAMPLE_2025_10_VolumeSpend.xlsx,Synthetic,Payor View
2025,10,Oct,202510,Q4,2025-10-01,@@|TCO009,@@,Unassigned Sub-Parent,Yes,TCO009,Transfer Co Operations,Whippany,NJ,07981,GROUND CWT,Ground,Ground,Deferred,Domestic,Yes,3,361.87,121.24,240.63,97.1,,,No,Yes,No,No,SAMPLE_2025_10_VolumeSpend.xlsx,Synthetic,Payor View
2025,10,Oct,202510,Q4,2025-10-01,@@|TCO009,@@,Unassigned Sub-Parent,Yes,TCO009,Transfer Co Operations,Whippany,NJ,07981,STANDARD GROUND,Ground,Ground,Deferred,Domestic,Yes,10,259.35,94.81,164.54,84.9,,,No,Yes,No,No,SAMPLE_2025_10_VolumeSpend.xlsx,Synthetic,Payor View
2025,10,Oct,202510,Q4,2025-10-01,@@|TCO009,@@,Unassigned Sub-Parent,Yes,TCO009,Transfer Co Operations,Whippany,NJ,07981,3DS PKG,3 Day Select,3DS,Deferred,Domestic,Yes,9,435.12,144.25,290.87,35.1,,,No,Yes,No,No,SAMPLE_2025_10_VolumeSpend.xlsx,Synthetic,Payor View
2025,10,Oct,202510,Q4,2025-10-01,@@|TCO009,@@,Unassigned Sub-Parent,Yes,TCO009,Transfer Co Operations,Whippany,NJ,07981,2DA REG / EXPEDITED PKG,2nd Day Air / Expedited,2DA,Expedited,Domestic,Yes,49,3154.12,1070.22,2083.9,175.2,,,No,Yes,No,No,SAMPLE_2025_10_VolumeSpend.xlsx,Synthetic,Payor View
2025,10,Oct,202510,Q4,2025-10-01,@@|TCO009,@@,Unassigned Sub-Parent,Yes,TCO009,Transfer Co Operations,Whippany,NJ,07981,2DA REG / EXPEDITED LTR,2nd Day Air / Expedited,2DA,Expedited,Domestic,Yes,18,241.6,79.17,162.43,7.6,,,No,Yes,No,No,SAMPLE_2025_10_VolumeSpend.xlsx,Synthetic,Payor View
2025,10,Oct,202510,Q4,2025-10-01,@@|TCO009,@@,Unassigned Sub-Parent,Yes,TCO009,Transfer Co Operations,Whippany,NJ,07981,2DA AM PKG,2nd Day Air Early A.M.,2DA AM,Expedited,Domestic,Yes,3,28.99,10.69,18.3,0.8,,,No,Yes,No,No,SAMPLE_2025_10_VolumeSpend.xlsx,Synthetic,Payor View
2025,10,Oct,202510,Q4,2025-10-01,@@|TCO009,@@,Unassigned Sub-Parent,Yes,TCO009,Transfer Co Operations,Whippany,NJ,07981,NDA PM / EXPRESS SAVER PKG,Next Day Air Saver,NDA Saver,Premium,Domestic,Yes,21,1341.3,423.86,917.44,26.1,,,No,Yes,No,No,SAMPLE_2025_10_VolumeSpend.xlsx,Synthetic,Payor View
2025,10,Oct,202510,Q4,2025-10-01,@@|TCO009,@@,Unassigned Sub-Parent,Yes,TCO009,Transfer Co Operations,Whippany,NJ,07981,NDA PM / EXPRESS SAVER LTR,Next Day Air Saver,NDA Saver,Premium,Domestic,Yes,5,146.47,53.01,93.46,2.3,,,No,Yes,No,No,SAMPLE_2025_10_VolumeSpend.xlsx,Synthetic,Payor View
2025,10,Oct,202510,Q4,2025-10-01,@@|TCO009,@@,Unassigned Sub-Parent,Yes,TCO009,Transfer Co Operations,Whippany,NJ,07981,NDA REG / EXPRESS PKG,Next Day Air / Express,NDA,Premium,Domestic,Yes,36,2750.39,941.18,1809.21,108.3,,,No,Yes,No,No,SAMPLE_2025_10_VolumeSpend.xlsx,Synthetic,Payor View
2025,10,Oct,202510,Q4,2025-10-01,@@|TCO009,@@,Unassigned Sub-Parent,Yes,TCO009,Transfer Co Operations,Whippany,NJ,07981,NDA REG / EXPRESS LTR,Next Day Air / Express,NDA,Premium,Domestic,Yes,52,977.06,353.34,623.72,17.7,,,No,Yes,No,No,SAMPLE_2025_10_VolumeSpend.xlsx,Synthetic,Payor View
2025,10,Oct,202510,Q4,2025-10-01,@@|TCO009,@@,Unassigned Sub-Parent,Yes,TCO009,Transfer Co Operations,Whippany,NJ,07981,MISC / UNC,Excluded - Adjustments,Excluded,Non-Service,Not Applicable,No,0,77.43,77.43,0.0,0.0,,,Yes,No,Yes,No,SAMPLE_2025_10_VolumeSpend.xlsx,Synthetic,Payor View
2025,11,Nov,202511,Q4,2025-11-01,0009100011|TCH001,0009100011,Technology Operations,No,TCH001,Technology Operations - Central,Columbus,OH,43004,GROUND PKG,Ground,Ground,Deferred,Domestic,Yes,16813,593822.78,195775.26,398047.52,257188.9,,,No,Yes,No,No,SAMPLE_2025_11_VolumeSpend.xlsx,Synthetic,Payor View
2025,11,Nov,202511,Q4,2025-11-01,0009100011|TCH001,0009100011,Technology Operations,No,TCH001,Technology Operations - Central,Columbus,OH,43004,GROUND CWT,Ground,Ground,Deferred,Domestic,Yes,116,10236.2,3806.31,6429.89,2992.7,,,No,Yes,No,No,SAMPLE_2025_11_VolumeSpend.xlsx,Synthetic,Payor View
2025,11,Nov,202511,Q4,2025-11-01,0009100011|TCH001,0009100011,Technology Operations,No,TCH001,Technology Operations - Central,Columbus,OH,43004,STANDARD GROUND,Ground,Ground,Deferred,Domestic,Yes,386,10601.1,3759.92,6841.18,3323.7,,,No,Yes,No,No,SAMPLE_2025_11_VolumeSpend.xlsx,Synthetic,Payor View
2025,11,Nov,202511,Q4,2025-11-01,0009100011|TCH001,0009100011,Technology Operations,No,TCH001,Technology Operations - Central,Columbus,OH,43004,3DS PKG,3 Day Select,3DS,Deferred,Domestic,Yes,341,11149.36,4121.67,7027.69,1146.3,,,No,Yes,No,No,SAMPLE_2025_11_VolumeSpend.xlsx,Synthetic,Payor View
2025,11,Nov,202511,Q4,2025-11-01,0009100011|TCH001,0009100011,Technology Operations,No,TCH001,Technology Operations - Central,Columbus,OH,43004,2DA REG / EXPEDITED PKG,2nd Day Air / Expedited,2DA,Expedited,Domestic,Yes,2243,94910.22,33313.6,61596.62,5901.2,,,No,Yes,No,No,SAMPLE_2025_11_VolumeSpend.xlsx,Synthetic,Payor View
2025,11,Nov,202511,Q4,2025-11-01,0009100011|TCH001,0009100011,Technology Operations,No,TCH001,Technology Operations - Central,Columbus,OH,43004,2DA REG / EXPEDITED LTR,2nd Day Air / Expedited,2DA,Expedited,Domestic,Yes,628,10059.0,3554.05,6504.95,346.3,,,No,Yes,No,No,SAMPLE_2025_11_VolumeSpend.xlsx,Synthetic,Payor View
2025,11,Nov,202511,Q4,2025-11-01,0009100011|TCH001,0009100011,Technology Operations,No,TCH001,Technology Operations - Central,Columbus,OH,43004,2DA AM PKG,2nd Day Air Early A.M.,2DA AM,Expedited,Domestic,Yes,139,1308.42,444.54,863.88,34.9,,,No,Yes,No,No,SAMPLE_2025_11_VolumeSpend.xlsx,Synthetic,Payor View
2025,11,Nov,202511,Q4,2025-11-01,0009100011|TCH001,0009100011,Technology Operations,No,TCH001,Technology Operations - Central,Columbus,OH,43004,NDA PM / EXPRESS SAVER PKG,Next Day Air Saver,NDA Saver,Premium,Domestic,Yes,711,36219.02,12659.58,23559.44,805.1,,,No,Yes,No,No,SAMPLE_2025_11_VolumeSpend.xlsx,Synthetic,Payor View
2025,11,Nov,202511,Q4,2025-11-01,0009100011|TCH001,0009100011,Technology Operations,No,TCH001,Technology Operations - Central,Columbus,OH,43004,NDA PM / EXPRESS SAVER LTR,Next Day Air Saver,NDA Saver,Premium,Domestic,Yes,247,6121.52,2191.48,3930.04,102.2,,,No,Yes,No,No,SAMPLE_2025_11_VolumeSpend.xlsx,Synthetic,Payor View
2025,11,Nov,202511,Q4,2025-11-01,0009100011|TCH001,0009100011,Technology Operations,No,TCH001,Technology Operations - Central,Columbus,OH,43004,NDA REG / EXPRESS PKG,Next Day Air / Express,NDA,Premium,Domestic,Yes,1305,90007.64,29182.5,60825.14,3384.6,,,No,Yes,No,No,SAMPLE_2025_11_VolumeSpend.xlsx,Synthetic,Payor View
2025,11,Nov,202511,Q4,2025-11-01,0009100011|TCH001,0009100011,Technology Operations,No,TCH001,Technology Operations - Central,Columbus,OH,43004,NDA REG / EXPRESS LTR,Next Day Air / Express,NDA,Premium,Domestic,Yes,2695,72700.01,25771.52,46928.49,1219.8,,,No,Yes,No,No,SAMPLE_2025_11_VolumeSpend.xlsx,Synthetic,Payor View
2025,11,Nov,202511,Q4,2025-11-01,0009100011|TCH001,0009100011,Technology Operations,No,TCH001,Technology Operations - Central,Columbus,OH,43004,NDA AM / EXPRESS PLUS PKG,Next Day Air Early,NDA Early,Premium,Domestic,Yes,14,3288.8,1216.09,2072.71,26.8,,,No,Yes,No,No,SAMPLE_2025_11_VolumeSpend.xlsx,Synthetic,Payor View
2025,11,Nov,202511,Q4,2025-11-01,0009100011|TCH001,0009100011,Technology Operations,No,TCH001,Technology Operations - Central,Columbus,OH,43004,WW EXPRESS REG PKG,International Express,Intl Express,Premium,International,Yes,21,7264.81,2404.56,4860.25,182.6,,,No,Yes,No,No,SAMPLE_2025_11_VolumeSpend.xlsx,Synthetic,Payor View
2025,11,Nov,202511,Q4,2025-11-01,0009100011|TCH001,0009100011,Technology Operations,No,TCH001,Technology Operations - Central,Columbus,OH,43004,WW EXPRESS PM / SAVER PKG,International Express Saver,Intl Saver,Premium,International,Yes,15,3804.05,1352.93,2451.12,98.9,,,No,Yes,No,No,SAMPLE_2025_11_VolumeSpend.xlsx,Synthetic,Payor View
2025,11,Nov,202511,Q4,2025-11-01,0009100011|TCH001,0009100011,Technology Operations,No,TCH001,Technology Operations - Central,Columbus,OH,43004,WW EXPEDITED / 2DA PKG,International Expedited,Intl Expedited,Expedited,International,Yes,6,1778.93,549.71,1229.22,47.3,,,No,Yes,No,No,SAMPLE_2025_11_VolumeSpend.xlsx,Synthetic,Payor View
2025,11,Nov,202511,Q4,2025-11-01,0009100011|TCH001,0009100011,Technology Operations,No,TCH001,Technology Operations - Central,Columbus,OH,43004,MISC / UNC,Excluded - Adjustments,Excluded,Non-Service,Not Applicable,No,0,5967.25,5967.25,0.0,0.0,,,Yes,No,Yes,No,SAMPLE_2025_11_VolumeSpend.xlsx,Synthetic,Payor View
2025,11,Nov,202511,Q4,2025-11-01,0009100012|MAI002,0009100012,Mail Services,No,MAI002,Mail Services - Regional,Kansas City,MO,64108,GROUND PKG,Ground,Ground,Deferred,Domestic,Yes,4306,179455.58,66614.32,112841.26,73304.0,,,No,Yes,No,No,SAMPLE_2025_11_VolumeSpend.xlsx,Synthetic,Payor View
2025,11,Nov,202511,Q4,2025-11-01,0009100012|MAI002,0009100012,Mail Services,No,MAI002,Mail Services - Regional,Kansas City,MO,64108,GROUND CWT,Ground,Ground,Deferred,Domestic,Yes,16,1326.72,469.98,856.74,434.6,,,No,Yes,No,No,SAMPLE_2025_11_VolumeSpend.xlsx,Synthetic,Payor View
2025,11,Nov,202511,Q4,2025-11-01,0009100012|MAI002,0009100012,Mail Services,No,MAI002,Mail Services - Regional,Kansas City,MO,64108,STANDARD GROUND,Ground,Ground,Deferred,Domestic,Yes,53,1412.77,440.56,972.21,438.0,,,No,Yes,No,No,SAMPLE_2025_11_VolumeSpend.xlsx,Synthetic,Payor View
2025,11,Nov,202511,Q4,2025-11-01,0009100012|MAI002,0009100012,Mail Services,No,MAI002,Mail Services - Regional,Kansas City,MO,64108,3DS PKG,3 Day Select,3DS,Deferred,Domestic,Yes,47,2287.24,711.74,1575.5,203.0,,,No,Yes,No,No,SAMPLE_2025_11_VolumeSpend.xlsx,Synthetic,Payor View
2025,11,Nov,202511,Q4,2025-11-01,0009100012|MAI002,0009100012,Mail Services,No,MAI002,Mail Services - Regional,Kansas City,MO,64108,2DA REG / EXPEDITED PKG,2nd Day Air / Expedited,2DA,Expedited,Domestic,Yes,420,27548.85,9162.86,18385.99,1406.8,,,No,Yes,No,No,SAMPLE_2025_11_VolumeSpend.xlsx,Synthetic,Payor View
2025,11,Nov,202511,Q4,2025-11-01,0009100012|MAI002,0009100012,Mail Services,No,MAI002,Mail Services - Regional,Kansas City,MO,64108,2DA REG / EXPEDITED LTR,2nd Day Air / Expedited,2DA,Expedited,Domestic,Yes,82,1396.27,471.17,925.1,43.4,,,No,Yes,No,No,SAMPLE_2025_11_VolumeSpend.xlsx,Synthetic,Payor View
2025,11,Nov,202511,Q4,2025-11-01,0009100012|MAI002,0009100012,Mail Services,No,MAI002,Mail Services - Regional,Kansas City,MO,64108,2DA AM PKG,2nd Day Air Early A.M.,2DA AM,Expedited,Domestic,Yes,22,226.52,83.03,143.49,7.3,,,No,Yes,No,No,SAMPLE_2025_11_VolumeSpend.xlsx,Synthetic,Payor View
2025,11,Nov,202511,Q4,2025-11-01,0009100012|MAI002,0009100012,Mail Services,No,MAI002,Mail Services - Regional,Kansas City,MO,64108,NDA PM / EXPRESS SAVER PKG,Next Day Air Saver,NDA Saver,Premium,Domestic,Yes,155,7950.95,2843.33,5107.62,200.3,,,No,Yes,No,No,SAMPLE_2025_11_VolumeSpend.xlsx,Synthetic,Payor View
2025,11,Nov,202511,Q4,2025-11-01,0009100012|MAI002,0009100012,Mail Services,No,MAI002,Mail Services - Regional,Kansas City,MO,64108,NDA PM / EXPRESS SAVER LTR,Next Day Air Saver,NDA Saver,Premium,Domestic,Yes,47,1217.26,396.44,820.82,19.1,,,No,Yes,No,No,SAMPLE_2025_11_VolumeSpend.xlsx,Synthetic,Payor View
2025,11,Nov,202511,Q4,2025-11-01,0009100012|MAI002,0009100012,Mail Services,No,MAI002,Mail Services - Regional,Kansas City,MO,64108,NDA REG / EXPRESS PKG,Next Day Air / Express,NDA,Premium,Domestic,Yes,243,17619.5,6289.15,11330.35,708.7,,,No,Yes,No,No,SAMPLE_2025_11_VolumeSpend.xlsx,Synthetic,Payor View
2025,11,Nov,202511,Q4,2025-11-01,0009100012|MAI002,0009100012,Mail Services,No,MAI002,Mail Services - Regional,Kansas City,MO,64108,NDA REG / EXPRESS LTR,Next Day Air / Express,NDA,Premium,Domestic,Yes,405,8437.73,3138.72,5299.01,144.9,,,No,Yes,No,No,SAMPLE_2025_11_VolumeSpend.xlsx,Synthetic,Payor View
2025,11,Nov,202511,Q4,2025-11-01,0009100012|MAI002,0009100012,Mail Services,No,MAI002,Mail Services - Regional,Kansas City,MO,64108,NDA AM / EXPRESS PLUS PKG,Next Day Air Early,NDA Early,Premium,Domestic,Yes,2,520.79,160.14,360.65,3.7,,,No,Yes,No,No,SAMPLE_2025_11_VolumeSpend.xlsx,Synthetic,Payor View
2025,11,Nov,202511,Q4,2025-11-01,0009100012|MAI002,0009100012,Mail Services,No,MAI002,Mail Services - Regional,Kansas City,MO,64108,WW EXPRESS REG PKG,International Express,Intl Express,Premium,International,Yes,3,1191.27,386.89,804.38,27.7,,,No,Yes,No,No,SAMPLE_2025_11_VolumeSpend.xlsx,Synthetic,Payor View
2025,11,Nov,202511,Q4,2025-11-01,0009100012|MAI002,0009100012,Mail Services,No,MAI002,Mail Services - Regional,Kansas City,MO,64108,WW EXPRESS PM / SAVER PKG,International Express Saver,Intl Saver,Premium,International,Yes,2,581.46,212.34,369.12,15.0,,,No,Yes,No,No,SAMPLE_2025_11_VolumeSpend.xlsx,Synthetic,Payor View
2025,11,Nov,202511,Q4,2025-11-01,0009100012|MAI002,0009100012,Mail Services,No,MAI002,Mail Services - Regional,Kansas City,MO,64108,WW EXPEDITED / 2DA PKG,International Expedited,Intl Expedited,Expedited,International,Yes,1,193.77,70.38,123.39,6.6,,,No,Yes,No,No,SAMPLE_2025_11_VolumeSpend.xlsx,Synthetic,Payor View
2025,11,Nov,202511,Q4,2025-11-01,0009100012|MAI002,0009100012,Mail Services,No,MAI002,Mail Services - Regional,Kansas City,MO,64108,MISC / UNC,Excluded - Adjustments,Excluded,Non-Service,Not Applicable,No,0,631.45,631.45,0.0,0.0,,,Yes,No,Yes,No,SAMPLE_2025_11_VolumeSpend.xlsx,Synthetic,Payor View
2025,11,Nov,202511,Q4,2025-11-01,0009100013|VEN003,0009100013,Vendor Programs,No,VEN003,Vendor Programs - Print,Aurora,IL,60502,GROUND PKG,Ground,Ground,Deferred,Domestic,Yes,4690,179093.23,63980.58,115112.65,80647.9,,,No,Yes,No,No,SAMPLE_2025_11_VolumeSpend.xlsx,Synthetic,Payor View
2025,11,Nov,202511,Q4,2025-11-01,0009100013|VEN003,0009100013,Vendor Programs,No,VEN003,Vendor Programs - Print,Aurora,IL,60502,GROUND CWT,Ground,Ground,Deferred,Domestic,Yes,24,3002.27,981.56,2020.71,804.0,,,No,Yes,No,No,SAMPLE_2025_11_VolumeSpend.xlsx,Synthetic,Payor View
2025,11,Nov,202511,Q4,2025-11-01,0009100013|VEN003,0009100013,Vendor Programs,No,VEN003,Vendor Programs - Print,Aurora,IL,60502,STANDARD GROUND,Ground,Ground,Deferred,Domestic,Yes,74,2521.97,809.99,1711.98,693.8,,,No,Yes,No,No,SAMPLE_2025_11_VolumeSpend.xlsx,Synthetic,Payor View
2025,11,Nov,202511,Q4,2025-11-01,0009100013|VEN003,0009100013,Vendor Programs,No,VEN003,Vendor Programs - Print,Aurora,IL,60502,3DS PKG,3 Day Select,3DS,Deferred,Domestic,Yes,78,3169.17,983.29,2185.88,244.8,,,No,Yes,No,No,SAMPLE_2025_11_VolumeSpend.xlsx,Synthetic,Payor View
2025,11,Nov,202511,Q4,2025-11-01,0009100013|VEN003,0009100013,Vendor Programs,No,VEN003,Vendor Programs - Print,Aurora,IL,60502,2DA REG / EXPEDITED PKG,2nd Day Air / Expedited,2DA,Expedited,Domestic,Yes,518,31862.63,11455.86,20406.77,1789.5,,,No,Yes,No,No,SAMPLE_2025_11_VolumeSpend.xlsx,Synthetic,Payor View
2025,11,Nov,202511,Q4,2025-11-01,0009100013|VEN003,0009100013,Vendor Programs,No,VEN003,Vendor Programs - Print,Aurora,IL,60502,2DA REG / EXPEDITED LTR,2nd Day Air / Expedited,2DA,Expedited,Domestic,Yes,128,1468.45,544.38,924.07,58.3,,,No,Yes,No,No,SAMPLE_2025_11_VolumeSpend.xlsx,Synthetic,Payor View
2025,11,Nov,202511,Q4,2025-11-01,0009100013|VEN003,0009100013,Vendor Programs,No,VEN003,Vendor Programs - Print,Aurora,IL,60502,2DA AM PKG,2nd Day Air Early A.M.,2DA AM,Expedited,Domestic,Yes,33,340.73,108.15,232.58,8.6,,,No,Yes,No,No,SAMPLE_2025_11_VolumeSpend.xlsx,Synthetic,Payor View
2025,11,Nov,202511,Q4,2025-11-01,0009100013|VEN003,0009100013,Vendor Programs,No,VEN003,Vendor Programs - Print,Aurora,IL,60502,NDA PM / EXPRESS SAVER PKG,Next Day Air Saver,NDA Saver,Premium,Domestic,Yes,259,11614.46,4030.22,7584.24,295.8,,,No,Yes,No,No,SAMPLE_2025_11_VolumeSpend.xlsx,Synthetic,Payor View
2025,11,Nov,202511,Q4,2025-11-01,0009100013|VEN003,0009100013,Vendor Programs,No,VEN003,Vendor Programs - Print,Aurora,IL,60502,NDA PM / EXPRESS SAVER LTR,Next Day Air Saver,NDA Saver,Premium,Domestic,Yes,53,1274.72,439.21,835.51,19.7,,,No,Yes,No,No,SAMPLE_2025_11_VolumeSpend.xlsx,Synthetic,Payor View
2025,11,Nov,202511,Q4,2025-11-01,0009100013|VEN003,0009100013,Vendor Programs,No,VEN003,Vendor Programs - Print,Aurora,IL,60502,NDA REG / EXPRESS PKG,Next Day Air / Express,NDA,Premium,Domestic,Yes,401,29332.15,9233.6,20098.55,1035.7,,,No,Yes,No,No,SAMPLE_2025_11_VolumeSpend.xlsx,Synthetic,Payor View
2025,11,Nov,202511,Q4,2025-11-01,0009100013|VEN003,0009100013,Vendor Programs,No,VEN003,Vendor Programs - Print,Aurora,IL,60502,NDA REG / EXPRESS LTR,Next Day Air / Express,NDA,Premium,Domestic,Yes,515,12446.48,4025.81,8420.67,204.1,,,No,Yes,No,No,SAMPLE_2025_11_VolumeSpend.xlsx,Synthetic,Payor View
2025,11,Nov,202511,Q4,2025-11-01,0009100013|VEN003,0009100013,Vendor Programs,No,VEN003,Vendor Programs - Print,Aurora,IL,60502,NDA AM / EXPRESS PLUS PKG,Next Day Air Early,NDA Early,Premium,Domestic,Yes,4,1169.77,363.07,806.7,8.7,,,No,Yes,No,No,SAMPLE_2025_11_VolumeSpend.xlsx,Synthetic,Payor View
2025,11,Nov,202511,Q4,2025-11-01,0009100013|VEN003,0009100013,Vendor Programs,No,VEN003,Vendor Programs - Print,Aurora,IL,60502,WW EXPRESS REG PKG,International Express,Intl Express,Premium,International,Yes,4,1648.09,516.95,1131.14,37.6,,,No,Yes,No,No,SAMPLE_2025_11_VolumeSpend.xlsx,Synthetic,Payor View
2025,11,Nov,202511,Q4,2025-11-01,0009100013|VEN003,0009100013,Vendor Programs,No,VEN003,Vendor Programs - Print,Aurora,IL,60502,WW EXPRESS PM / SAVER PKG,International Express Saver,Intl Saver,Premium,International,Yes,4,1474.67,491.77,982.9,34.9,,,No,Yes,No,No,SAMPLE_2025_11_VolumeSpend.xlsx,Synthetic,Payor View
2025,11,Nov,202511,Q4,2025-11-01,0009100013|VEN003,0009100013,Vendor Programs,No,VEN003,Vendor Programs - Print,Aurora,IL,60502,WW EXPEDITED / 2DA PKG,International Expedited,Intl Expedited,Expedited,International,Yes,1,227.92,73.17,154.75,6.8,,,No,Yes,No,No,SAMPLE_2025_11_VolumeSpend.xlsx,Synthetic,Payor View
2025,11,Nov,202511,Q4,2025-11-01,0009100013|VEN003,0009100013,Vendor Programs,No,VEN003,Vendor Programs - Print,Aurora,IL,60502,MISC / UNC,Excluded - Adjustments,Excluded,Non-Service,Not Applicable,No,0,1031.66,1031.66,0.0,0.0,,,Yes,No,Yes,No,SAMPLE_2025_11_VolumeSpend.xlsx,Synthetic,Payor View
2025,11,Nov,202511,Q4,2025-11-01,0009100013|VEN004,0009100013,Vendor Programs,No,VEN004,Vendor Programs - Fulfilment,Aurora,IL,60502,GROUND PKG,Ground,Ground,Deferred,Domestic,Yes,3719,156673.91,55163.67,101510.24,60879.3,,,No,Yes,No,No,SAMPLE_2025_11_VolumeSpend.xlsx,Synthetic,Payor View
2025,11,Nov,202511,Q4,2025-11-01,0009100013|VEN004,0009100013,Vendor Programs,No,VEN004,Vendor Programs - Fulfilment,Aurora,IL,60502,GROUND CWT,Ground,Ground,Deferred,Domestic,Yes,22,2489.14,888.08,1601.06,674.4,,,No,Yes,No,No,SAMPLE_2025_11_VolumeSpend.xlsx,Synthetic,Payor View
2025,11,Nov,202511,Q4,2025-11-01,0009100013|VEN004,0009100013,Vendor Programs,No,VEN004,Vendor Programs - Fulfilment,Aurora,IL,60502,STANDARD GROUND,Ground,Ground,Deferred,Domestic,Yes,72,1776.25,603.45,1172.8,535.8,,,No,Yes,No,No,SAMPLE_2025_11_VolumeSpend.xlsx,Synthetic,Payor View
2025,11,Nov,202511,Q4,2025-11-01,0009100013|VEN004,0009100013,Vendor Programs,No,VEN004,Vendor Programs - Fulfilment,Aurora,IL,60502,3DS PKG,3 Day Select,3DS,Deferred,Domestic,Yes,64,2261.75,801.51,1460.24,211.1,,,No,Yes,No,No,SAMPLE_2025_11_VolumeSpend.xlsx,Synthetic,Payor View
2025,11,Nov,202511,Q4,2025-11-01,0009100013|VEN004,0009100013,Vendor Programs,No,VEN004,Vendor Programs - Fulfilment,Aurora,IL,60502,2DA REG / EXPEDITED PKG,2nd Day Air / Expedited,2DA,Expedited,Domestic,Yes,439,32617.13,10138.91,22478.22,1599.4,,,No,Yes,No,No,SAMPLE_2025_11_VolumeSpend.xlsx,Synthetic,Payor View
2025,11,Nov,202511,Q4,2025-11-01,0009100013|VEN004,0009100013,Vendor Programs,No,VEN004,Vendor Programs - Fulfilment,Aurora,IL,60502,2DA REG / EXPEDITED LTR,2nd Day Air / Expedited,2DA,Expedited,Domestic,Yes,92,1359.15,449.74,909.41,51.6,,,No,Yes,No,No,SAMPLE_2025_11_VolumeSpend.xlsx,Synthetic,Payor View
2025,11,Nov,202511,Q4,2025-11-01,0009100013|VEN004,0009100013,Vendor Programs,No,VEN004,Vendor Programs - Fulfilment,Aurora,IL,60502,2DA AM PKG,2nd Day Air Early A.M.,2DA AM,Expedited,Domestic,Yes,24,267.32,92.34,174.98,6.9,,,No,Yes,No,No,SAMPLE_2025_11_VolumeSpend.xlsx,Synthetic,Payor View
2025,11,Nov,202511,Q4,2025-11-01,0009100013|VEN004,0009100013,Vendor Programs,No,VEN004,Vendor Programs - Fulfilment,Aurora,IL,60502,NDA PM / EXPRESS SAVER PKG,Next Day Air Saver,NDA Saver,Premium,Domestic,Yes,180,7848.53,2596.31,5252.22,163.0,,,No,Yes,No,No,SAMPLE_2025_11_VolumeSpend.xlsx,Synthetic,Payor View
2025,11,Nov,202511,Q4,2025-11-01,0009100013|VEN004,0009100013,Vendor Programs,No,VEN004,Vendor Programs - Fulfilment,Aurora,IL,60502,NDA PM / EXPRESS SAVER LTR,Next Day Air Saver,NDA Saver,Premium,Domestic,Yes,52,1373.73,479.48,894.25,20.6,,,No,Yes,No,No,SAMPLE_2025_11_VolumeSpend.xlsx,Synthetic,Payor View
2025,11,Nov,202511,Q4,2025-11-01,0009100013|VEN004,0009100013,Vendor Programs,No,VEN004,Vendor Programs - Fulfilment,Aurora,IL,60502,NDA REG / EXPRESS PKG,Next Day Air / Express,NDA,Premium,Domestic,Yes,353,26581.17,8609.07,17972.1,945.2,,,No,Yes,No,No,SAMPLE_2025_11_VolumeSpend.xlsx,Synthetic,Payor View
2025,11,Nov,202511,Q4,2025-11-01,0009100013|VEN004,0009100013,Vendor Programs,No,VEN004,Vendor Programs - Fulfilment,Aurora,IL,60502,NDA REG / EXPRESS LTR,Next Day Air / Express,NDA,Premium,Domestic,Yes,531,15091.4,5222.66,9868.74,229.8,,,No,Yes,No,No,SAMPLE_2025_11_VolumeSpend.xlsx,Synthetic,Payor View
2025,11,Nov,202511,Q4,2025-11-01,0009100013|VEN004,0009100013,Vendor Programs,No,VEN004,Vendor Programs - Fulfilment,Aurora,IL,60502,NDA AM / EXPRESS PLUS PKG,Next Day Air Early,NDA Early,Premium,Domestic,Yes,3,793.32,277.41,515.91,7.1,,,No,Yes,No,No,SAMPLE_2025_11_VolumeSpend.xlsx,Synthetic,Payor View
2025,11,Nov,202511,Q4,2025-11-01,0009100013|VEN004,0009100013,Vendor Programs,No,VEN004,Vendor Programs - Fulfilment,Aurora,IL,60502,WW EXPRESS REG PKG,International Express,Intl Express,Premium,International,Yes,4,1426.29,460.53,965.76,37.3,,,No,Yes,No,No,SAMPLE_2025_11_VolumeSpend.xlsx,Synthetic,Payor View
2025,11,Nov,202511,Q4,2025-11-01,0009100013|VEN004,0009100013,Vendor Programs,No,VEN004,Vendor Programs - Fulfilment,Aurora,IL,60502,WW EXPRESS PM / SAVER PKG,International Express Saver,Intl Saver,Premium,International,Yes,3,847.69,311.75,535.94,24.5,,,No,Yes,No,No,SAMPLE_2025_11_VolumeSpend.xlsx,Synthetic,Payor View
2025,11,Nov,202511,Q4,2025-11-01,0009100013|VEN004,0009100013,Vendor Programs,No,VEN004,Vendor Programs - Fulfilment,Aurora,IL,60502,WW EXPEDITED / 2DA PKG,International Expedited,Intl Expedited,Expedited,International,Yes,1,257.86,85.51,172.35,7.2,,,No,Yes,No,No,SAMPLE_2025_11_VolumeSpend.xlsx,Synthetic,Payor View
2025,11,Nov,202511,Q4,2025-11-01,0009100013|VEN004,0009100013,Vendor Programs,No,VEN004,Vendor Programs - Fulfilment,Aurora,IL,60502,MISC / UNC,Excluded - Adjustments,Excluded,Non-Service,Not Applicable,No,0,666.65,666.65,0.0,0.0,,,Yes,No,Yes,No,SAMPLE_2025_11_VolumeSpend.xlsx,Synthetic,Payor View
2025,11,Nov,202511,Q4,2025-11-01,0009100014|FLD005,0009100014,Field Administration,No,FLD005,Field Administration - North,Madison,WI,53703,GROUND PKG,Ground,Ground,Deferred,Domestic,Yes,7108,303687.24,104549.6,199137.64,133666.3,,,No,Yes,No,No,SAMPLE_2025_11_VolumeSpend.xlsx,Synthetic,Payor View
2025,11,Nov,202511,Q4,2025-11-01,0009100014|FLD005,0009100014,Field Administration,No,FLD005,Field Administration - North,Madison,WI,53703,GROUND CWT,Ground,Ground,Deferred,Domestic,Yes,34,3757.69,1151.11,2606.58,1067.9,,,No,Yes,No,No,SAMPLE_2025_11_VolumeSpend.xlsx,Synthetic,Payor View
2025,11,Nov,202511,Q4,2025-11-01,0009100014|FLD005,0009100014,Field Administration,No,FLD005,Field Administration - North,Madison,WI,53703,STANDARD GROUND,Ground,Ground,Deferred,Domestic,Yes,153,4294.79,1570.98,2723.81,1539.2,,,No,Yes,No,No,SAMPLE_2025_11_VolumeSpend.xlsx,Synthetic,Payor View
2025,11,Nov,202511,Q4,2025-11-01,0009100014|FLD005,0009100014,Field Administration,No,FLD005,Field Administration - North,Madison,WI,53703,3DS PKG,3 Day Select,3DS,Deferred,Domestic,Yes,128,4508.97,1626.93,2882.04,420.8,,,No,Yes,No,No,SAMPLE_2025_11_VolumeSpend.xlsx,Synthetic,Payor View
2025,11,Nov,202511,Q4,2025-11-01,0009100014|FLD005,0009100014,Field Administration,No,FLD005,Field Administration - North,Madison,WI,53703,2DA REG / EXPEDITED PKG,2nd Day Air / Expedited,2DA,Expedited,Domestic,Yes,708,39174.18,14570.43,24603.75,2476.0,,,No,Yes,No,No,SAMPLE_2025_11_VolumeSpend.xlsx,Synthetic,Payor View
2025,11,Nov,202511,Q4,2025-11-01,0009100014|FLD005,0009100014,Field Administration,No,FLD005,Field Administration - North,Madison,WI,53703,2DA REG / EXPEDITED LTR,2nd Day Air / Expedited,2DA,Expedited,Domestic,Yes,252,3143.03,1081.94,2061.09,103.4,,,No,Yes,No,No,SAMPLE_2025_11_VolumeSpend.xlsx,Synthetic,Payor View
2025,11,Nov,202511,Q4,2025-11-01,0009100014|FLD005,0009100014,Field Administration,No,FLD005,Field Administration - North,Madison,WI,53703,2DA AM PKG,2nd Day Air Early A.M.,2DA AM,Expedited,Domestic,Yes,47,423.32,149.82,273.5,12.2,,,No,Yes,No,No,SAMPLE_2025_11_VolumeSpend.xlsx,Synthetic,Payor View
2025,11,Nov,202511,Q4,2025-11-01,0009100014|FLD005,0009100014,Field Administration,No,FLD005,Field Administration - North,Madison,WI,53703,NDA PM / EXPRESS SAVER PKG,Next Day Air Saver,NDA Saver,Premium,Domestic,Yes,289,14817.89,5445.88,9372.01,325.3,,,No,Yes,No,No,SAMPLE_2025_11_VolumeSpend.xlsx,Synthetic,Payor View
2025,11,Nov,202511,Q4,2025-11-01,0009100014|FLD005,0009100014,Field Administration,No,FLD005,Field Administration - North,Madison,WI,53703,NDA PM / EXPRESS SAVER LTR,Next Day Air Saver,NDA Saver,Premium,Domestic,Yes,100,2772.89,887.33,1885.56,42.3,,,No,Yes,No,No,SAMPLE_2025_11_VolumeSpend.xlsx,Synthetic,Payor View
2025,11,Nov,202511,Q4,2025-11-01,0009100014|FLD005,0009100014,Field Administration,No,FLD005,Field Administration - North,Madison,WI,53703,NDA REG / EXPRESS PKG,Next Day Air / Express,NDA,Premium,Domestic,Yes,482,40357.05,12599.8,27757.25,1445.4,,,No,Yes,No,No,SAMPLE_2025_11_VolumeSpend.xlsx,Synthetic,Payor View
2025,11,Nov,202511,Q4,2025-11-01,0009100014|FLD005,0009100014,Field Administration,No,FLD005,Field Administration - North,Madison,WI,53703,NDA REG / EXPRESS LTR,Next Day Air / Express,NDA,Premium,Domestic,Yes,990,19879.56,6850.5,13029.06,334.6,,,No,Yes,No,No,SAMPLE_2025_11_VolumeSpend.xlsx,Synthetic,Payor View
2025,11,Nov,202511,Q4,2025-11-01,0009100014|FLD005,0009100014,Field Administration,No,FLD005,Field Administration - North,Madison,WI,53703,NDA AM / EXPRESS PLUS PKG,Next Day Air Early,NDA Early,Premium,Domestic,Yes,6,1536.02,532.01,1004.01,12.8,,,No,Yes,No,No,SAMPLE_2025_11_VolumeSpend.xlsx,Synthetic,Payor View
2025,11,Nov,202511,Q4,2025-11-01,0009100014|FLD005,0009100014,Field Administration,No,FLD005,Field Administration - North,Madison,WI,53703,WW EXPRESS REG PKG,International Express,Intl Express,Premium,International,Yes,6,2490.4,818.67,1671.73,58.5,,,No,Yes,No,No,SAMPLE_2025_11_VolumeSpend.xlsx,Synthetic,Payor View
2025,11,Nov,202511,Q4,2025-11-01,0009100014|FLD005,0009100014,Field Administration,No,FLD005,Field Administration - North,Madison,WI,53703,WW EXPRESS PM / SAVER PKG,International Express Saver,Intl Saver,Premium,International,Yes,4,1112.95,350.94,762.01,26.9,,,No,Yes,No,No,SAMPLE_2025_11_VolumeSpend.xlsx,Synthetic,Payor View
2025,11,Nov,202511,Q4,2025-11-01,0009100014|FLD005,0009100014,Field Administration,No,FLD005,Field Administration - North,Madison,WI,53703,WW EXPEDITED / 2DA PKG,International Expedited,Intl Expedited,Expedited,International,Yes,2,488.92,151.66,337.26,12.2,,,No,Yes,No,No,SAMPLE_2025_11_VolumeSpend.xlsx,Synthetic,Payor View
2025,11,Nov,202511,Q4,2025-11-01,0009100014|FLD005,0009100014,Field Administration,No,FLD005,Field Administration - North,Madison,WI,53703,MISC / UNC,Excluded - Adjustments,Excluded,Non-Service,Not Applicable,No,0,1720.14,1720.14,0.0,0.0,,,Yes,No,Yes,No,SAMPLE_2025_11_VolumeSpend.xlsx,Synthetic,Payor View
2025,11,Nov,202511,Q4,2025-11-01,0009100015|HQX006,0009100015,Corporate HQ,No,HQX006,Corporate HQ - Facilities,Columbus,OH,43004,GROUND PKG,Ground,Ground,Deferred,Domestic,Yes,2309,86526.63,31360.88,55165.75,40539.1,,,No,Yes,No,No,SAMPLE_2025_11_VolumeSpend.xlsx,Synthetic,Payor View
2025,11,Nov,202511,Q4,2025-11-01,0009100015|HQX006,0009100015,Corporate HQ,No,HQX006,Corporate HQ - Facilities,Columbus,OH,43004,GROUND CWT,Ground,Ground,Deferred,Domestic,Yes,16,1190.13,433.93,756.2,404.8,,,No,Yes,No,No,SAMPLE_2025_11_VolumeSpend.xlsx,Synthetic,Payor View
2025,11,Nov,202511,Q4,2025-11-01,0009100015|HQX006,0009100015,Corporate HQ,No,HQX006,Corporate HQ - Facilities,Columbus,OH,43004,STANDARD GROUND,Ground,Ground,Deferred,Domestic,Yes,46,1581.84,497.51,1084.33,434.0,,,No,Yes,No,No,SAMPLE_2025_11_VolumeSpend.xlsx,Synthetic,Payor View
2025,11,Nov,202511,Q4,2025-11-01,0009100015|HQX006,0009100015,Corporate HQ,No,HQX006,Corporate HQ - Facilities,Columbus,OH,43004,3DS PKG,3 Day Select,3DS,Deferred,Domestic,Yes,39,1384.28,465.02,919.26,131.9,,,No,Yes,No,No,SAMPLE_2025_11_VolumeSpend.xlsx,Synthetic,Payor View
2025,11,Nov,202511,Q4,2025-11-01,0009100015|HQX006,0009100015,Corporate HQ,No,HQX006,Corporate HQ - Facilities,Columbus,OH,43004,2DA REG / EXPEDITED PKG,2nd Day Air / Expedited,2DA,Expedited,Domestic,Yes,280,13516.86,4725.87,8790.99,835.9,,,No,Yes,No,No,SAMPLE_2025_11_VolumeSpend.xlsx,Synthetic,Payor View
2025,11,Nov,202511,Q4,2025-11-01,0009100015|HQX006,0009100015,Corporate HQ,No,HQX006,Corporate HQ - Facilities,Columbus,OH,43004,2DA REG / EXPEDITED LTR,2nd Day Air / Expedited,2DA,Expedited,Domestic,Yes,64,1170.55,361.83,808.72,34.0,,,No,Yes,No,No,SAMPLE_2025_11_VolumeSpend.xlsx,Synthetic,Payor View
2025,11,Nov,202511,Q4,2025-11-01,0009100015|HQX006,0009100015,Corporate HQ,No,HQX006,Corporate HQ - Facilities,Columbus,OH,43004,2DA AM PKG,2nd Day Air Early A.M.,2DA AM,Expedited,Domestic,Yes,15,161.0,49.89,111.11,4.2,,,No,Yes,No,No,SAMPLE_2025_11_VolumeSpend.xlsx,Synthetic,Payor View
2025,11,Nov,202511,Q4,2025-11-01,0009100015|HQX006,0009100015,Corporate HQ,No,HQX006,Corporate HQ - Facilities,Columbus,OH,43004,NDA PM / EXPRESS SAVER PKG,Next Day Air Saver,NDA Saver,Premium,Domestic,Yes,96,4630.61,1721.54,2909.07,119.4,,,No,Yes,No,No,SAMPLE_2025_11_VolumeSpend.xlsx,Synthetic,Payor View
2025,11,Nov,202511,Q4,2025-11-01,0009100015|HQX006,0009100015,Corporate HQ,No,HQX006,Corporate HQ - Facilities,Columbus,OH,43004,NDA PM / EXPRESS SAVER LTR,Next Day Air Saver,NDA Saver,Premium,Domestic,Yes,23,650.66,212.9,437.76,9.4,,,No,Yes,No,No,SAMPLE_2025_11_VolumeSpend.xlsx,Synthetic,Payor View
2025,11,Nov,202511,Q4,2025-11-01,0009100015|HQX006,0009100015,Corporate HQ,No,HQX006,Corporate HQ - Facilities,Columbus,OH,43004,NDA REG / EXPRESS PKG,Next Day Air / Express,NDA,Premium,Domestic,Yes,199,15162.76,5602.7,9560.06,678.7,,,No,Yes,No,No,SAMPLE_2025_11_VolumeSpend.xlsx,Synthetic,Payor View
2025,11,Nov,202511,Q4,2025-11-01,0009100015|HQX006,0009100015,Corporate HQ,No,HQX006,Corporate HQ - Facilities,Columbus,OH,43004,NDA REG / EXPRESS LTR,Next Day Air / Express,NDA,Premium,Domestic,Yes,242,6021.02,2212.0,3809.02,98.1,,,No,Yes,No,No,SAMPLE_2025_11_VolumeSpend.xlsx,Synthetic,Payor View
2025,11,Nov,202511,Q4,2025-11-01,0009100015|HQX006,0009100015,Corporate HQ,No,HQX006,Corporate HQ - Facilities,Columbus,OH,43004,NDA AM / EXPRESS PLUS PKG,Next Day Air Early,NDA Early,Premium,Domestic,Yes,2,441.38,143.37,298.01,3.3,,,No,Yes,No,No,SAMPLE_2025_11_VolumeSpend.xlsx,Synthetic,Payor View
2025,11,Nov,202511,Q4,2025-11-01,0009100015|HQX006,0009100015,Corporate HQ,No,HQX006,Corporate HQ - Facilities,Columbus,OH,43004,WW EXPRESS REG PKG,International Express,Intl Express,Premium,International,Yes,2,777.49,287.71,489.78,20.0,,,No,Yes,No,No,SAMPLE_2025_11_VolumeSpend.xlsx,Synthetic,Payor View
2025,11,Nov,202511,Q4,2025-11-01,0009100015|HQX006,0009100015,Corporate HQ,No,HQX006,Corporate HQ - Facilities,Columbus,OH,43004,WW EXPRESS PM / SAVER PKG,International Express Saver,Intl Saver,Premium,International,Yes,1,277.91,89.73,188.18,7.1,,,No,Yes,No,No,SAMPLE_2025_11_VolumeSpend.xlsx,Synthetic,Payor View
2025,11,Nov,202511,Q4,2025-11-01,0009100015|HQX006,0009100015,Corporate HQ,No,HQX006,Corporate HQ - Facilities,Columbus,OH,43004,MISC / UNC,Excluded - Adjustments,Excluded,Non-Service,Not Applicable,No,0,343.06,343.06,0.0,0.0,,,Yes,No,Yes,No,SAMPLE_2025_11_VolumeSpend.xlsx,Synthetic,Payor View
2025,11,Nov,202511,Q4,2025-11-01,0009100016|RTL007,0009100016,Retail Partner Network,No,RTL007,Retail Partner Network - Stores,Phoenix,AZ,85004,GROUND PKG,Ground,Ground,Deferred,Domestic,Yes,11607,468951.01,151758.04,317192.97,169404.4,,,No,Yes,No,No,SAMPLE_2025_11_VolumeSpend.xlsx,Synthetic,Payor View
2025,11,Nov,202511,Q4,2025-11-01,0009100016|RTL007,0009100016,Retail Partner Network,No,RTL007,Retail Partner Network - Stores,Phoenix,AZ,85004,GROUND CWT,Ground,Ground,Deferred,Domestic,Yes,65,5725.47,2051.81,3673.66,1740.0,,,No,Yes,No,No,SAMPLE_2025_11_VolumeSpend.xlsx,Synthetic,Payor View
2025,11,Nov,202511,Q4,2025-11-01,0009100016|RTL007,0009100016,Retail Partner Network,No,RTL007,Retail Partner Network - Stores,Phoenix,AZ,85004,STANDARD GROUND,Ground,Ground,Deferred,Domestic,Yes,173,5687.18,1817.52,3869.66,1658.8,,,No,Yes,No,No,SAMPLE_2025_11_VolumeSpend.xlsx,Synthetic,Payor View
2025,11,Nov,202511,Q4,2025-11-01,0009100016|RTL007,0009100016,Retail Partner Network,No,RTL007,Retail Partner Network - Stores,Phoenix,AZ,85004,3DS PKG,3 Day Select,3DS,Deferred,Domestic,Yes,170,6247.91,2251.33,3996.58,656.8,,,No,Yes,No,No,SAMPLE_2025_11_VolumeSpend.xlsx,Synthetic,Payor View
2025,11,Nov,202511,Q4,2025-11-01,0009100016|RTL007,0009100016,Retail Partner Network,No,RTL007,Retail Partner Network - Stores,Phoenix,AZ,85004,2DA REG / EXPEDITED PKG,2nd Day Air / Expedited,2DA,Expedited,Domestic,Yes,978,64924.24,21623.21,43301.03,3512.1,,,No,Yes,No,No,SAMPLE_2025_11_VolumeSpend.xlsx,Synthetic,Payor View
2025,11,Nov,202511,Q4,2025-11-01,0009100016|RTL007,0009100016,Retail Partner Network,No,RTL007,Retail Partner Network - Stores,Phoenix,AZ,85004,2DA REG / EXPEDITED LTR,2nd Day Air / Expedited,2DA,Expedited,Domestic,Yes,374,4557.64,1617.11,2940.53,159.5,,,No,Yes,No,No,SAMPLE_2025_11_VolumeSpend.xlsx,Synthetic,Payor View
2025,11,Nov,202511,Q4,2025-11-01,0009100016|RTL007,0009100016,Retail Partner Network,No,RTL007,Retail Partner Network - Stores,Phoenix,AZ,85004,2DA AM PKG,2nd Day Air Early A.M.,2DA AM,Expedited,Domestic,Yes,55,609.39,223.89,385.5,17.7,,,No,Yes,No,No,SAMPLE_2025_11_VolumeSpend.xlsx,Synthetic,Payor View
2025,11,Nov,202511,Q4,2025-11-01,0009100016|RTL007,0009100016,Retail Partner Network,No,RTL007,Retail Partner Network - Stores,Phoenix,AZ,85004,NDA PM / EXPRESS SAVER PKG,Next Day Air Saver,NDA Saver,Premium,Domestic,Yes,520,25427.81,8233.4,17194.41,514.2,,,No,Yes,No,No,SAMPLE_2025_11_VolumeSpend.xlsx,Synthetic,Payor View
2025,11,Nov,202511,Q4,2025-11-01,0009100016|RTL007,0009100016,Retail Partner Network,No,RTL007,Retail Partner Network - Stores,Phoenix,AZ,85004,NDA PM / EXPRESS SAVER LTR,Next Day Air Saver,NDA Saver,Premium,Domestic,Yes,112,2579.0,926.45,1652.55,38.3,,,No,Yes,No,No,SAMPLE_2025_11_VolumeSpend.xlsx,Synthetic,Payor View
2025,11,Nov,202511,Q4,2025-11-01,0009100016|RTL007,0009100016,Retail Partner Network,No,RTL007,Retail Partner Network - Stores,Phoenix,AZ,85004,NDA REG / EXPRESS PKG,Next Day Air / Express,NDA,Premium,Domestic,Yes,787,58126.06,18383.35,39742.71,2073.7,,,No,Yes,No,No,SAMPLE_2025_11_VolumeSpend.xlsx,Synthetic,Payor View
2025,11,Nov,202511,Q4,2025-11-01,0009100016|RTL007,0009100016,Retail Partner Network,No,RTL007,Retail Partner Network - Stores,Phoenix,AZ,85004,NDA REG / EXPRESS LTR,Next Day Air / Express,NDA,Premium,Domestic,Yes,1029,33122.91,10372.38,22750.53,469.5,,,No,Yes,No,No,SAMPLE_2025_11_VolumeSpend.xlsx,Synthetic,Payor View
2025,11,Nov,202511,Q4,2025-11-01,0009100016|RTL007,0009100016,Retail Partner Network,No,RTL007,Retail Partner Network - Stores,Phoenix,AZ,85004,NDA AM / EXPRESS PLUS PKG,Next Day Air Early,NDA Early,Premium,Domestic,Yes,8,2524.04,814.27,1709.77,17.4,,,No,Yes,No,No,SAMPLE_2025_11_VolumeSpend.xlsx,Synthetic,Payor View
2025,11,Nov,202511,Q4,2025-11-01,0009100016|RTL007,0009100016,Retail Partner Network,No,RTL007,Retail Partner Network - Stores,Phoenix,AZ,85004,WW EXPRESS REG PKG,International Express,Intl Express,Premium,International,Yes,12,4031.63,1427.59,2604.04,115.4,,,No,Yes,No,No,SAMPLE_2025_11_VolumeSpend.xlsx,Synthetic,Payor View
2025,11,Nov,202511,Q4,2025-11-01,0009100016|RTL007,0009100016,Retail Partner Network,No,RTL007,Retail Partner Network - Stores,Phoenix,AZ,85004,WW EXPRESS PM / SAVER PKG,International Express Saver,Intl Saver,Premium,International,Yes,6,1988.4,666.31,1322.09,46.7,,,No,Yes,No,No,SAMPLE_2025_11_VolumeSpend.xlsx,Synthetic,Payor View
2025,11,Nov,202511,Q4,2025-11-01,0009100016|RTL007,0009100016,Retail Partner Network,No,RTL007,Retail Partner Network - Stores,Phoenix,AZ,85004,WW EXPEDITED / 2DA PKG,International Expedited,Intl Expedited,Expedited,International,Yes,3,665.86,230.85,435.01,20.3,,,No,Yes,No,No,SAMPLE_2025_11_VolumeSpend.xlsx,Synthetic,Payor View
2025,11,Nov,202511,Q4,2025-11-01,0009100016|RTL007,0009100016,Retail Partner Network,No,RTL007,Retail Partner Network - Stores,Phoenix,AZ,85004,MISC / UNC,Excluded - Adjustments,Excluded,Non-Service,Not Applicable,No,0,1916.17,1916.17,0.0,0.0,,,Yes,No,Yes,No,SAMPLE_2025_11_VolumeSpend.xlsx,Synthetic,Payor View
2025,11,Nov,202511,Q4,2025-11-01,0009100017|CSH008,0009100017,Cash Operations,No,CSH008,Cash Operations - Processing,Newark,NJ,07102,GROUND PKG,Ground,Ground,Deferred,Domestic,Yes,3704,162822.91,49909.33,112913.58,62033.6,,,No,Yes,No,No,SAMPLE_2025_11_VolumeSpend.xlsx,Synthetic,Payor View
2025,11,Nov,202511,Q4,2025-11-01,0009100017|CSH008,0009100017,Cash Operations,No,CSH008,Cash Operations - Processing,Newark,NJ,07102,GROUND CWT,Ground,Ground,Deferred,Domestic,Yes,19,2378.06,762.35,1615.71,630.4,,,No,Yes,No,No,SAMPLE_2025_11_VolumeSpend.xlsx,Synthetic,Payor View
2025,11,Nov,202511,Q4,2025-11-01,0009100017|CSH008,0009100017,Cash Operations,No,CSH008,Cash Operations - Processing,Newark,NJ,07102,STANDARD GROUND,Ground,Ground,Deferred,Domestic,Yes,60,1577.3,493.92,1083.38,521.2,,,No,Yes,No,No,SAMPLE_2025_11_VolumeSpend.xlsx,Synthetic,Payor View
2025,11,Nov,202511,Q4,2025-11-01,0009100017|CSH008,0009100017,Cash Operations,No,CSH008,Cash Operations - Processing,Newark,NJ,07102,3DS PKG,3 Day Select,3DS,Deferred,Domestic,Yes,66,2837.99,998.09,1839.9,282.2,,,No,Yes,No,No,SAMPLE_2025_11_VolumeSpend.xlsx,Synthetic,Payor View
2025,11,Nov,202511,Q4,2025-11-01,0009100017|CSH008,0009100017,Cash Operations,No,CSH008,Cash Operations - Processing,Newark,NJ,07102,2DA REG / EXPEDITED PKG,2nd Day Air / Expedited,2DA,Expedited,Domestic,Yes,424,22157.15,7194.78,14962.37,1268.6,,,No,Yes,No,No,SAMPLE_2025_11_VolumeSpend.xlsx,Synthetic,Payor View
2025,11,Nov,202511,Q4,2025-11-01,0009100017|CSH008,0009100017,Cash Operations,No,CSH008,Cash Operations - Processing,Newark,NJ,07102,2DA REG / EXPEDITED LTR,2nd Day Air / Expedited,2DA,Expedited,Domestic,Yes,136,1799.54,631.57,1167.97,58.0,,,No,Yes,No,No,SAMPLE_2025_11_VolumeSpend.xlsx,Synthetic,Payor View
2025,11,Nov,202511,Q4,2025-11-01,0009100017|CSH008,0009100017,Cash Operations,No,CSH008,Cash Operations - Processing,Newark,NJ,07102,2DA AM PKG,2nd Day Air Early A.M.,2DA AM,Expedited,Domestic,Yes,18,155.52,56.22,99.3,5.0,,,No,Yes,No,No,SAMPLE_2025_11_VolumeSpend.xlsx,Synthetic,Payor View
2025,11,Nov,202511,Q4,2025-11-01,0009100017|CSH008,0009100017,Cash Operations,No,CSH008,Cash Operations - Processing,Newark,NJ,07102,NDA PM / EXPRESS SAVER PKG,Next Day Air Saver,NDA Saver,Premium,Domestic,Yes,163,7919.32,2757.02,5162.3,180.4,,,No,Yes,No,No,SAMPLE_2025_11_VolumeSpend.xlsx,Synthetic,Payor View
2025,11,Nov,202511,Q4,2025-11-01,0009100017|CSH008,0009100017,Cash Operations,No,CSH008,Cash Operations - Processing,Newark,NJ,07102,NDA PM / EXPRESS SAVER LTR,Next Day Air Saver,NDA Saver,Premium,Domestic,Yes,40,1041.65,364.04,677.61,15.9,,,No,Yes,No,No,SAMPLE_2025_11_VolumeSpend.xlsx,Synthetic,Payor View
2025,11,Nov,202511,Q4,2025-11-01,0009100017|CSH008,0009100017,Cash Operations,No,CSH008,Cash Operations - Processing,Newark,NJ,07102,NDA REG / EXPRESS PKG,Next Day Air / Express,NDA,Premium,Domestic,Yes,300,17265.27,6312.31,10952.96,744.5,,,No,Yes,No,No,SAMPLE_2025_11_VolumeSpend.xlsx,Synthetic,Payor View
2025,11,Nov,202511,Q4,2025-11-01,0009100017|CSH008,0009100017,Cash Operations,No,CSH008,Cash Operations - Processing,Newark,NJ,07102,NDA REG / EXPRESS LTR,Next Day Air / Express,NDA,Premium,Domestic,Yes,386,9636.07,3127.04,6509.03,165.0,,,No,Yes,No,No,SAMPLE_2025_11_VolumeSpend.xlsx,Synthetic,Payor View
2025,11,Nov,202511,Q4,2025-11-01,0009100017|CSH008,0009100017,Cash Operations,No,CSH008,Cash Operations - Processing,Newark,NJ,07102,NDA AM / EXPRESS PLUS PKG,Next Day Air Early,NDA Early,Premium,Domestic,Yes,3,830.86,270.19,560.67,6.1,,,No,Yes,No,No,SAMPLE_2025_11_VolumeSpend.xlsx,Synthetic,Payor View
2025,11,Nov,202511,Q4,2025-11-01,0009100017|CSH008,0009100017,Cash Operations,No,CSH008,Cash Operations - Processing,Newark,NJ,07102,WW EXPRESS REG PKG,International Express,Intl Express,Premium,International,Yes,4,1674.75,561.15,1113.6,36.6,,,No,Yes,No,No,SAMPLE_2025_11_VolumeSpend.xlsx,Synthetic,Payor View
2025,11,Nov,202511,Q4,2025-11-01,0009100017|CSH008,0009100017,Cash Operations,No,CSH008,Cash Operations - Processing,Newark,NJ,07102,WW EXPRESS PM / SAVER PKG,International Express Saver,Intl Saver,Premium,International,Yes,2,599.07,215.21,383.86,15.3,,,No,Yes,No,No,SAMPLE_2025_11_VolumeSpend.xlsx,Synthetic,Payor View
2025,11,Nov,202511,Q4,2025-11-01,0009100017|CSH008,0009100017,Cash Operations,No,CSH008,Cash Operations - Processing,Newark,NJ,07102,WW EXPEDITED / 2DA PKG,International Expedited,Intl Expedited,Expedited,International,Yes,1,296.9,91.27,205.63,8.2,,,No,Yes,No,No,SAMPLE_2025_11_VolumeSpend.xlsx,Synthetic,Payor View
2025,11,Nov,202511,Q4,2025-11-01,0009100017|CSH008,0009100017,Cash Operations,No,CSH008,Cash Operations - Processing,Newark,NJ,07102,MISC / UNC,Excluded - Adjustments,Excluded,Non-Service,Not Applicable,No,0,764.47,764.47,0.0,0.0,,,Yes,No,Yes,No,SAMPLE_2025_11_VolumeSpend.xlsx,Synthetic,Payor View
2025,11,Nov,202511,Q4,2025-11-01,@@|TCO009,@@,Unassigned Sub-Parent,Yes,TCO009,Transfer Co Operations,Whippany,NJ,07981,GROUND PKG,Ground,Ground,Deferred,Domestic,Yes,572,27428.7,9085.56,18343.14,11033.0,,,No,Yes,No,No,SAMPLE_2025_11_VolumeSpend.xlsx,Synthetic,Payor View
2025,11,Nov,202511,Q4,2025-11-01,@@|TCO009,@@,Unassigned Sub-Parent,Yes,TCO009,Transfer Co Operations,Whippany,NJ,07981,GROUND CWT,Ground,Ground,Deferred,Domestic,Yes,3,242.11,86.33,155.78,76.5,,,No,Yes,No,No,SAMPLE_2025_11_VolumeSpend.xlsx,Synthetic,Payor View
2025,11,Nov,202511,Q4,2025-11-01,@@|TCO009,@@,Unassigned Sub-Parent,Yes,TCO009,Transfer Co Operations,Whippany,NJ,07981,STANDARD GROUND,Ground,Ground,Deferred,Domestic,Yes,12,410.72,139.92,270.8,125.2,,,No,Yes,No,No,SAMPLE_2025_11_VolumeSpend.xlsx,Synthetic,Payor View
2025,11,Nov,202511,Q4,2025-11-01,@@|TCO009,@@,Unassigned Sub-Parent,Yes,TCO009,Transfer Co Operations,Whippany,NJ,07981,3DS PKG,3 Day Select,3DS,Deferred,Domestic,Yes,8,375.73,115.81,259.92,28.6,,,No,Yes,No,No,SAMPLE_2025_11_VolumeSpend.xlsx,Synthetic,Payor View
2025,11,Nov,202511,Q4,2025-11-01,@@|TCO009,@@,Unassigned Sub-Parent,Yes,TCO009,Transfer Co Operations,Whippany,NJ,07981,2DA REG / EXPEDITED PKG,2nd Day Air / Expedited,2DA,Expedited,Domestic,Yes,71,3193.4,1102.5,2090.9,189.3,,,No,Yes,No,No,SAMPLE_2025_11_VolumeSpend.xlsx,Synthetic,Payor View
2025,11,Nov,202511,Q4,2025-11-01,@@|TCO009,@@,Unassigned Sub-Parent,Yes,TCO009,Transfer Co Operations,Whippany,NJ,07981,2DA REG / EXPEDITED LTR,2nd Day Air / Expedited,2DA,Expedited,Domestic,Yes,19,273.85,89.41,184.44,8.4,,,No,Yes,No,No,SAMPLE_2025_11_VolumeSpend.xlsx,Synthetic,Payor View
2025,11,Nov,202511,Q4,2025-11-01,@@|TCO009,@@,Unassigned Sub-Parent,Yes,TCO009,Transfer Co Operations,Whippany,NJ,07981,2DA AM PKG,2nd Day Air Early A.M.,2DA AM,Expedited,Domestic,Yes,3,27.98,10.24,17.74,0.8,,,No,Yes,No,No,SAMPLE_2025_11_VolumeSpend.xlsx,Synthetic,Payor View
2025,11,Nov,202511,Q4,2025-11-01,@@|TCO009,@@,Unassigned Sub-Parent,Yes,TCO009,Transfer Co Operations,Whippany,NJ,07981,NDA PM / EXPRESS SAVER PKG,Next Day Air Saver,NDA Saver,Premium,Domestic,Yes,23,1151.65,381.82,769.83,26.1,,,No,Yes,No,No,SAMPLE_2025_11_VolumeSpend.xlsx,Synthetic,Payor View
2025,11,Nov,202511,Q4,2025-11-01,@@|TCO009,@@,Unassigned Sub-Parent,Yes,TCO009,Transfer Co Operations,Whippany,NJ,07981,NDA PM / EXPRESS SAVER LTR,Next Day Air Saver,NDA Saver,Premium,Domestic,Yes,7,222.07,75.38,146.69,3.2,,,No,Yes,No,No,SAMPLE_2025_11_VolumeSpend.xlsx,Synthetic,Payor View
2025,11,Nov,202511,Q4,2025-11-01,@@|TCO009,@@,Unassigned Sub-Parent,Yes,TCO009,Transfer Co Operations,Whippany,NJ,07981,NDA REG / EXPRESS PKG,Next Day Air / Express,NDA,Premium,Domestic,Yes,50,3208.22,1195.19,2013.03,126.9,,,No,Yes,No,No,SAMPLE_2025_11_VolumeSpend.xlsx,Synthetic,Payor View
2025,11,Nov,202511,Q4,2025-11-01,@@|TCO009,@@,Unassigned Sub-Parent,Yes,TCO009,Transfer Co Operations,Whippany,NJ,07981,NDA REG / EXPRESS LTR,Next Day Air / Express,NDA,Premium,Domestic,Yes,76,2566.05,819.75,1746.3,35.3,,,No,Yes,No,No,SAMPLE_2025_11_VolumeSpend.xlsx,Synthetic,Payor View
2025,11,Nov,202511,Q4,2025-11-01,@@|TCO009,@@,Unassigned Sub-Parent,Yes,TCO009,Transfer Co Operations,Whippany,NJ,07981,MISC / UNC,Excluded - Adjustments,Excluded,Non-Service,Not Applicable,No,0,152.41,152.41,0.0,0.0,,,Yes,No,Yes,No,SAMPLE_2025_11_VolumeSpend.xlsx,Synthetic,Payor View
2025,12,Dec,202512,Q4,2025-12-01,0009100011|TCH001,0009100011,Technology Operations,No,TCH001,Technology Operations - Central,Columbus,OH,43004,GROUND PKG,Ground,Ground,Deferred,Domestic,Yes,16947,705601.81,222058.11,483543.7,246647.6,,,No,Yes,No,No,SAMPLE_2025_12_VolumeSpend.xlsx,Synthetic,Payor View
2025,12,Dec,202512,Q4,2025-12-01,0009100011|TCH001,0009100011,Technology Operations,No,TCH001,Technology Operations - Central,Columbus,OH,43004,GROUND CWT,Ground,Ground,Deferred,Domestic,Yes,79,6345.19,2140.56,4204.63,2016.1,,,No,Yes,No,No,SAMPLE_2025_12_VolumeSpend.xlsx,Synthetic,Payor View
2025,12,Dec,202512,Q4,2025-12-01,0009100011|TCH001,0009100011,Technology Operations,No,TCH001,Technology Operations - Central,Columbus,OH,43004,STANDARD GROUND,Ground,Ground,Deferred,Domestic,Yes,241,6914.95,2294.46,4620.49,2013.1,,,No,Yes,No,No,SAMPLE_2025_12_VolumeSpend.xlsx,Synthetic,Payor View
2025,12,Dec,202512,Q4,2025-12-01,0009100011|TCH001,0009100011,Technology Operations,No,TCH001,Technology Operations - Central,Columbus,OH,43004,3DS PKG,3 Day Select,3DS,Deferred,Domestic,Yes,213,9437.18,3047.39,6389.79,904.3,,,No,Yes,No,No,SAMPLE_2025_12_VolumeSpend.xlsx,Synthetic,Payor View
2025,12,Dec,202512,Q4,2025-12-01,0009100011|TCH001,0009100011,Technology Operations,No,TCH001,Technology Operations - Central,Columbus,OH,43004,2DA REG / EXPEDITED PKG,2nd Day Air / Expedited,2DA,Expedited,Domestic,Yes,1574,94566.52,30828.01,63738.51,4537.1,,,No,Yes,No,No,SAMPLE_2025_12_VolumeSpend.xlsx,Synthetic,Payor View
2025,12,Dec,202512,Q4,2025-12-01,0009100011|TCH001,0009100011,Technology Operations,No,TCH001,Technology Operations - Central,Columbus,OH,43004,2DA REG / EXPEDITED LTR,2nd Day Air / Expedited,2DA,Expedited,Domestic,Yes,352,4316.21,1584.08,2732.13,155.1,,,No,Yes,No,No,SAMPLE_2025_12_VolumeSpend.xlsx,Synthetic,Payor View
2025,12,Dec,202512,Q4,2025-12-01,0009100011|TCH001,0009100011,Technology Operations,No,TCH001,Technology Operations - Central,Columbus,OH,43004,2DA AM PKG,2nd Day Air Early A.M.,2DA AM,Expedited,Domestic,Yes,99,1103.43,390.47,712.96,29.9,,,No,Yes,No,No,SAMPLE_2025_12_VolumeSpend.xlsx,Synthetic,Payor View
2025,12,Dec,202512,Q4,2025-12-01,0009100011|TCH001,0009100011,Technology Operations,No,TCH001,Technology Operations - Central,Columbus,OH,43004,NDA PM / EXPRESS SAVER PKG,Next Day Air Saver,NDA Saver,Premium,Domestic,Yes,674,26267.99,8750.61,17517.38,660.6,,,No,Yes,No,No,SAMPLE_2025_12_VolumeSpend.xlsx,Synthetic,Payor View
2025,12,Dec,202512,Q4,2025-12-01,0009100011|TCH001,0009100011,Technology Operations,No,TCH001,Technology Operations - Central,Columbus,OH,43004,NDA PM / EXPRESS SAVER LTR,Next Day Air Saver,NDA Saver,Premium,Domestic,Yes,152,4690.31,1498.08,3192.23,60.8,,,No,Yes,No,No,SAMPLE_2025_12_VolumeSpend.xlsx,Synthetic,Payor View
2025,12,Dec,202512,Q4,2025-12-01,0009100011|TCH001,0009100011,Technology Operations,No,TCH001,Technology Operations - Central,Columbus,OH,43004,NDA REG / EXPRESS PKG,Next Day Air / Express,NDA,Premium,Domestic,Yes,1501,121637.5,38331.09,83306.41,4269.3,,,No,Yes,No,No,SAMPLE_2025_12_VolumeSpend.xlsx,Synthetic,Payor View
2025,12,Dec,202512,Q4,2025-12-01,0009100011|TCH001,0009100011,Technology Operations,No,TCH001,Technology Operations - Central,Columbus,OH,43004,NDA REG / EXPRESS LTR,Next Day Air / Express,NDA,Premium,Domestic,Yes,1780,37973.86,11946.69,26027.17,615.5,,,No,Yes,No,No,SAMPLE_2025_12_VolumeSpend.xlsx,Synthetic,Payor View
2025,12,Dec,202512,Q4,2025-12-01,0009100011|TCH001,0009100011,Technology Operations,No,TCH001,Technology Operations - Central,Columbus,OH,43004,NDA AM / EXPRESS PLUS PKG,Next Day Air Early,NDA Early,Premium,Domestic,Yes,11,3175.02,1086.88,2088.14,25.0,,,No,Yes,No,No,SAMPLE_2025_12_VolumeSpend.xlsx,Synthetic,Payor View
2025,12,Dec,202512,Q4,2025-12-01,0009100011|TCH001,0009100011,Technology Operations,No,TCH001,Technology Operations - Central,Columbus,OH,43004,WW EXPRESS REG PKG,International Express,Intl Express,Premium,International,Yes,18,5969.95,1870.46,4099.49,133.1,,,No,Yes,No,No,SAMPLE_2025_12_VolumeSpend.xlsx,Synthetic,Payor View
2025,12,Dec,202512,Q4,2025-12-01,0009100011|TCH001,0009100011,Technology Operations,No,TCH001,Technology Operations - Central,Columbus,OH,43004,WW EXPRESS PM / SAVER PKG,International Express Saver,Intl Saver,Premium,International,Yes,9,2902.32,892.19,2010.13,73.2,,,No,Yes,No,No,SAMPLE_2025_12_VolumeSpend.xlsx,Synthetic,Payor View
2025,12,Dec,202512,Q4,2025-12-01,0009100011|TCH001,0009100011,Technology Operations,No,TCH001,Technology Operations - Central,Columbus,OH,43004,WW EXPEDITED / 2DA PKG,International Expedited,Intl Expedited,Expedited,International,Yes,4,1171.75,394.03,777.72,29.5,,,No,Yes,No,No,SAMPLE_2025_12_VolumeSpend.xlsx,Synthetic,Payor View
2025,12,Dec,202512,Q4,2025-12-01,0009100011|TCH001,0009100011,Technology Operations,No,TCH001,Technology Operations - Central,Columbus,OH,43004,MISC / UNC,Excluded - Adjustments,Excluded,Non-Service,Not Applicable,No,0,5382.05,5382.05,0.0,0.0,,,Yes,No,Yes,No,SAMPLE_2025_12_VolumeSpend.xlsx,Synthetic,Payor View
2025,12,Dec,202512,Q4,2025-12-01,0009100012|MAI002,0009100012,Mail Services,No,MAI002,Mail Services - Regional,Kansas City,MO,64108,GROUND PKG,Ground,Ground,Deferred,Domestic,Yes,3240,154038.84,52603.22,101435.62,62927.4,,,No,Yes,No,No,SAMPLE_2025_12_VolumeSpend.xlsx,Synthetic,Payor View
2025,12,Dec,202512,Q4,2025-12-01,0009100012|MAI002,0009100012,Mail Services,No,MAI002,Mail Services - Regional,Kansas City,MO,64108,GROUND CWT,Ground,Ground,Deferred,Domestic,Yes,13,1395.07,494.77,900.3,395.5,,,No,Yes,No,No,SAMPLE_2025_12_VolumeSpend.xlsx,Synthetic,Payor View
2025,12,Dec,202512,Q4,2025-12-01,0009100012|MAI002,0009100012,Mail Services,No,MAI002,Mail Services - Regional,Kansas City,MO,64108,STANDARD GROUND,Ground,Ground,Deferred,Domestic,Yes,51,1294.91,405.57,889.34,425.5,,,No,Yes,No,No,SAMPLE_2025_12_VolumeSpend.xlsx,Synthetic,Payor View
2025,12,Dec,202512,Q4,2025-12-01,0009100012|MAI002,0009100012,Mail Services,No,MAI002,Mail Services - Regional,Kansas City,MO,64108,3DS PKG,3 Day Select,3DS,Deferred,Domestic,Yes,35,1426.36,528.79,897.57,152.7,,,No,Yes,No,No,SAMPLE_2025_12_VolumeSpend.xlsx,Synthetic,Payor View
2025,12,Dec,202512,Q4,2025-12-01,0009100012|MAI002,0009100012,Mail Services,No,MAI002,Mail Services - Regional,Kansas City,MO,64108,2DA REG / EXPEDITED PKG,2nd Day Air / Expedited,2DA,Expedited,Domestic,Yes,271,15701.26,5629.96,10071.3,889.7,,,No,Yes,No,No,SAMPLE_2025_12_VolumeSpend.xlsx,Synthetic,Payor View
2025,12,Dec,202512,Q4,2025-12-01,0009100012|MAI002,0009100012,Mail Services,No,MAI002,Mail Services - Regional,Kansas City,MO,64108,2DA REG / EXPEDITED LTR,2nd Day Air / Expedited,2DA,Expedited,Domestic,Yes,90,1199.09,371.26,827.83,39.0,,,No,Yes,No,No,SAMPLE_2025_12_VolumeSpend.xlsx,Synthetic,Payor View
2025,12,Dec,202512,Q4,2025-12-01,0009100012|MAI002,0009100012,Mail Services,No,MAI002,Mail Services - Regional,Kansas City,MO,64108,2DA AM PKG,2nd Day Air Early A.M.,2DA AM,Expedited,Domestic,Yes,15,176.0,55.88,120.12,4.8,,,No,Yes,No,No,SAMPLE_2025_12_VolumeSpend.xlsx,Synthetic,Payor View
2025,12,Dec,202512,Q4,2025-12-01,0009100012|MAI002,0009100012,Mail Services,No,MAI002,Mail Services - Regional,Kansas City,MO,64108,NDA PM / EXPRESS SAVER PKG,Next Day Air Saver,NDA Saver,Premium,Domestic,Yes,91,5007.27,1615.37,3391.9,105.7,,,No,Yes,No,No,SAMPLE_2025_12_VolumeSpend.xlsx,Synthetic,Payor View
2025,12,Dec,202512,Q4,2025-12-01,0009100012|MAI002,0009100012,Mail Services,No,MAI002,Mail Services - Regional,Kansas City,MO,64108,NDA PM / EXPRESS SAVER LTR,Next Day Air Saver,NDA Saver,Premium,Domestic,Yes,35,1004.28,321.6,682.68,15.3,,,No,Yes,No,No,SAMPLE_2025_12_VolumeSpend.xlsx,Synthetic,Payor View
2025,12,Dec,202512,Q4,2025-12-01,0009100012|MAI002,0009100012,Mail Services,No,MAI002,Mail Services - Regional,Kansas City,MO,64108,NDA REG / EXPRESS PKG,Next Day Air / Express,NDA,Premium,Domestic,Yes,179,13197.75,4817.27,8380.48,527.0,,,No,Yes,No,No,SAMPLE_2025_12_VolumeSpend.xlsx,Synthetic,Payor View
2025,12,Dec,202512,Q4,2025-12-01,0009100012|MAI002,0009100012,Mail Services,No,MAI002,Mail Services - Regional,Kansas City,MO,64108,NDA REG / EXPRESS LTR,Next Day Air / Express,NDA,Premium,Domestic,Yes,275,7261.42,2494.25,4767.17,114.7,,,No,Yes,No,No,SAMPLE_2025_12_VolumeSpend.xlsx,Synthetic,Payor View
2025,12,Dec,202512,Q4,2025-12-01,0009100012|MAI002,0009100012,Mail Services,No,MAI002,Mail Services - Regional,Kansas City,MO,64108,NDA AM / EXPRESS PLUS PKG,Next Day Air Early,NDA Early,Premium,Domestic,Yes,1,276.31,88.49,187.82,2.3,,,No,Yes,No,No,SAMPLE_2025_12_VolumeSpend.xlsx,Synthetic,Payor View
2025,12,Dec,202512,Q4,2025-12-01,0009100012|MAI002,0009100012,Mail Services,No,MAI002,Mail Services - Regional,Kansas City,MO,64108,WW EXPRESS REG PKG,International Express,Intl Express,Premium,International,Yes,2,720.71,248.67,472.04,16.7,,,No,Yes,No,No,SAMPLE_2025_12_VolumeSpend.xlsx,Synthetic,Payor View
2025,12,Dec,202512,Q4,2025-12-01,0009100012|MAI002,0009100012,Mail Services,No,MAI002,Mail Services - Regional,Kansas City,MO,64108,WW EXPRESS PM / SAVER PKG,International Express Saver,Intl Saver,Premium,International,Yes,1,371.0,122.12,248.88,8.9,,,No,Yes,No,No,SAMPLE_2025_12_VolumeSpend.xlsx,Synthetic,Payor View
2025,12,Dec,202512,Q4,2025-12-01,0009100012|MAI002,0009100012,Mail Services,No,MAI002,Mail Services - Regional,Kansas City,MO,64108,MISC / UNC,Excluded - Adjustments,Excluded,Non-Service,Not Applicable,No,0,365.76,365.76,0.0,0.0,,,Yes,No,Yes,No,SAMPLE_2025_12_VolumeSpend.xlsx,Synthetic,Payor View
2025,12,Dec,202512,Q4,2025-12-01,0009100013|VEN003,0009100013,Vendor Programs,No,VEN003,Vendor Programs - Print,Aurora,IL,60502,GROUND PKG,Ground,Ground,Deferred,Domestic,Yes,3862,195134.16,68163.96,126970.2,77293.1,,,No,Yes,No,No,SAMPLE_2025_12_VolumeSpend.xlsx,Synthetic,Payor View
2025,12,Dec,202512,Q4,2025-12-01,0009100013|VEN003,0009100013,Vendor Programs,No,VEN003,Vendor Programs - Print,Aurora,IL,60502,GROUND CWT,Ground,Ground,Deferred,Domestic,Yes,25,2938.17,998.61,1939.56,839.3,,,No,Yes,No,No,SAMPLE_2025_12_VolumeSpend.xlsx,Synthetic,Payor View
2025,12,Dec,202512,Q4,2025-12-01,0009100013|VEN003,0009100013,Vendor Programs,No,VEN003,Vendor Programs - Print,Aurora,IL,60502,STANDARD GROUND,Ground,Ground,Deferred,Domestic,Yes,74,1796.8,651.61,1145.19,695.7,,,No,Yes,No,No,SAMPLE_2025_12_VolumeSpend.xlsx,Synthetic,Payor View
2025,12,Dec,202512,Q4,2025-12-01,0009100013|VEN003,0009100013,Vendor Programs,No,VEN003,Vendor Programs - Print,Aurora,IL,60502,3DS PKG,3 Day Select,3DS,Deferred,Domestic,Yes,61,2872.5,894.43,1978.07,237.8,,,No,Yes,No,No,SAMPLE_2025_12_VolumeSpend.xlsx,Synthetic,Payor View
2025,12,Dec,202512,Q4,2025-12-01,0009100013|VEN003,0009100013,Vendor Programs,No,VEN003,Vendor Programs - Print,Aurora,IL,60502,2DA REG / EXPEDITED PKG,2nd Day Air / Expedited,2DA,Expedited,Domestic,Yes,411,27628.1,8802.38,18825.72,1324.8,,,No,Yes,No,No,SAMPLE_2025_12_VolumeSpend.xlsx,Synthetic,Payor View
2025,12,Dec,202512,Q4,2025-12-01,0009100013|VEN003,0009100013,Vendor Programs,No,VEN003,Vendor Programs - Print,Aurora,IL,60502,2DA REG / EXPEDITED LTR,2nd Day Air / Expedited,2DA,Expedited,Domestic,Yes,92,1040.03,379.28,660.75,38.8,,,No,Yes,No,No,SAMPLE_2025_12_VolumeSpend.xlsx,Synthetic,Payor View
2025,12,Dec,202512,Q4,2025-12-01,0009100013|VEN003,0009100013,Vendor Programs,No,VEN003,Vendor Programs - Print,Aurora,IL,60502,2DA AM PKG,2nd Day Air Early A.M.,2DA AM,Expedited,Domestic,Yes,28,257.62,83.79,173.83,7.0,,,No,Yes,No,No,SAMPLE_2025_12_VolumeSpend.xlsx,Synthetic,Payor View
2025,12,Dec,202512,Q4,2025-12-01,0009100013|VEN003,0009100013,Vendor Programs,No,VEN003,Vendor Programs - Print,Aurora,IL,60502,NDA PM / EXPRESS SAVER PKG,Next Day Air Saver,NDA Saver,Premium,Domestic,Yes,138,7471.35,2575.45,4895.9,156.2,,,No,Yes,No,No,SAMPLE_2025_12_VolumeSpend.xlsx,Synthetic,Payor View
2025,12,Dec,202512,Q4,2025-12-01,0009100013|VEN003,0009100013,Vendor Programs,No,VEN003,Vendor Programs - Print,Aurora,IL,60502,NDA PM / EXPRESS SAVER LTR,Next Day Air Saver,NDA Saver,Premium,Domestic,Yes,42,1022.15,378.35,643.8,17.5,,,No,Yes,No,No,SAMPLE_2025_12_VolumeSpend.xlsx,Synthetic,Payor View
2025,12,Dec,202512,Q4,2025-12-01,0009100013|VEN003,0009100013,Vendor Programs,No,VEN003,Vendor Programs - Print,Aurora,IL,60502,NDA REG / EXPRESS PKG,Next Day Air / Express,NDA,Premium,Domestic,Yes,380,34265.89,12729.12,21536.77,1321.2,,,No,Yes,No,No,SAMPLE_2025_12_VolumeSpend.xlsx,Synthetic,Payor View
2025,12,Dec,202512,Q4,2025-12-01,0009100013|VEN003,0009100013,Vendor Programs,No,VEN003,Vendor Programs - Print,Aurora,IL,60502,NDA REG / EXPRESS LTR,Next Day Air / Express,NDA,Premium,Domestic,Yes,455,11833.92,3730.47,8103.45,159.9,,,No,Yes,No,No,SAMPLE_2025_12_VolumeSpend.xlsx,Synthetic,Payor View
2025,12,Dec,202512,Q4,2025-12-01,0009100013|VEN003,0009100013,Vendor Programs,No,VEN003,Vendor Programs - Print,Aurora,IL,60502,NDA AM / EXPRESS PLUS PKG,Next Day Air Early,NDA Early,Premium,Domestic,Yes,2,585.42,189.67,395.75,4.3,,,No,Yes,No,No,SAMPLE_2025_12_VolumeSpend.xlsx,Synthetic,Payor View
2025,12,Dec,202512,Q4,2025-12-01,0009100013|VEN003,0009100013,Vendor Programs,No,VEN003,Vendor Programs - Print,Aurora,IL,60502,WW EXPRESS REG PKG,International Express,Intl Express,Premium,International,Yes,4,1473.07,542.6,930.47,41.7,,,No,Yes,No,No,SAMPLE_2025_12_VolumeSpend.xlsx,Synthetic,Payor View
2025,12,Dec,202512,Q4,2025-12-01,0009100013|VEN003,0009100013,Vendor Programs,No,VEN003,Vendor Programs - Print,Aurora,IL,60502,WW EXPRESS PM / SAVER PKG,International Express Saver,Intl Saver,Premium,International,Yes,3,996.25,362.24,634.01,27.0,,,No,Yes,No,No,SAMPLE_2025_12_VolumeSpend.xlsx,Synthetic,Payor View
2025,12,Dec,202512,Q4,2025-12-01,0009100013|VEN003,0009100013,Vendor Programs,No,VEN003,Vendor Programs - Print,Aurora,IL,60502,WW EXPEDITED / 2DA PKG,International Expedited,Intl Expedited,Expedited,International,Yes,1,222.64,71.48,151.16,6.7,,,No,Yes,No,No,SAMPLE_2025_12_VolumeSpend.xlsx,Synthetic,Payor View
2025,12,Dec,202512,Q4,2025-12-01,0009100013|VEN003,0009100013,Vendor Programs,No,VEN003,Vendor Programs - Print,Aurora,IL,60502,MISC / UNC,Excluded - Adjustments,Excluded,Non-Service,Not Applicable,No,0,1589.38,1589.38,0.0,0.0,,,Yes,No,Yes,No,SAMPLE_2025_12_VolumeSpend.xlsx,Synthetic,Payor View
2025,12,Dec,202512,Q4,2025-12-01,0009100013|VEN004,0009100013,Vendor Programs,No,VEN004,Vendor Programs - Fulfilment,Aurora,IL,60502,GROUND PKG,Ground,Ground,Deferred,Domestic,Yes,3708,150155.13,50888.63,99266.5,58668.2,,,No,Yes,No,No,SAMPLE_2025_12_VolumeSpend.xlsx,Synthetic,Payor View
2025,12,Dec,202512,Q4,2025-12-01,0009100013|VEN004,0009100013,Vendor Programs,No,VEN004,Vendor Programs - Fulfilment,Aurora,IL,60502,GROUND CWT,Ground,Ground,Deferred,Domestic,Yes,16,1488.06,551.9,936.16,451.7,,,No,Yes,No,No,SAMPLE_2025_12_VolumeSpend.xlsx,Synthetic,Payor View
2025,12,Dec,202512,Q4,2025-12-01,0009100013|VEN004,0009100013,Vendor Programs,No,VEN004,Vendor Programs - Fulfilment,Aurora,IL,60502,STANDARD GROUND,Ground,Ground,Deferred,Domestic,Yes,51,1448.83,443.5,1005.33,451.5,,,No,Yes,No,No,SAMPLE_2025_12_VolumeSpend.xlsx,Synthetic,Payor View
2025,12,Dec,202512,Q4,2025-12-01,0009100013|VEN004,0009100013,Vendor Programs,No,VEN004,Vendor Programs - Fulfilment,Aurora,IL,60502,3DS PKG,3 Day Select,3DS,Deferred,Domestic,Yes,52,2406.74,764.04,1642.7,222.3,,,No,Yes,No,No,SAMPLE_2025_12_VolumeSpend.xlsx,Synthetic,Payor View
2025,12,Dec,202512,Q4,2025-12-01,0009100013|VEN004,0009100013,Vendor Programs,No,VEN004,Vendor Programs - Fulfilment,Aurora,IL,60502,2DA REG / EXPEDITED PKG,2nd Day Air / Expedited,2DA,Expedited,Domestic,Yes,258,14832.12,4795.39,10036.73,752.8,,,No,Yes,No,No,SAMPLE_2025_12_VolumeSpend.xlsx,Synthetic,Payor View
2025,12,Dec,202512,Q4,2025-12-01,0009100013|VEN004,0009100013,Vendor Programs,No,VEN004,Vendor Programs - Fulfilment,Aurora,IL,60502,2DA REG / EXPEDITED LTR,2nd Day Air / Expedited,2DA,Expedited,Domestic,Yes,80,1452.93,450.67,1002.26,44.6,,,No,Yes,No,No,SAMPLE_2025_12_VolumeSpend.xlsx,Synthetic,Payor View
2025,12,Dec,202512,Q4,2025-12-01,0009100013|VEN004,0009100013,Vendor Programs,No,VEN004,Vendor Programs - Fulfilment,Aurora,IL,60502,2DA AM PKG,2nd Day Air Early A.M.,2DA AM,Expedited,Domestic,Yes,22,258.43,83.1,175.33,7.7,,,No,Yes,No,No,SAMPLE_2025_12_VolumeSpend.xlsx,Synthetic,Payor View
2025,12,Dec,202512,Q4,2025-12-01,0009100013|VEN004,0009100013,Vendor Programs,No,VEN004,Vendor Programs - Fulfilment,Aurora,IL,60502,NDA PM / EXPRESS SAVER PKG,Next Day Air Saver,NDA Saver,Premium,Domestic,Yes,152,5761.04,1949.25,3811.79,144.3,,,No,Yes,No,No,SAMPLE_2025_12_VolumeSpend.xlsx,Synthetic,Payor View
2025,12,Dec,202512,Q4,2025-12-01,0009100013|VEN004,0009100013,Vendor Programs,No,VEN004,Vendor Programs - Fulfilment,Aurora,IL,60502,NDA PM / EXPRESS SAVER LTR,Next Day Air Saver,NDA Saver,Premium,Domestic,Yes,31,781.39,290.08,491.31,14.6,,,No,Yes,No,No,SAMPLE_2025_12_VolumeSpend.xlsx,Synthetic,Payor View
2025,12,Dec,202512,Q4,2025-12-01,0009100013|VEN004,0009100013,Vendor Programs,No,VEN004,Vendor Programs - Fulfilment,Aurora,IL,60502,NDA REG / EXPRESS PKG,Next Day Air / Express,NDA,Premium,Domestic,Yes,269,23295.0,7425.38,15869.62,768.6,,,No,Yes,No,No,SAMPLE_2025_12_VolumeSpend.xlsx,Synthetic,Payor View
2025,12,Dec,202512,Q4,2025-12-01,0009100013|VEN004,0009100013,Vendor Programs,No,VEN004,Vendor Programs - Fulfilment,Aurora,IL,60502,NDA REG / EXPRESS LTR,Next Day Air / Express,NDA,Premium,Domestic,Yes,367,10250.01,3672.52,6577.49,165.2,,,No,Yes,No,No,SAMPLE_2025_12_VolumeSpend.xlsx,Synthetic,Payor View
2025,12,Dec,202512,Q4,2025-12-01,0009100013|VEN004,0009100013,Vendor Programs,No,VEN004,Vendor Programs - Fulfilment,Aurora,IL,60502,NDA AM / EXPRESS PLUS PKG,Next Day Air Early,NDA Early,Premium,Domestic,Yes,2,443.14,137.62,305.52,3.7,,,No,Yes,No,No,SAMPLE_2025_12_VolumeSpend.xlsx,Synthetic,Payor View
2025,12,Dec,202512,Q4,2025-12-01,0009100013|VEN004,0009100013,Vendor Programs,No,VEN004,Vendor Programs - Fulfilment,Aurora,IL,60502,WW EXPRESS REG PKG,International Express,Intl Express,Premium,International,Yes,2,894.32,290.81,603.51,20.9,,,No,Yes,No,No,SAMPLE_2025_12_VolumeSpend.xlsx,Synthetic,Payor View
2025,12,Dec,202512,Q4,2025-12-01,0009100013|VEN004,0009100013,Vendor Programs,No,VEN004,Vendor Programs - Fulfilment,Aurora,IL,60502,WW EXPRESS PM / SAVER PKG,International Express Saver,Intl Saver,Premium,International,Yes,1,253.2,88.38,164.82,7.6,,,No,Yes,No,No,SAMPLE_2025_12_VolumeSpend.xlsx,Synthetic,Payor View
2025,12,Dec,202512,Q4,2025-12-01,0009100013|VEN004,0009100013,Vendor Programs,No,VEN004,Vendor Programs - Fulfilment,Aurora,IL,60502,WW EXPEDITED / 2DA PKG,International Expedited,Intl Expedited,Expedited,International,Yes,1,303.81,101.01,202.8,7.9,,,No,Yes,No,No,SAMPLE_2025_12_VolumeSpend.xlsx,Synthetic,Payor View
2025,12,Dec,202512,Q4,2025-12-01,0009100013|VEN004,0009100013,Vendor Programs,No,VEN004,Vendor Programs - Fulfilment,Aurora,IL,60502,MISC / UNC,Excluded - Adjustments,Excluded,Non-Service,Not Applicable,No,0,550.41,550.41,0.0,0.0,,,Yes,No,Yes,No,SAMPLE_2025_12_VolumeSpend.xlsx,Synthetic,Payor View
2025,12,Dec,202512,Q4,2025-12-01,0009100014|FLD005,0009100014,Field Administration,No,FLD005,Field Administration - North,Madison,WI,53703,GROUND PKG,Ground,Ground,Deferred,Domestic,Yes,6091,266265.85,85101.37,181164.48,105908.4,,,No,Yes,No,No,SAMPLE_2025_12_VolumeSpend.xlsx,Synthetic,Payor View
2025,12,Dec,202512,Q4,2025-12-01,0009100014|FLD005,0009100014,Field Administration,No,FLD005,Field Administration - North,Madison,WI,53703,GROUND CWT,Ground,Ground,Deferred,Domestic,Yes,29,3380.51,1075.15,2305.36,877.9,,,No,Yes,No,No,SAMPLE_2025_12_VolumeSpend.xlsx,Synthetic,Payor View
2025,12,Dec,202512,Q4,2025-12-01,0009100014|FLD005,0009100014,Field Administration,No,FLD005,Field Administration - North,Madison,WI,53703,STANDARD GROUND,Ground,Ground,Deferred,Domestic,Yes,111,3345.29,1032.83,2312.46,1107.8,,,No,Yes,No,No,SAMPLE_2025_12_VolumeSpend.xlsx,Synthetic,Payor View
2025,12,Dec,202512,Q4,2025-12-01,0009100014|FLD005,0009100014,Field Administration,No,FLD005,Field Administration - North,Madison,WI,53703,3DS PKG,3 Day Select,3DS,Deferred,Domestic,Yes,85,3069.82,1090.73,1979.09,269.7,,,No,Yes,No,No,SAMPLE_2025_12_VolumeSpend.xlsx,Synthetic,Payor View
2025,12,Dec,202512,Q4,2025-12-01,0009100014|FLD005,0009100014,Field Administration,No,FLD005,Field Administration - North,Madison,WI,53703,2DA REG / EXPEDITED PKG,2nd Day Air / Expedited,2DA,Expedited,Domestic,Yes,643,31974.16,11531.01,20443.15,1795.5,,,No,Yes,No,No,SAMPLE_2025_12_VolumeSpend.xlsx,Synthetic,Payor View
2025,12,Dec,202512,Q4,2025-12-01,0009100014|FLD005,0009100014,Field Administration,No,FLD005,Field Administration - North,Madison,WI,53703,2DA REG / EXPEDITED LTR,2nd Day Air / Expedited,2DA,Expedited,Domestic,Yes,158,1858.37,616.63,1241.74,65.9,,,No,Yes,No,No,SAMPLE_2025_12_VolumeSpend.xlsx,Synthetic,Payor View
2025,12,Dec,202512,Q4,2025-12-01,0009100014|FLD005,0009100014,Field Administration,No,FLD005,Field Administration - North,Madison,WI,53703,2DA AM PKG,2nd Day Air Early A.M.,2DA AM,Expedited,Domestic,Yes,35,315.61,115.3,200.31,10.8,,,No,Yes,No,No,SAMPLE_2025_12_VolumeSpend.xlsx,Synthetic,Payor View
2025,12,Dec,202512,Q4,2025-12-01,0009100014|FLD005,0009100014,Field Administration,No,FLD005,Field Administration - North,Madison,WI,53703,NDA PM / EXPRESS SAVER PKG,Next Day Air Saver,NDA Saver,Premium,Domestic,Yes,222,10682.04,3297.92,7384.12,244.9,,,No,Yes,No,No,SAMPLE_2025_12_VolumeSpend.xlsx,Synthetic,Payor View
2025,12,Dec,202512,Q4,2025-12-01,0009100014|FLD005,0009100014,Field Administration,No,FLD005,Field Administration - North,Madison,WI,53703,NDA PM / EXPRESS SAVER LTR,Next Day Air Saver,NDA Saver,Premium,Domestic,Yes,74,1639.0,579.16,1059.84,26.6,,,No,Yes,No,No,SAMPLE_2025_12_VolumeSpend.xlsx,Synthetic,Payor View
2025,12,Dec,202512,Q4,2025-12-01,0009100014|FLD005,0009100014,Field Administration,No,FLD005,Field Administration - North,Madison,WI,53703,NDA REG / EXPRESS PKG,Next Day Air / Express,NDA,Premium,Domestic,Yes,493,39918.62,13358.3,26560.32,1327.4,,,No,Yes,No,No,SAMPLE_2025_12_VolumeSpend.xlsx,Synthetic,Payor View
2025,12,Dec,202512,Q4,2025-12-01,0009100014|FLD005,0009100014,Field Administration,No,FLD005,Field Administration - North,Madison,WI,53703,NDA REG / EXPRESS LTR,Next Day Air / Express,NDA,Premium,Domestic,Yes,737,18092.83,6568.29,11524.54,312.8,,,No,Yes,No,No,SAMPLE_2025_12_VolumeSpend.xlsx,Synthetic,Payor View
2025,12,Dec,202512,Q4,2025-12-01,0009100014|FLD005,0009100014,Field Administration,No,FLD005,Field Administration - North,Madison,WI,53703,NDA AM / EXPRESS PLUS PKG,Next Day Air Early,NDA Early,Premium,Domestic,Yes,4,850.91,290.45,560.46,6.6,,,No,Yes,No,No,SAMPLE_2025_12_VolumeSpend.xlsx,Synthetic,Payor View
2025,12,Dec,202512,Q4,2025-12-01,0009100014|FLD005,0009100014,Field Administration,No,FLD005,Field Administration - North,Madison,WI,53703,WW EXPRESS REG PKG,International Express,Intl Express,Premium,International,Yes,6,2451.78,794.02,1657.76,53.3,,,No,Yes,No,No,SAMPLE_2025_12_VolumeSpend.xlsx,Synthetic,Payor View
2025,12,Dec,202512,Q4,2025-12-01,0009100014|FLD005,0009100014,Field Administration,No,FLD005,Field Administration - North,Madison,WI,53703,WW EXPRESS PM / SAVER PKG,International Express Saver,Intl Saver,Premium,International,Yes,4,1396.17,437.15,959.02,36.8,,,No,Yes,No,No,SAMPLE_2025_12_VolumeSpend.xlsx,Synthetic,Payor View
2025,12,Dec,202512,Q4,2025-12-01,0009100014|FLD005,0009100014,Field Administration,No,FLD005,Field Administration - North,Madison,WI,53703,WW EXPEDITED / 2DA PKG,International Expedited,Intl Expedited,Expedited,International,Yes,2,555.04,173.81,381.23,15.9,,,No,Yes,No,No,SAMPLE_2025_12_VolumeSpend.xlsx,Synthetic,Payor View
2025,12,Dec,202512,Q4,2025-12-01,0009100014|FLD005,0009100014,Field Administration,No,FLD005,Field Administration - North,Madison,WI,53703,MISC / UNC,Excluded - Adjustments,Excluded,Non-Service,Not Applicable,No,0,2028.92,2028.92,0.0,0.0,,,Yes,No,Yes,No,SAMPLE_2025_12_VolumeSpend.xlsx,Synthetic,Payor View
2025,12,Dec,202512,Q4,2025-12-01,0009100015|HQX006,0009100015,Corporate HQ,No,HQX006,Corporate HQ - Facilities,Columbus,OH,43004,GROUND PKG,Ground,Ground,Deferred,Domestic,Yes,1640,74610.41,25125.62,49484.79,29216.9,,,No,Yes,No,No,SAMPLE_2025_12_VolumeSpend.xlsx,Synthetic,Payor View
2025,12,Dec,202512,Q4,2025-12-01,0009100015|HQX006,0009100015,Corporate HQ,No,HQX006,Corporate HQ - Facilities,Columbus,OH,43004,GROUND CWT,Ground,Ground,Deferred,Domestic,Yes,11,1021.12,372.16,648.96,288.7,,,No,Yes,No,No,SAMPLE_2025_12_VolumeSpend.xlsx,Synthetic,Payor View
2025,12,Dec,202512,Q4,2025-12-01,0009100015|HQX006,0009100015,Corporate HQ,No,HQX006,Corporate HQ - Facilities,Columbus,OH,43004,STANDARD GROUND,Ground,Ground,Deferred,Domestic,Yes,26,706.55,222.35,484.2,205.5,,,No,Yes,No,No,SAMPLE_2025_12_VolumeSpend.xlsx,Synthetic,Payor View
2025,12,Dec,202512,Q4,2025-12-01,0009100015|HQX006,0009100015,Corporate HQ,No,HQX006,Corporate HQ - Facilities,Columbus,OH,43004,3DS PKG,3 Day Select,3DS,Deferred,Domestic,Yes,31,1415.72,483.19,932.53,131.3,,,No,Yes,No,No,SAMPLE_2025_12_VolumeSpend.xlsx,Synthetic,Payor View
2025,12,Dec,202512,Q4,2025-12-01,0009100015|HQX006,0009100015,Corporate HQ,No,HQX006,Corporate HQ - Facilities,Columbus,OH,43004,2DA REG / EXPEDITED PKG,2nd Day Air / Expedited,2DA,Expedited,Domestic,Yes,219,11621.38,3700.36,7921.02,588.2,,,No,Yes,No,No,SAMPLE_2025_12_VolumeSpend.xlsx,Synthetic,Payor View
2025,12,Dec,202512,Q4,2025-12-01,0009100015|HQX006,0009100015,Corporate HQ,No,HQX006,Corporate HQ - Facilities,Columbus,OH,43004,2DA REG / EXPEDITED LTR,2nd Day Air / Expedited,2DA,Expedited,Domestic,Yes,43,531.57,188.32,343.25,19.9,,,No,Yes,No,No,SAMPLE_2025_12_VolumeSpend.xlsx,Synthetic,Payor View
2025,12,Dec,202512,Q4,2025-12-01,0009100015|HQX006,0009100015,Corporate HQ,No,HQX006,Corporate HQ - Facilities,Columbus,OH,43004,2DA AM PKG,2nd Day Air Early A.M.,2DA AM,Expedited,Domestic,Yes,11,110.77,38.79,71.98,3.3,,,No,Yes,No,No,SAMPLE_2025_12_VolumeSpend.xlsx,Synthetic,Payor View
2025,12,Dec,202512,Q4,2025-12-01,0009100015|HQX006,0009100015,Corporate HQ,No,HQX006,Corporate HQ - Facilities,Columbus,OH,43004,NDA PM / EXPRESS SAVER PKG,Next Day Air Saver,NDA Saver,Premium,Domestic,Yes,68,3844.02,1197.44,2646.58,80.9,,,No,Yes,No,No,SAMPLE_2025_12_VolumeSpend.xlsx,Synthetic,Payor View
2025,12,Dec,202512,Q4,2025-12-01,0009100015|HQX006,0009100015,Corporate HQ,No,HQX006,Corporate HQ - Facilities,Columbus,OH,43004,NDA PM / EXPRESS SAVER LTR,Next Day Air Saver,NDA Saver,Premium,Domestic,Yes,16,449.73,140.9,308.83,6.4,,,No,Yes,No,No,SAMPLE_2025_12_VolumeSpend.xlsx,Synthetic,Payor View
2025,12,Dec,202512,Q4,2025-12-01,0009100015|HQX006,0009100015,Corporate HQ,No,HQX006,Corporate HQ - Facilities,Columbus,OH,43004,NDA REG / EXPRESS PKG,Next Day Air / Express,NDA,Premium,Domestic,Yes,122,8669.99,3037.18,5632.81,308.3,,,No,Yes,No,No,SAMPLE_2025_12_VolumeSpend.xlsx,Synthetic,Payor View
2025,12,Dec,202512,Q4,2025-12-01,0009100015|HQX006,0009100015,Corporate HQ,No,HQX006,Corporate HQ - Facilities,Columbus,OH,43004,NDA REG / EXPRESS LTR,Next Day Air / Express,NDA,Premium,Domestic,Yes,169,4054.46,1389.29,2665.17,69.5,,,No,Yes,No,No,SAMPLE_2025_12_VolumeSpend.xlsx,Synthetic,Payor View
2025,12,Dec,202512,Q4,2025-12-01,0009100015|HQX006,0009100015,Corporate HQ,No,HQX006,Corporate HQ - Facilities,Columbus,OH,43004,NDA AM / EXPRESS PLUS PKG,Next Day Air Early,NDA Early,Premium,Domestic,Yes,1,229.98,76.63,153.35,1.8,,,No,Yes,No,No,SAMPLE_2025_12_VolumeSpend.xlsx,Synthetic,Payor View
2025,12,Dec,202512,Q4,2025-12-01,0009100015|HQX006,0009100015,Corporate HQ,No,HQX006,Corporate HQ - Facilities,Columbus,OH,43004,WW EXPRESS REG PKG,International Express,Intl Express,Premium,International,Yes,1,326.62,115.86,210.76,8.0,,,No,Yes,No,No,SAMPLE_2025_12_VolumeSpend.xlsx,Synthetic,Payor View
2025,12,Dec,202512,Q4,2025-12-01,0009100015|HQX006,0009100015,Corporate HQ,No,HQX006,Corporate HQ - Facilities,Columbus,OH,43004,WW EXPRESS PM / SAVER PKG,International Express Saver,Intl Saver,Premium,International,Yes,1,292.12,108.94,183.18,8.7,,,No,Yes,No,No,SAMPLE_2025_12_VolumeSpend.xlsx,Synthetic,Payor View
2025,12,Dec,202512,Q4,2025-12-01,0009100015|HQX006,0009100015,Corporate HQ,No,HQX006,Corporate HQ - Facilities,Columbus,OH,43004,MISC / UNC,Excluded - Adjustments,Excluded,Non-Service,Not Applicable,No,0,638.81,638.81,0.0,0.0,,,Yes,No,Yes,No,SAMPLE_2025_12_VolumeSpend.xlsx,Synthetic,Payor View
2025,12,Dec,202512,Q4,2025-12-01,0009100016|RTL007,0009100016,Retail Partner Network,No,RTL007,Retail Partner Network - Stores,Phoenix,AZ,85004,GROUND PKG,Ground,Ground,Deferred,Domestic,Yes,8287,283780.93,103311.01,180469.92,119045.6,,,No,Yes,No,No,SAMPLE_2025_12_VolumeSpend.xlsx,Synthetic,Payor View
2025,12,Dec,202512,Q4,2025-12-01,0009100016|RTL007,0009100016,Retail Partner Network,No,RTL007,Retail Partner Network - Stores,Phoenix,AZ,85004,GROUND CWT,Ground,Ground,Deferred,Domestic,Yes,49,5431.81,1986.35,3445.46,1710.8,,,No,Yes,No,No,SAMPLE_2025_12_VolumeSpend.xlsx,Synthetic,Payor View
2025,12,Dec,202512,Q4,2025-12-01,0009100016|RTL007,0009100016,Retail Partner Network,No,RTL007,Retail Partner Network - Stores,Phoenix,AZ,85004,STANDARD GROUND,Ground,Ground,Deferred,Domestic,Yes,171,3896.49,1283.87,2612.62,1335.3,,,No,Yes,No,No,SAMPLE_2025_12_VolumeSpend.xlsx,Synthetic,Payor View
2025,12,Dec,202512,Q4,2025-12-01,0009100016|RTL007,0009100016,Retail Partner Network,No,RTL007,Retail Partner Network - Stores,Phoenix,AZ,85004,3DS PKG,3 Day Select,3DS,Deferred,Domestic,Yes,133,6127.22,2089.92,4037.3,494.6,,,No,Yes,No,No,SAMPLE_2025_12_VolumeSpend.xlsx,Synthetic,Payor View
2025,12,Dec,202512,Q4,2025-12-01,0009100016|RTL007,0009100016,Retail Partner Network,No,RTL007,Retail Partner Network - Stores,Phoenix,AZ,85004,2DA REG / EXPEDITED PKG,2nd Day Air / Expedited,2DA,Expedited,Domestic,Yes,717,46145.49,16480.95,29664.54,2523.2,,,No,Yes,No,No,SAMPLE_2025_12_VolumeSpend.xlsx,Synthetic,Payor View
2025,12,Dec,202512,Q4,2025-12-01,0009100016|RTL007,0009100016,Retail Partner Network,No,RTL007,Retail Partner Network - Stores,Phoenix,AZ,85004,2DA REG / EXPEDITED LTR,2nd Day Air / Expedited,2DA,Expedited,Domestic,Yes,249,3600.53,1182.98,2417.55,107.0,,,No,Yes,No,No,SAMPLE_2025_12_VolumeSpend.xlsx,Synthetic,Payor View
2025,12,Dec,202512,Q4,2025-12-01,0009100016|RTL007,0009100016,Retail Partner Network,No,RTL007,Retail Partner Network - Stores,Phoenix,AZ,85004,2DA AM PKG,2nd Day Air Early A.M.,2DA AM,Expedited,Domestic,Yes,45,456.55,140.71,315.84,13.1,,,No,Yes,No,No,SAMPLE_2025_12_VolumeSpend.xlsx,Synthetic,Payor View
2025,12,Dec,202512,Q4,2025-12-01,0009100016|RTL007,0009100016,Retail Partner Network,No,RTL007,Retail Partner Network - Stores,Phoenix,AZ,85004,NDA PM / EXPRESS SAVER PKG,Next Day Air Saver,NDA Saver,Premium,Domestic,Yes,365,18643.04,6153.51,12489.53,415.2,,,No,Yes,No,No,SAMPLE_2025_12_VolumeSpend.xlsx,Synthetic,Payor View
2025,12,Dec,202512,Q4,2025-12-01,0009100016|RTL007,0009100016,Retail Partner Network,No,RTL007,Retail Partner Network - Stores,Phoenix,AZ,85004,NDA PM / EXPRESS SAVER LTR,Next Day Air Saver,NDA Saver,Premium,Domestic,Yes,81,1938.95,609.28,1329.67,28.1,,,No,Yes,No,No,SAMPLE_2025_12_VolumeSpend.xlsx,Synthetic,Payor View
2025,12,Dec,202512,Q4,2025-12-01,0009100016|RTL007,0009100016,Retail Partner Network,No,RTL007,Retail Partner Network - Stores,Phoenix,AZ,85004,NDA REG / EXPRESS PKG,Next Day Air / Express,NDA,Premium,Domestic,Yes,647,73835.32,22781.39,51053.93,2285.3,,,No,Yes,No,No,SAMPLE_2025_12_VolumeSpend.xlsx,Synthetic,Payor View
2025,12,Dec,202512,Q4,2025-12-01,0009100016|RTL007,0009100016,Retail Partner Network,No,RTL007,Retail Partner Network - Stores,Phoenix,AZ,85004,NDA REG / EXPRESS LTR,Next Day Air / Express,NDA,Premium,Domestic,Yes,781,16277.88,5616.73,10661.15,289.7,,,No,Yes,No,No,SAMPLE_2025_12_VolumeSpend.xlsx,Synthetic,Payor View
2025,12,Dec,202512,Q4,2025-12-01,0009100016|RTL007,0009100016,Retail Partner Network,No,RTL007,Retail Partner Network - Stores,Phoenix,AZ,85004,NDA AM / EXPRESS PLUS PKG,Next Day Air Early,NDA Early,Premium,Domestic,Yes,7,2124.46,691.02,1433.44,15.9,,,No,Yes,No,No,SAMPLE_2025_12_VolumeSpend.xlsx,Synthetic,Payor View
2025,12,Dec,202512,Q4,2025-12-01,0009100016|RTL007,0009100016,Retail Partner Network,No,RTL007,Retail Partner Network - Stores,Phoenix,AZ,85004,WW EXPRESS REG PKG,International Express,Intl Express,Premium,International,Yes,8,3131.89,1039.95,2091.94,70.6,,,No,Yes,No,No,SAMPLE_2025_12_VolumeSpend.xlsx,Synthetic,Payor View
2025,12,Dec,202512,Q4,2025-12-01,0009100016|RTL007,0009100016,Retail Partner Network,No,RTL007,Retail Partner Network - Stores,Phoenix,AZ,85004,WW EXPRESS PM / SAVER PKG,International Express Saver,Intl Saver,Premium,International,Yes,6,1854.95,686.56,1168.39,48.3,,,No,Yes,No,No,SAMPLE_2025_12_VolumeSpend.xlsx,Synthetic,Payor View
2025,12,Dec,202512,Q4,2025-12-01,0009100016|RTL007,0009100016,Retail Partner Network,No,RTL007,Retail Partner Network - Stores,Phoenix,AZ,85004,WW EXPEDITED / 2DA PKG,International Expedited,Intl Expedited,Expedited,International,Yes,2,445.37,154.84,290.53,12.0,,,No,Yes,No,No,SAMPLE_2025_12_VolumeSpend.xlsx,Synthetic,Payor View
2025,12,Dec,202512,Q4,2025-12-01,0009100016|RTL007,0009100016,Retail Partner Network,No,RTL007,Retail Partner Network - Stores,Phoenix,AZ,85004,MISC / UNC,Excluded - Adjustments,Excluded,Non-Service,Not Applicable,No,0,1931.06,1931.06,0.0,0.0,,,Yes,No,Yes,No,SAMPLE_2025_12_VolumeSpend.xlsx,Synthetic,Payor View
2025,12,Dec,202512,Q4,2025-12-01,0009100017|CSH008,0009100017,Cash Operations,No,CSH008,Cash Operations - Processing,Newark,NJ,07102,GROUND PKG,Ground,Ground,Deferred,Domestic,Yes,3160,149826.41,46577.16,103249.25,61016.5,,,No,Yes,No,No,SAMPLE_2025_12_VolumeSpend.xlsx,Synthetic,Payor View
2025,12,Dec,202512,Q4,2025-12-01,0009100017|CSH008,0009100017,Cash Operations,No,CSH008,Cash Operations - Processing,Newark,NJ,07102,GROUND CWT,Ground,Ground,Deferred,Domestic,Yes,17,1903.08,643.51,1259.57,507.4,,,No,Yes,No,No,SAMPLE_2025_12_VolumeSpend.xlsx,Synthetic,Payor View
2025,12,Dec,202512,Q4,2025-12-01,0009100017|CSH008,0009100017,Cash Operations,No,CSH008,Cash Operations - Processing,Newark,NJ,07102,STANDARD GROUND,Ground,Ground,Deferred,Domestic,Yes,65,1951.51,698.0,1253.51,669.5,,,No,Yes,No,No,SAMPLE_2025_12_VolumeSpend.xlsx,Synthetic,Payor View
2025,12,Dec,202512,Q4,2025-12-01,0009100017|CSH008,0009100017,Cash Operations,No,CSH008,Cash Operations - Processing,Newark,NJ,07102,3DS PKG,3 Day Select,3DS,Deferred,Domestic,Yes,47,2204.38,710.79,1493.59,175.3,,,No,Yes,No,No,SAMPLE_2025_12_VolumeSpend.xlsx,Synthetic,Payor View
2025,12,Dec,202512,Q4,2025-12-01,0009100017|CSH008,0009100017,Cash Operations,No,CSH008,Cash Operations - Processing,Newark,NJ,07102,2DA REG / EXPEDITED PKG,2nd Day Air / Expedited,2DA,Expedited,Domestic,Yes,272,15498.43,5701.84,9796.59,881.4,,,No,Yes,No,No,SAMPLE_2025_12_VolumeSpend.xlsx,Synthetic,Payor View
2025,12,Dec,202512,Q4,2025-12-01,0009100017|CSH008,0009100017,Cash Operations,No,CSH008,Cash Operations - Processing,Newark,NJ,07102,2DA REG / EXPEDITED LTR,2nd Day Air / Expedited,2DA,Expedited,Domestic,Yes,98,1213.45,400.61,812.84,44.6,,,No,Yes,No,No,SAMPLE_2025_12_VolumeSpend.xlsx,Synthetic,Payor View
2025,12,Dec,202512,Q4,2025-12-01,0009100017|CSH008,0009100017,Cash Operations,No,CSH008,Cash Operations - Processing,Newark,NJ,07102,2DA AM PKG,2nd Day Air Early A.M.,2DA AM,Expedited,Domestic,Yes,20,207.0,70.36,136.64,6.3,,,No,Yes,No,No,SAMPLE_2025_12_VolumeSpend.xlsx,Synthetic,Payor View
2025,12,Dec,202512,Q4,2025-12-01,0009100017|CSH008,0009100017,Cash Operations,No,CSH008,Cash Operations - Processing,Newark,NJ,07102,NDA PM / EXPRESS SAVER PKG,Next Day Air Saver,NDA Saver,Premium,Domestic,Yes,123,5875.8,1964.96,3910.84,127.6,,,No,Yes,No,No,SAMPLE_2025_12_VolumeSpend.xlsx,Synthetic,Payor View
2025,12,Dec,202512,Q4,2025-12-01,0009100017|CSH008,0009100017,Cash Operations,No,CSH008,Cash Operations - Processing,Newark,NJ,07102,NDA PM / EXPRESS SAVER LTR,Next Day Air Saver,NDA Saver,Premium,Domestic,Yes,37,858.49,312.07,546.42,14.8,,,No,Yes,No,No,SAMPLE_2025_12_VolumeSpend.xlsx,Synthetic,Payor View
2025,12,Dec,202512,Q4,2025-12-01,0009100017|CSH008,0009100017,Cash Operations,No,CSH008,Cash Operations - Processing,Newark,NJ,07102,NDA REG / EXPRESS PKG,Next Day Air / Express,NDA,Premium,Domestic,Yes,218,14589.46,5376.45,9213.01,547.5,,,No,Yes,No,No,SAMPLE_2025_12_VolumeSpend.xlsx,Synthetic,Payor View
2025,12,Dec,202512,Q4,2025-12-01,0009100017|CSH008,0009100017,Cash Operations,No,CSH008,Cash Operations - Processing,Newark,NJ,07102,NDA REG / EXPRESS LTR,Next Day Air / Express,NDA,Premium,Domestic,Yes,382,8081.6,2708.77,5372.83,135.1,,,No,Yes,No,No,SAMPLE_2025_12_VolumeSpend.xlsx,Synthetic,Payor View
2025,12,Dec,202512,Q4,2025-12-01,0009100017|CSH008,0009100017,Cash Operations,No,CSH008,Cash Operations - Processing,Newark,NJ,07102,NDA AM / EXPRESS PLUS PKG,Next Day Air Early,NDA Early,Premium,Domestic,Yes,3,580.29,216.63,363.66,5.5,,,No,Yes,No,No,SAMPLE_2025_12_VolumeSpend.xlsx,Synthetic,Payor View
2025,12,Dec,202512,Q4,2025-12-01,0009100017|CSH008,0009100017,Cash Operations,No,CSH008,Cash Operations - Processing,Newark,NJ,07102,WW EXPRESS REG PKG,International Express,Intl Express,Premium,International,Yes,2,683.02,234.92,448.1,18.9,,,No,Yes,No,No,SAMPLE_2025_12_VolumeSpend.xlsx,Synthetic,Payor View
2025,12,Dec,202512,Q4,2025-12-01,0009100017|CSH008,0009100017,Cash Operations,No,CSH008,Cash Operations - Processing,Newark,NJ,07102,WW EXPRESS PM / SAVER PKG,International Express Saver,Intl Saver,Premium,International,Yes,2,546.28,188.46,357.82,16.4,,,No,Yes,No,No,SAMPLE_2025_12_VolumeSpend.xlsx,Synthetic,Payor View
2025,12,Dec,202512,Q4,2025-12-01,0009100017|CSH008,0009100017,Cash Operations,No,CSH008,Cash Operations - Processing,Newark,NJ,07102,MISC / UNC,Excluded - Adjustments,Excluded,Non-Service,Not Applicable,No,0,1126.9,1126.9,0.0,0.0,,,Yes,No,Yes,No,SAMPLE_2025_12_VolumeSpend.xlsx,Synthetic,Payor View
2025,12,Dec,202512,Q4,2025-12-01,@@|TCO009,@@,Unassigned Sub-Parent,Yes,TCO009,Transfer Co Operations,Whippany,NJ,07981,GROUND PKG,Ground,Ground,Deferred,Domestic,Yes,502,23544.35,7417.2,16127.15,9122.9,,,No,Yes,No,No,SAMPLE_2025_12_VolumeSpend.xlsx,Synthetic,Payor View
2025,12,Dec,202512,Q4,2025-12-01,@@|TCO009,@@,Unassigned Sub-Parent,Yes,TCO009,Transfer Co Operations,Whippany,NJ,07981,GROUND CWT,Ground,Ground,Deferred,Domestic,Yes,2,229.87,80.54,149.33,63.1,,,No,Yes,No,No,SAMPLE_2025_12_VolumeSpend.xlsx,Synthetic,Payor View
2025,12,Dec,202512,Q4,2025-12-01,@@|TCO009,@@,Unassigned Sub-Parent,Yes,TCO009,Transfer Co Operations,Whippany,NJ,07981,STANDARD GROUND,Ground,Ground,Deferred,Domestic,Yes,9,226.32,82.04,144.28,74.0,,,No,Yes,No,No,SAMPLE_2025_12_VolumeSpend.xlsx,Synthetic,Payor View
2025,12,Dec,202512,Q4,2025-12-01,@@|TCO009,@@,Unassigned Sub-Parent,Yes,TCO009,Transfer Co Operations,Whippany,NJ,07981,3DS PKG,3 Day Select,3DS,Deferred,Domestic,Yes,6,309.31,102.17,207.14,24.4,,,No,Yes,No,No,SAMPLE_2025_12_VolumeSpend.xlsx,Synthetic,Payor View
2025,12,Dec,202512,Q4,2025-12-01,@@|TCO009,@@,Unassigned Sub-Parent,Yes,TCO009,Transfer Co Operations,Whippany,NJ,07981,2DA REG / EXPEDITED PKG,2nd Day Air / Expedited,2DA,Expedited,Domestic,Yes,47,2438.71,870.35,1568.36,142.0,,,No,Yes,No,No,SAMPLE_2025_12_VolumeSpend.xlsx,Synthetic,Payor View
2025,12,Dec,202512,Q4,2025-12-01,@@|TCO009,@@,Unassigned Sub-Parent,Yes,TCO009,Transfer Co Operations,Whippany,NJ,07981,2DA REG / EXPEDITED LTR,2nd Day Air / Expedited,2DA,Expedited,Domestic,Yes,14,244.39,77.95,166.44,8.1,,,No,Yes,No,No,SAMPLE_2025_12_VolumeSpend.xlsx,Synthetic,Payor View
2025,12,Dec,202512,Q4,2025-12-01,@@|TCO009,@@,Unassigned Sub-Parent,Yes,TCO009,Transfer Co Operations,Whippany,NJ,07981,2DA AM PKG,2nd Day Air Early A.M.,2DA AM,Expedited,Domestic,Yes,2,22.13,7.91,14.22,0.6,,,No,Yes,No,No,SAMPLE_2025_12_VolumeSpend.xlsx,Synthetic,Payor View
2025,12,Dec,202512,Q4,2025-12-01,@@|TCO009,@@,Unassigned Sub-Parent,Yes,TCO009,Transfer Co Operations,Whippany,NJ,07981,NDA PM / EXPRESS SAVER PKG,Next Day Air Saver,NDA Saver,Premium,Domestic,Yes,18,859.61,303.19,556.42,19.9,,,No,Yes,No,No,SAMPLE_2025_12_VolumeSpend.xlsx,Synthetic,Payor View
2025,12,Dec,202512,Q4,2025-12-01,@@|TCO009,@@,Unassigned Sub-Parent,Yes,TCO009,Transfer Co Operations,Whippany,NJ,07981,NDA PM / EXPRESS SAVER LTR,Next Day Air Saver,NDA Saver,Premium,Domestic,Yes,4,89.19,28.4,60.79,1.4,,,No,Yes,No,No,SAMPLE_2025_12_VolumeSpend.xlsx,Synthetic,Payor View
2025,12,Dec,202512,Q4,2025-12-01,@@|TCO009,@@,Unassigned Sub-Parent,Yes,TCO009,Transfer Co Operations,Whippany,NJ,07981,NDA REG / EXPRESS PKG,Next Day Air / Express,NDA,Premium,Domestic,Yes,35,3032.71,993.88,2038.83,120.3,,,No,Yes,No,No,SAMPLE_2025_12_VolumeSpend.xlsx,Synthetic,Payor View
2025,12,Dec,202512,Q4,2025-12-01,@@|TCO009,@@,Unassigned Sub-Parent,Yes,TCO009,Transfer Co Operations,Whippany,NJ,07981,NDA REG / EXPRESS LTR,Next Day Air / Express,NDA,Premium,Domestic,Yes,55,1392.22,506.56,885.66,25.9,,,No,Yes,No,No,SAMPLE_2025_12_VolumeSpend.xlsx,Synthetic,Payor View
2025,12,Dec,202512,Q4,2025-12-01,@@|TCO009,@@,Unassigned Sub-Parent,Yes,TCO009,Transfer Co Operations,Whippany,NJ,07981,MISC / UNC,Excluded - Adjustments,Excluded,Non-Service,Not Applicable,No,0,60.69,60.69,0.0,0.0,,,Yes,No,Yes,No,SAMPLE_2025_12_VolumeSpend.xlsx,Synthetic,Payor View
