Year,MonthNumber,MonthName,MonthKey,Quarter,DateKey,AccountKey,SubNumber,SubName,IsMaskedSubParent,AccountNumber,AccountName,City,State,ZIP,RawProduct,ServiceGroup,ServiceGroupShort,ServiceTier,Scope,IncludeInRanking,PackagesMeasured,LateByTime,LateByDay,TotalLate,OnTimePackages,SourceFile,ViewType
2025,1,Jan,202501,Q1,2025-01-01,0009100011|TCH001,0009100011,Technology Operations,No,TCH001,Technology Operations - Central,Columbus,OH,43004,GROUND,Ground,Ground,Deferred,Domestic,Yes,22162,112,842,954,21208,SAMPLE_2025_01_TnT.xlsx,Shipper View
2025,1,Jan,202501,Q1,2025-01-01,0009100011|TCH001,0009100011,Technology Operations,No,TCH001,Technology Operations - Central,Columbus,OH,43004,THREE DAY SELECT,3 Day Select,3DS,Deferred,Domestic,Yes,306,0,1,1,305,SAMPLE_2025_01_TnT.xlsx,Shipper View
2025,1,Jan,202501,Q1,2025-01-01,0009100011|TCH001,0009100011,Technology Operations,No,TCH001,Technology Operations - Central,Columbus,OH,43004,SECOND DAY AIR,2nd Day Air / Expedited,2DA,Expedited,Domestic,Yes,2210,1,33,34,2176,SAMPLE_2025_01_TnT.xlsx,Shipper View
2025,1,Jan,202501,Q1,2025-01-01,0009100011|TCH001,0009100011,Technology Operations,No,TCH001,Technology Operations - Central,Columbus,OH,43004,SECOND DAY EARLY AM,2nd Day Air Early A.M.,2DA AM,Expedited,Domestic,Yes,98,0,2,2,96,SAMPLE_2025_01_TnT.xlsx,Shipper View
2025,1,Jan,202501,Q1,2025-01-01,0009100011|TCH001,0009100011,Technology Operations,No,TCH001,Technology Operations - Central,Columbus,OH,43004,NEXT DAY AIR SAVER,Next Day Air Saver,NDA Saver,Premium,Domestic,Yes,777,1,15,16,761,SAMPLE_2025_01_TnT.xlsx,Shipper View
2025,1,Jan,202501,Q1,2025-01-01,0009100011|TCH001,0009100011,Technology Operations,No,TCH001,Technology Operations - Central,Columbus,OH,43004,NEXT DAY AIR,Next Day Air / Express,NDA,Premium,Domestic,Yes,3820,7,126,133,3687,SAMPLE_2025_01_TnT.xlsx,Shipper View
2025,1,Jan,202501,Q1,2025-01-01,0009100011|TCH001,0009100011,Technology Operations,No,TCH001,Technology Operations - Central,Columbus,OH,43004,UPS EXPRESS EARLY,Next Day Air Early,NDA Early,Premium,Domestic,Yes,17,0,0,0,17,SAMPLE_2025_01_TnT.xlsx,Shipper View
2025,1,Jan,202501,Q1,2025-01-01,0009100011|TCH001,0009100011,Technology Operations,No,TCH001,Technology Operations - Central,Columbus,OH,43004,INTERNATIONAL EXPRESS,International Express,Intl Express,Premium,International,Yes,19,0,1,1,18,SAMPLE_2025_01_TnT.xlsx,Shipper View
2025,1,Jan,202501,Q1,2025-01-01,0009100011|TCH001,0009100011,Technology Operations,No,TCH001,Technology Operations - Central,Columbus,OH,43004,INTERNATIONAL EXPRESS SAVER,International Express Saver,Intl Saver,Premium,International,Yes,13,0,0,0,13,SAMPLE_2025_01_TnT.xlsx,Shipper View
2025,1,Jan,202501,Q1,2025-01-01,0009100011|TCH001,0009100011,Technology Operations,No,TCH001,Technology Operations - Central,Columbus,OH,43004,INTERNATIONAL EXPEDITED,International Expedited,Intl Expedited,Expedited,International,Yes,3,0,0,0,3,SAMPLE_2025_01_TnT.xlsx,Shipper View
2025,1,Jan,202501,Q1,2025-01-01,0009100012|MAI002,0009100012,Mail Services,No,MAI002,Mail Services - Regional,Kansas City,MO,64108,GROUND,Ground,Ground,Deferred,Domestic,Yes,2703,8,93,101,2602,SAMPLE_2025_01_TnT.xlsx,Shipper View
2025,1,Jan,202501,Q1,2025-01-01,0009100012|MAI002,0009100012,Mail Services,No,MAI002,Mail Services - Regional,Kansas City,MO,64108,THREE DAY SELECT,3 Day Select,3DS,Deferred,Domestic,Yes,45,0,0,0,45,SAMPLE_2025_01_TnT.xlsx,Shipper View
2025,1,Jan,202501,Q1,2025-01-01,0009100012|MAI002,0009100012,Mail Services,No,MAI002,Mail Services - Regional,Kansas City,MO,64108,SECOND DAY AIR,2nd Day Air / Expedited,2DA,Expedited,Domestic,Yes,413,0,8,8,405,SAMPLE_2025_01_TnT.xlsx,Shipper View
2025,1,Jan,202501,Q1,2025-01-01,0009100012|MAI002,0009100012,Mail Services,No,MAI002,Mail Services - Regional,Kansas City,MO,64108,SECOND DAY EARLY AM,2nd Day Air Early A.M.,2DA AM,Expedited,Domestic,Yes,16,0,0,0,16,SAMPLE_2025_01_TnT.xlsx,Shipper View
2025,1,Jan,202501,Q1,2025-01-01,0009100012|MAI002,0009100012,Mail Services,No,MAI002,Mail Services - Regional,Kansas City,MO,64108,NEXT DAY AIR SAVER,Next Day Air Saver,NDA Saver,Premium,Domestic,Yes,134,0,3,3,131,SAMPLE_2025_01_TnT.xlsx,Shipper View
2025,1,Jan,202501,Q1,2025-01-01,0009100012|MAI002,0009100012,Mail Services,No,MAI002,Mail Services - Regional,Kansas City,MO,64108,NEXT DAY AIR,Next Day Air / Express,NDA,Premium,Domestic,Yes,667,0,19,19,648,SAMPLE_2025_01_TnT.xlsx,Shipper View
2025,1,Jan,202501,Q1,2025-01-01,0009100012|MAI002,0009100012,Mail Services,No,MAI002,Mail Services - Regional,Kansas City,MO,64108,UPS EXPRESS EARLY,Next Day Air Early,NDA Early,Premium,Domestic,Yes,1,0,0,0,1,SAMPLE_2025_01_TnT.xlsx,Shipper View
2025,1,Jan,202501,Q1,2025-01-01,0009100012|MAI002,0009100012,Mail Services,No,MAI002,Mail Services - Regional,Kansas City,MO,64108,INTERNATIONAL EXPRESS,International Express,Intl Express,Premium,International,Yes,1,0,0,0,1,SAMPLE_2025_01_TnT.xlsx,Shipper View
2025,1,Jan,202501,Q1,2025-01-01,0009100012|MAI002,0009100012,Mail Services,No,MAI002,Mail Services - Regional,Kansas City,MO,64108,INTERNATIONAL EXPRESS SAVER,International Express Saver,Intl Saver,Premium,International,Yes,1,0,0,0,1,SAMPLE_2025_01_TnT.xlsx,Shipper View
2025,1,Jan,202501,Q1,2025-01-01,0009100013|VEN003,0009100013,Vendor Programs,No,VEN003,Vendor Programs - Print,Aurora,IL,60502,GROUND,Ground,Ground,Deferred,Domestic,Yes,4780,19,157,176,4604,SAMPLE_2025_01_TnT.xlsx,Shipper View
2025,1,Jan,202501,Q1,2025-01-01,0009100013|VEN003,0009100013,Vendor Programs,No,VEN003,Vendor Programs - Print,Aurora,IL,60502,THREE DAY SELECT,3 Day Select,3DS,Deferred,Domestic,Yes,57,0,0,0,57,SAMPLE_2025_01_TnT.xlsx,Shipper View
2025,1,Jan,202501,Q1,2025-01-01,0009100013|VEN003,0009100013,Vendor Programs,No,VEN003,Vendor Programs - Print,Aurora,IL,60502,SECOND DAY AIR,2nd Day Air / Expedited,2DA,Expedited,Domestic,Yes,673,1,11,12,661,SAMPLE_2025_01_TnT.xlsx,Shipper View
2025,1,Jan,202501,Q1,2025-01-01,0009100013|VEN003,0009100013,Vendor Programs,No,VEN003,Vendor Programs - Print,Aurora,IL,60502,SECOND DAY EARLY AM,2nd Day Air Early A.M.,2DA AM,Expedited,Domestic,Yes,28,0,1,1,27,SAMPLE_2025_01_TnT.xlsx,Shipper View
2025,1,Jan,202501,Q1,2025-01-01,0009100013|VEN003,0009100013,Vendor Programs,No,VEN003,Vendor Programs - Print,Aurora,IL,60502,NEXT DAY AIR SAVER,Next Day Air Saver,NDA Saver,Premium,Domestic,Yes,279,0,6,6,273,SAMPLE_2025_01_TnT.xlsx,Shipper View
2025,1,Jan,202501,Q1,2025-01-01,0009100013|VEN003,0009100013,Vendor Programs,No,VEN003,Vendor Programs - Print,Aurora,IL,60502,NEXT DAY AIR,Next Day Air / Express,NDA,Premium,Domestic,Yes,1031,2,31,33,998,SAMPLE_2025_01_TnT.xlsx,Shipper View
2025,1,Jan,202501,Q1,2025-01-01,0009100013|VEN003,0009100013,Vendor Programs,No,VEN003,Vendor Programs - Print,Aurora,IL,60502,UPS EXPRESS EARLY,Next Day Air Early,NDA Early,Premium,Domestic,Yes,2,0,0,0,2,SAMPLE_2025_01_TnT.xlsx,Shipper View
2025,1,Jan,202501,Q1,2025-01-01,0009100013|VEN003,0009100013,Vendor Programs,No,VEN003,Vendor Programs - Print,Aurora,IL,60502,INTERNATIONAL EXPRESS,International Express,Intl Express,Premium,International,Yes,3,0,0,0,3,SAMPLE_2025_01_TnT.xlsx,Shipper View
2025,1,Jan,202501,Q1,2025-01-01,0009100013|VEN003,0009100013,Vendor Programs,No,VEN003,Vendor Programs - Print,Aurora,IL,60502,INTERNATIONAL EXPRESS SAVER,International Express Saver,Intl Saver,Premium,International,Yes,2,0,0,0,2,SAMPLE_2025_01_TnT.xlsx,Shipper View
2025,1,Jan,202501,Q1,2025-01-01,0009100013|VEN004,0009100013,Vendor Programs,No,VEN004,Vendor Programs - Fulfilment,Aurora,IL,60502,GROUND,Ground,Ground,Deferred,Domestic,Yes,4476,18,170,188,4288,SAMPLE_2025_01_TnT.xlsx,Shipper View
2025,1,Jan,202501,Q1,2025-01-01,0009100013|VEN004,0009100013,Vendor Programs,No,VEN004,Vendor Programs - Fulfilment,Aurora,IL,60502,THREE DAY SELECT,3 Day Select,3DS,Deferred,Domestic,Yes,46,0,0,0,46,SAMPLE_2025_01_TnT.xlsx,Shipper View
2025,1,Jan,202501,Q1,2025-01-01,0009100013|VEN004,0009100013,Vendor Programs,No,VEN004,Vendor Programs - Fulfilment,Aurora,IL,60502,SECOND DAY AIR,2nd Day Air / Expedited,2DA,Expedited,Domestic,Yes,456,0,7,7,449,SAMPLE_2025_01_TnT.xlsx,Shipper View
2025,1,Jan,202501,Q1,2025-01-01,0009100013|VEN004,0009100013,Vendor Programs,No,VEN004,Vendor Programs - Fulfilment,Aurora,IL,60502,SECOND DAY EARLY AM,2nd Day Air Early A.M.,2DA AM,Expedited,Domestic,Yes,23,0,0,0,23,SAMPLE_2025_01_TnT.xlsx,Shipper View
2025,1,Jan,202501,Q1,2025-01-01,0009100013|VEN004,0009100013,Vendor Programs,No,VEN004,Vendor Programs - Fulfilment,Aurora,IL,60502,NEXT DAY AIR SAVER,Next Day Air Saver,NDA Saver,Premium,Domestic,Yes,178,0,4,4,174,SAMPLE_2025_01_TnT.xlsx,Shipper View
2025,1,Jan,202501,Q1,2025-01-01,0009100013|VEN004,0009100013,Vendor Programs,No,VEN004,Vendor Programs - Fulfilment,Aurora,IL,60502,NEXT DAY AIR,Next Day Air / Express,NDA,Premium,Domestic,Yes,651,1,19,20,631,SAMPLE_2025_01_TnT.xlsx,Shipper View
2025,1,Jan,202501,Q1,2025-01-01,0009100013|VEN004,0009100013,Vendor Programs,No,VEN004,Vendor Programs - Fulfilment,Aurora,IL,60502,UPS EXPRESS EARLY,Next Day Air Early,NDA Early,Premium,Domestic,Yes,2,0,0,0,2,SAMPLE_2025_01_TnT.xlsx,Shipper View
2025,1,Jan,202501,Q1,2025-01-01,0009100013|VEN004,0009100013,Vendor Programs,No,VEN004,Vendor Programs - Fulfilment,Aurora,IL,60502,INTERNATIONAL EXPRESS,International Express,Intl Express,Premium,International,Yes,2,0,0,0,2,SAMPLE_2025_01_TnT.xlsx,Shipper View
2025,1,Jan,202501,Q1,2025-01-01,0009100013|VEN004,0009100013,Vendor Programs,No,VEN004,Vendor Programs - Fulfilment,Aurora,IL,60502,INTERNATIONAL EXPRESS SAVER,International Express Saver,Intl Saver,Premium,International,Yes,1,0,0,0,1,SAMPLE_2025_01_TnT.xlsx,Shipper View
2025,1,Jan,202501,Q1,2025-01-01,0009100014|FLD005,0009100014,Field Administration,No,FLD005,Field Administration - North,Madison,WI,53703,GROUND,Ground,Ground,Deferred,Domestic,Yes,6866,9,274,283,6583,SAMPLE_2025_01_TnT.xlsx,Shipper View
2025,1,Jan,202501,Q1,2025-01-01,0009100014|FLD005,0009100014,Field Administration,No,FLD005,Field Administration - North,Madison,WI,53703,THREE DAY SELECT,3 Day Select,3DS,Deferred,Domestic,Yes,89,0,1,1,88,SAMPLE_2025_01_TnT.xlsx,Shipper View
2025,1,Jan,202501,Q1,2025-01-01,0009100014|FLD005,0009100014,Field Administration,No,FLD005,Field Administration - North,Madison,WI,53703,SECOND DAY AIR,2nd Day Air / Expedited,2DA,Expedited,Domestic,Yes,816,0,14,14,802,SAMPLE_2025_01_TnT.xlsx,Shipper View
2025,1,Jan,202501,Q1,2025-01-01,0009100014|FLD005,0009100014,Field Administration,No,FLD005,Field Administration - North,Madison,WI,53703,SECOND DAY EARLY AM,2nd Day Air Early A.M.,2DA AM,Expedited,Domestic,Yes,45,0,1,1,44,SAMPLE_2025_01_TnT.xlsx,Shipper View
2025,1,Jan,202501,Q1,2025-01-01,0009100014|FLD005,0009100014,Field Administration,No,FLD005,Field Administration - North,Madison,WI,53703,NEXT DAY AIR SAVER,Next Day Air Saver,NDA Saver,Premium,Domestic,Yes,336,0,8,8,328,SAMPLE_2025_01_TnT.xlsx,Shipper View
2025,1,Jan,202501,Q1,2025-01-01,0009100014|FLD005,0009100014,Field Administration,No,FLD005,Field Administration - North,Madison,WI,53703,NEXT DAY AIR,Next Day Air / Express,NDA,Premium,Domestic,Yes,1206,1,39,40,1166,SAMPLE_2025_01_TnT.xlsx,Shipper View
2025,1,Jan,202501,Q1,2025-01-01,0009100014|FLD005,0009100014,Field Administration,No,FLD005,Field Administration - North,Madison,WI,53703,UPS EXPRESS EARLY,Next Day Air Early,NDA Early,Premium,Domestic,Yes,4,0,0,0,4,SAMPLE_2025_01_TnT.xlsx,Shipper View
2025,1,Jan,202501,Q1,2025-01-01,0009100014|FLD005,0009100014,Field Administration,No,FLD005,Field Administration - North,Madison,WI,53703,INTERNATIONAL EXPRESS,International Express,Intl Express,Premium,International,Yes,6,0,0,0,6,SAMPLE_2025_01_TnT.xlsx,Shipper View
2025,1,Jan,202501,Q1,2025-01-01,0009100014|FLD005,0009100014,Field Administration,No,FLD005,Field Administration - North,Madison,WI,53703,INTERNATIONAL EXPRESS SAVER,International Express Saver,Intl Saver,Premium,International,Yes,4,0,0,0,4,SAMPLE_2025_01_TnT.xlsx,Shipper View
2025,1,Jan,202501,Q1,2025-01-01,0009100015|HQX006,0009100015,Corporate HQ,No,HQX006,Corporate HQ - Facilities,Columbus,OH,43004,GROUND,Ground,Ground,Deferred,Domestic,Yes,1745,4,67,71,1674,SAMPLE_2025_01_TnT.xlsx,Shipper View
2025,1,Jan,202501,Q1,2025-01-01,0009100015|HQX006,0009100015,Corporate HQ,No,HQX006,Corporate HQ - Facilities,Columbus,OH,43004,THREE DAY SELECT,3 Day Select,3DS,Deferred,Domestic,Yes,31,0,0,0,31,SAMPLE_2025_01_TnT.xlsx,Shipper View
2025,1,Jan,202501,Q1,2025-01-01,0009100015|HQX006,0009100015,Corporate HQ,No,HQX006,Corporate HQ - Facilities,Columbus,OH,43004,SECOND DAY AIR,2nd Day Air / Expedited,2DA,Expedited,Domestic,Yes,227,0,4,4,223,SAMPLE_2025_01_TnT.xlsx,Shipper View
2025,1,Jan,202501,Q1,2025-01-01,0009100015|HQX006,0009100015,Corporate HQ,No,HQX006,Corporate HQ - Facilities,Columbus,OH,43004,SECOND DAY EARLY AM,2nd Day Air Early A.M.,2DA AM,Expedited,Domestic,Yes,13,0,0,0,13,SAMPLE_2025_01_TnT.xlsx,Shipper View
2025,1,Jan,202501,Q1,2025-01-01,0009100015|HQX006,0009100015,Corporate HQ,No,HQX006,Corporate HQ - Facilities,Columbus,OH,43004,NEXT DAY AIR SAVER,Next Day Air Saver,NDA Saver,Premium,Domestic,Yes,114,0,3,3,111,SAMPLE_2025_01_TnT.xlsx,Shipper View
2025,1,Jan,202501,Q1,2025-01-01,0009100015|HQX006,0009100015,Corporate HQ,No,HQX006,Corporate HQ - Facilities,Columbus,OH,43004,NEXT DAY AIR,Next Day Air / Express,NDA,Premium,Domestic,Yes,445,0,15,15,430,SAMPLE_2025_01_TnT.xlsx,Shipper View
2025,1,Jan,202501,Q1,2025-01-01,0009100015|HQX006,0009100015,Corporate HQ,No,HQX006,Corporate HQ - Facilities,Columbus,OH,43004,UPS EXPRESS EARLY,Next Day Air Early,NDA Early,Premium,Domestic,Yes,1,0,0,0,1,SAMPLE_2025_01_TnT.xlsx,Shipper View
2025,1,Jan,202501,Q1,2025-01-01,0009100015|HQX006,0009100015,Corporate HQ,No,HQX006,Corporate HQ - Facilities,Columbus,OH,43004,INTERNATIONAL EXPRESS,International Express,Intl Express,Premium,International,Yes,1,0,0,0,1,SAMPLE_2025_01_TnT.xlsx,Shipper View
2025,1,Jan,202501,Q1,2025-01-01,0009100016|RTL007,0009100016,Retail Partner Network,No,RTL007,Retail Partner Network - Stores,Phoenix,AZ,85004,GROUND,Ground,Ground,Deferred,Domestic,Yes,11588,48,442,490,11098,SAMPLE_2025_01_TnT.xlsx,Shipper View
2025,1,Jan,202501,Q1,2025-01-01,0009100016|RTL007,0009100016,Retail Partner Network,No,RTL007,Retail Partner Network - Stores,Phoenix,AZ,85004,THREE DAY SELECT,3 Day Select,3DS,Deferred,Domestic,Yes,152,0,1,1,151,SAMPLE_2025_01_TnT.xlsx,Shipper View
2025,1,Jan,202501,Q1,2025-01-01,0009100016|RTL007,0009100016,Retail Partner Network,No,RTL007,Retail Partner Network - Stores,Phoenix,AZ,85004,SECOND DAY AIR,2nd Day Air / Expedited,2DA,Expedited,Domestic,Yes,1515,0,24,24,1491,SAMPLE_2025_01_TnT.xlsx,Shipper View
2025,1,Jan,202501,Q1,2025-01-01,0009100016|RTL007,0009100016,Retail Partner Network,No,RTL007,Retail Partner Network - Stores,Phoenix,AZ,85004,SECOND DAY EARLY AM,2nd Day Air Early A.M.,2DA AM,Expedited,Domestic,Yes,67,0,1,1,66,SAMPLE_2025_01_TnT.xlsx,Shipper View
2025,1,Jan,202501,Q1,2025-01-01,0009100016|RTL007,0009100016,Retail Partner Network,No,RTL007,Retail Partner Network - Stores,Phoenix,AZ,85004,NEXT DAY AIR SAVER,Next Day Air Saver,NDA Saver,Premium,Domestic,Yes,592,0,14,14,578,SAMPLE_2025_01_TnT.xlsx,Shipper View
2025,1,Jan,202501,Q1,2025-01-01,0009100016|RTL007,0009100016,Retail Partner Network,No,RTL007,Retail Partner Network - Stores,Phoenix,AZ,85004,NEXT DAY AIR,Next Day Air / Express,NDA,Premium,Domestic,Yes,1818,3,53,56,1762,SAMPLE_2025_01_TnT.xlsx,Shipper View
2025,1,Jan,202501,Q1,2025-01-01,0009100016|RTL007,0009100016,Retail Partner Network,No,RTL007,Retail Partner Network - Stores,Phoenix,AZ,85004,UPS EXPRESS EARLY,Next Day Air Early,NDA Early,Premium,Domestic,Yes,8,0,0,0,8,SAMPLE_2025_01_TnT.xlsx,Shipper View
2025,1,Jan,202501,Q1,2025-01-01,0009100016|RTL007,0009100016,Retail Partner Network,No,RTL007,Retail Partner Network - Stores,Phoenix,AZ,85004,INTERNATIONAL EXPRESS,International Express,Intl Express,Premium,International,Yes,8,0,0,0,8,SAMPLE_2025_01_TnT.xlsx,Shipper View
2025,1,Jan,202501,Q1,2025-01-01,0009100016|RTL007,0009100016,Retail Partner Network,No,RTL007,Retail Partner Network - Stores,Phoenix,AZ,85004,INTERNATIONAL EXPRESS SAVER,International Express Saver,Intl Saver,Premium,International,Yes,5,0,0,0,5,SAMPLE_2025_01_TnT.xlsx,Shipper View
2025,1,Jan,202501,Q1,2025-01-01,0009100016|RTL007,0009100016,Retail Partner Network,No,RTL007,Retail Partner Network - Stores,Phoenix,AZ,85004,INTERNATIONAL EXPEDITED,International Expedited,Intl Expedited,Expedited,International,Yes,2,0,0,0,2,SAMPLE_2025_01_TnT.xlsx,Shipper View
2025,1,Jan,202501,Q1,2025-01-01,0009100017|CSH008,0009100017,Cash Operations,No,CSH008,Cash Operations - Processing,Newark,NJ,07102,GROUND,Ground,Ground,Deferred,Domestic,Yes,4350,8,175,183,4167,SAMPLE_2025_01_TnT.xlsx,Shipper View
2025,1,Jan,202501,Q1,2025-01-01,0009100017|CSH008,0009100017,Cash Operations,No,CSH008,Cash Operations - Processing,Newark,NJ,07102,THREE DAY SELECT,3 Day Select,3DS,Deferred,Domestic,Yes,45,0,0,0,45,SAMPLE_2025_01_TnT.xlsx,Shipper View
2025,1,Jan,202501,Q1,2025-01-01,0009100017|CSH008,0009100017,Cash Operations,No,CSH008,Cash Operations - Processing,Newark,NJ,07102,SECOND DAY AIR,2nd Day Air / Expedited,2DA,Expedited,Domestic,Yes,446,0,8,8,438,SAMPLE_2025_01_TnT.xlsx,Shipper View
2025,1,Jan,202501,Q1,2025-01-01,0009100017|CSH008,0009100017,Cash Operations,No,CSH008,Cash Operations - Processing,Newark,NJ,07102,SECOND DAY EARLY AM,2nd Day Air Early A.M.,2DA AM,Expedited,Domestic,Yes,21,0,1,1,20,SAMPLE_2025_01_TnT.xlsx,Shipper View
2025,1,Jan,202501,Q1,2025-01-01,0009100017|CSH008,0009100017,Cash Operations,No,CSH008,Cash Operations - Processing,Newark,NJ,07102,NEXT DAY AIR SAVER,Next Day Air Saver,NDA Saver,Premium,Domestic,Yes,197,0,5,5,192,SAMPLE_2025_01_TnT.xlsx,Shipper View
2025,1,Jan,202501,Q1,2025-01-01,0009100017|CSH008,0009100017,Cash Operations,No,CSH008,Cash Operations - Processing,Newark,NJ,07102,NEXT DAY AIR,Next Day Air / Express,NDA,Premium,Domestic,Yes,760,2,23,25,735,SAMPLE_2025_01_TnT.xlsx,Shipper View
2025,1,Jan,202501,Q1,2025-01-01,0009100017|CSH008,0009100017,Cash Operations,No,CSH008,Cash Operations - Processing,Newark,NJ,07102,UPS EXPRESS EARLY,Next Day Air Early,NDA Early,Premium,Domestic,Yes,2,0,0,0,2,SAMPLE_2025_01_TnT.xlsx,Shipper View
2025,1,Jan,202501,Q1,2025-01-01,0009100017|CSH008,0009100017,Cash Operations,No,CSH008,Cash Operations - Processing,Newark,NJ,07102,INTERNATIONAL EXPRESS,International Express,Intl Express,Premium,International,Yes,3,0,0,0,3,SAMPLE_2025_01_TnT.xlsx,Shipper View
2025,1,Jan,202501,Q1,2025-01-01,0009100017|CSH008,0009100017,Cash Operations,No,CSH008,Cash Operations - Processing,Newark,NJ,07102,INTERNATIONAL EXPRESS SAVER,International Express Saver,Intl Saver,Premium,International,Yes,2,0,0,0,2,SAMPLE_2025_01_TnT.xlsx,Shipper View
2025,1,Jan,202501,Q1,2025-01-01,@@|TCO009,@@,Unassigned Sub-Parent,Yes,TCO009,Transfer Co Operations,Whippany,NJ,07981,GROUND,Ground,Ground,Deferred,Domestic,Yes,583,0,21,21,562,SAMPLE_2025_01_TnT.xlsx,Shipper View
2025,1,Jan,202501,Q1,2025-01-01,@@|TCO009,@@,Unassigned Sub-Parent,Yes,TCO009,Transfer Co Operations,Whippany,NJ,07981,THREE DAY SELECT,3 Day Select,3DS,Deferred,Domestic,Yes,5,0,0,0,5,SAMPLE_2025_01_TnT.xlsx,Shipper View
2025,1,Jan,202501,Q1,2025-01-01,@@|TCO009,@@,Unassigned Sub-Parent,Yes,TCO009,Transfer Co Operations,Whippany,NJ,07981,SECOND DAY AIR,2nd Day Air / Expedited,2DA,Expedited,Domestic,Yes,73,0,1,1,72,SAMPLE_2025_01_TnT.xlsx,Shipper View
2025,1,Jan,202501,Q1,2025-01-01,@@|TCO009,@@,Unassigned Sub-Parent,Yes,TCO009,Transfer Co Operations,Whippany,NJ,07981,SECOND DAY EARLY AM,2nd Day Air Early A.M.,2DA AM,Expedited,Domestic,Yes,1,0,0,0,1,SAMPLE_2025_01_TnT.xlsx,Shipper View
2025,1,Jan,202501,Q1,2025-01-01,@@|TCO009,@@,Unassigned Sub-Parent,Yes,TCO009,Transfer Co Operations,Whippany,NJ,07981,NEXT DAY AIR SAVER,Next Day Air Saver,NDA Saver,Premium,Domestic,Yes,19,0,0,0,19,SAMPLE_2025_01_TnT.xlsx,Shipper View
2025,1,Jan,202501,Q1,2025-01-01,@@|TCO009,@@,Unassigned Sub-Parent,Yes,TCO009,Transfer Co Operations,Whippany,NJ,07981,NEXT DAY AIR,Next Day Air / Express,NDA,Premium,Domestic,Yes,90,0,3,3,87,SAMPLE_2025_01_TnT.xlsx,Shipper View
2025,2,Feb,202502,Q1,2025-02-01,0009100011|TCH001,0009100011,Technology Operations,No,TCH001,Technology Operations - Central,Columbus,OH,43004,GROUND,Ground,Ground,Deferred,Domestic,Yes,17647,13,735,748,16899,SAMPLE_2025_02_TnT.xlsx,Shipper View
2025,2,Feb,202502,Q1,2025-02-01,0009100011|TCH001,0009100011,Technology Operations,No,TCH001,Technology Operations - Central,Columbus,OH,43004,THREE DAY SELECT,3 Day Select,3DS,Deferred,Domestic,Yes,177,0,1,1,176,SAMPLE_2025_02_TnT.xlsx,Shipper View
2025,2,Feb,202502,Q1,2025-02-01,0009100011|TCH001,0009100011,Technology Operations,No,TCH001,Technology Operations - Central,Columbus,OH,43004,SECOND DAY AIR,2nd Day Air / Expedited,2DA,Expedited,Domestic,Yes,2140,1,39,40,2100,SAMPLE_2025_02_TnT.xlsx,Shipper View
2025,2,Feb,202502,Q1,2025-02-01,0009100011|TCH001,0009100011,Technology Operations,No,TCH001,Technology Operations - Central,Columbus,OH,43004,SECOND DAY EARLY AM,2nd Day Air Early A.M.,2DA AM,Expedited,Domestic,Yes,93,0,2,2,91,SAMPLE_2025_02_TnT.xlsx,Shipper View
2025,2,Feb,202502,Q1,2025-02-01,0009100011|TCH001,0009100011,Technology Operations,No,TCH001,Technology Operations - Central,Columbus,OH,43004,NEXT DAY AIR SAVER,Next Day Air Saver,NDA Saver,Premium,Domestic,Yes,845,1,21,22,823,SAMPLE_2025_02_TnT.xlsx,Shipper View
2025,2,Feb,202502,Q1,2025-02-01,0009100011|TCH001,0009100011,Technology Operations,No,TCH001,Technology Operations - Central,Columbus,OH,43004,NEXT DAY AIR,Next Day Air / Express,NDA,Premium,Domestic,Yes,2477,0,86,86,2391,SAMPLE_2025_02_TnT.xlsx,Shipper View
2025,2,Feb,202502,Q1,2025-02-01,0009100011|TCH001,0009100011,Technology Operations,No,TCH001,Technology Operations - Central,Columbus,OH,43004,UPS EXPRESS EARLY,Next Day Air Early,NDA Early,Premium,Domestic,Yes,12,0,0,0,12,SAMPLE_2025_02_TnT.xlsx,Shipper View
2025,2,Feb,202502,Q1,2025-02-01,0009100011|TCH001,0009100011,Technology Operations,No,TCH001,Technology Operations - Central,Columbus,OH,43004,INTERNATIONAL EXPRESS,International Express,Intl Express,Premium,International,Yes,14,0,1,1,13,SAMPLE_2025_02_TnT.xlsx,Shipper View
2025,2,Feb,202502,Q1,2025-02-01,0009100011|TCH001,0009100011,Technology Operations,No,TCH001,Technology Operations - Central,Columbus,OH,43004,INTERNATIONAL EXPRESS SAVER,International Express Saver,Intl Saver,Premium,International,Yes,11,0,0,0,11,SAMPLE_2025_02_TnT.xlsx,Shipper View
2025,2,Feb,202502,Q1,2025-02-01,0009100011|TCH001,0009100011,Technology Operations,No,TCH001,Technology Operations - Central,Columbus,OH,43004,INTERNATIONAL EXPEDITED,International Expedited,Intl Expedited,Expedited,International,Yes,2,0,0,0,2,SAMPLE_2025_02_TnT.xlsx,Shipper View
2025,2,Feb,202502,Q1,2025-02-01,0009100012|MAI002,0009100012,Mail Services,No,MAI002,Mail Services - Regional,Kansas City,MO,64108,GROUND,Ground,Ground,Deferred,Domestic,Yes,2980,2,110,112,2868,SAMPLE_2025_02_TnT.xlsx,Shipper View
2025,2,Feb,202502,Q1,2025-02-01,0009100012|MAI002,0009100012,Mail Services,No,MAI002,Mail Services - Regional,Kansas City,MO,64108,THREE DAY SELECT,3 Day Select,3DS,Deferred,Domestic,Yes,33,0,0,0,33,SAMPLE_2025_02_TnT.xlsx,Shipper View
2025,2,Feb,202502,Q1,2025-02-01,0009100012|MAI002,0009100012,Mail Services,No,MAI002,Mail Services - Regional,Kansas City,MO,64108,SECOND DAY AIR,2nd Day Air / Expedited,2DA,Expedited,Domestic,Yes,302,0,6,6,296,SAMPLE_2025_02_TnT.xlsx,Shipper View
2025,2,Feb,202502,Q1,2025-02-01,0009100012|MAI002,0009100012,Mail Services,No,MAI002,Mail Services - Regional,Kansas City,MO,64108,SECOND DAY EARLY AM,2nd Day Air Early A.M.,2DA AM,Expedited,Domestic,Yes,16,0,0,0,16,SAMPLE_2025_02_TnT.xlsx,Shipper View
2025,2,Feb,202502,Q1,2025-02-01,0009100012|MAI002,0009100012,Mail Services,No,MAI002,Mail Services - Regional,Kansas City,MO,64108,NEXT DAY AIR SAVER,Next Day Air Saver,NDA Saver,Premium,Domestic,Yes,134,0,3,3,131,SAMPLE_2025_02_TnT.xlsx,Shipper View
2025,2,Feb,202502,Q1,2025-02-01,0009100012|MAI002,0009100012,Mail Services,No,MAI002,Mail Services - Regional,Kansas City,MO,64108,NEXT DAY AIR,Next Day Air / Express,NDA,Premium,Domestic,Yes,497,1,15,16,481,SAMPLE_2025_02_TnT.xlsx,Shipper View
2025,2,Feb,202502,Q1,2025-02-01,0009100012|MAI002,0009100012,Mail Services,No,MAI002,Mail Services - Regional,Kansas City,MO,64108,UPS EXPRESS EARLY,Next Day Air Early,NDA Early,Premium,Domestic,Yes,1,0,0,0,1,SAMPLE_2025_02_TnT.xlsx,Shipper View
2025,2,Feb,202502,Q1,2025-02-01,0009100012|MAI002,0009100012,Mail Services,No,MAI002,Mail Services - Regional,Kansas City,MO,64108,INTERNATIONAL EXPRESS,International Express,Intl Express,Premium,International,Yes,2,0,0,0,2,SAMPLE_2025_02_TnT.xlsx,Shipper View
2025,2,Feb,202502,Q1,2025-02-01,0009100013|VEN003,0009100013,Vendor Programs,No,VEN003,Vendor Programs - Print,Aurora,IL,60502,GROUND,Ground,Ground,Deferred,Domestic,Yes,3644,10,133,143,3501,SAMPLE_2025_02_TnT.xlsx,Shipper View
2025,2,Feb,202502,Q1,2025-02-01,0009100013|VEN003,0009100013,Vendor Programs,No,VEN003,Vendor Programs - Print,Aurora,IL,60502,THREE DAY SELECT,3 Day Select,3DS,Deferred,Domestic,Yes,63,0,0,0,63,SAMPLE_2025_02_TnT.xlsx,Shipper View
2025,2,Feb,202502,Q1,2025-02-01,0009100013|VEN003,0009100013,Vendor Programs,No,VEN003,Vendor Programs - Print,Aurora,IL,60502,SECOND DAY AIR,2nd Day Air / Expedited,2DA,Expedited,Domestic,Yes,538,0,10,10,528,SAMPLE_2025_02_TnT.xlsx,Shipper View
2025,2,Feb,202502,Q1,2025-02-01,0009100013|VEN003,0009100013,Vendor Programs,No,VEN003,Vendor Programs - Print,Aurora,IL,60502,SECOND DAY EARLY AM,2nd Day Air Early A.M.,2DA AM,Expedited,Domestic,Yes,23,0,0,0,23,SAMPLE_2025_02_TnT.xlsx,Shipper View
2025,2,Feb,202502,Q1,2025-02-01,0009100013|VEN003,0009100013,Vendor Programs,No,VEN003,Vendor Programs - Print,Aurora,IL,60502,NEXT DAY AIR SAVER,Next Day Air Saver,NDA Saver,Premium,Domestic,Yes,212,0,5,5,207,SAMPLE_2025_02_TnT.xlsx,Shipper View
2025,2,Feb,202502,Q1,2025-02-01,0009100013|VEN003,0009100013,Vendor Programs,No,VEN003,Vendor Programs - Print,Aurora,IL,60502,NEXT DAY AIR,Next Day Air / Express,NDA,Premium,Domestic,Yes,781,2,22,24,757,SAMPLE_2025_02_TnT.xlsx,Shipper View
2025,2,Feb,202502,Q1,2025-02-01,0009100013|VEN003,0009100013,Vendor Programs,No,VEN003,Vendor Programs - Print,Aurora,IL,60502,UPS EXPRESS EARLY,Next Day Air Early,NDA Early,Premium,Domestic,Yes,2,0,0,0,2,SAMPLE_2025_02_TnT.xlsx,Shipper View
2025,2,Feb,202502,Q1,2025-02-01,0009100013|VEN003,0009100013,Vendor Programs,No,VEN003,Vendor Programs - Print,Aurora,IL,60502,INTERNATIONAL EXPRESS,International Express,Intl Express,Premium,International,Yes,3,0,0,0,3,SAMPLE_2025_02_TnT.xlsx,Shipper View
2025,2,Feb,202502,Q1,2025-02-01,0009100013|VEN003,0009100013,Vendor Programs,No,VEN003,Vendor Programs - Print,Aurora,IL,60502,INTERNATIONAL EXPRESS SAVER,International Express Saver,Intl Saver,Premium,International,Yes,1,0,0,0,1,SAMPLE_2025_02_TnT.xlsx,Shipper View
2025,2,Feb,202502,Q1,2025-02-01,0009100013|VEN004,0009100013,Vendor Programs,No,VEN004,Vendor Programs - Fulfilment,Aurora,IL,60502,GROUND,Ground,Ground,Deferred,Domestic,Yes,2729,9,107,116,2613,SAMPLE_2025_02_TnT.xlsx,Shipper View
2025,2,Feb,202502,Q1,2025-02-01,0009100013|VEN004,0009100013,Vendor Programs,No,VEN004,Vendor Programs - Fulfilment,Aurora,IL,60502,THREE DAY SELECT,3 Day Select,3DS,Deferred,Domestic,Yes,37,0,0,0,37,SAMPLE_2025_02_TnT.xlsx,Shipper View
2025,2,Feb,202502,Q1,2025-02-01,0009100013|VEN004,0009100013,Vendor Programs,No,VEN004,Vendor Programs - Fulfilment,Aurora,IL,60502,SECOND DAY AIR,2nd Day Air / Expedited,2DA,Expedited,Domestic,Yes,376,0,6,6,370,SAMPLE_2025_02_TnT.xlsx,Shipper View
2025,2,Feb,202502,Q1,2025-02-01,0009100013|VEN004,0009100013,Vendor Programs,No,VEN004,Vendor Programs - Fulfilment,Aurora,IL,60502,SECOND DAY EARLY AM,2nd Day Air Early A.M.,2DA AM,Expedited,Domestic,Yes,13,0,0,0,13,SAMPLE_2025_02_TnT.xlsx,Shipper View
2025,2,Feb,202502,Q1,2025-02-01,0009100013|VEN004,0009100013,Vendor Programs,No,VEN004,Vendor Programs - Fulfilment,Aurora,IL,60502,NEXT DAY AIR SAVER,Next Day Air Saver,NDA Saver,Premium,Domestic,Yes,153,0,4,4,149,SAMPLE_2025_02_TnT.xlsx,Shipper View
2025,2,Feb,202502,Q1,2025-02-01,0009100013|VEN004,0009100013,Vendor Programs,No,VEN004,Vendor Programs - Fulfilment,Aurora,IL,60502,NEXT DAY AIR,Next Day Air / Express,NDA,Premium,Domestic,Yes,557,0,17,17,540,SAMPLE_2025_02_TnT.xlsx,Shipper View
2025,2,Feb,202502,Q1,2025-02-01,0009100013|VEN004,0009100013,Vendor Programs,No,VEN004,Vendor Programs - Fulfilment,Aurora,IL,60502,UPS EXPRESS EARLY,Next Day Air Early,NDA Early,Premium,Domestic,Yes,1,0,0,0,1,SAMPLE_2025_02_TnT.xlsx,Shipper View
2025,2,Feb,202502,Q1,2025-02-01,0009100013|VEN004,0009100013,Vendor Programs,No,VEN004,Vendor Programs - Fulfilment,Aurora,IL,60502,INTERNATIONAL EXPRESS,International Express,Intl Express,Premium,International,Yes,1,0,0,0,1,SAMPLE_2025_02_TnT.xlsx,Shipper View
2025,2,Feb,202502,Q1,2025-02-01,0009100013|VEN004,0009100013,Vendor Programs,No,VEN004,Vendor Programs - Fulfilment,Aurora,IL,60502,INTERNATIONAL EXPRESS SAVER,International Express Saver,Intl Saver,Premium,International,Yes,1,0,0,0,1,SAMPLE_2025_02_TnT.xlsx,Shipper View
2025,2,Feb,202502,Q1,2025-02-01,0009100014|FLD005,0009100014,Field Administration,No,FLD005,Field Administration - North,Madison,WI,53703,GROUND,Ground,Ground,Deferred,Domestic,Yes,5077,8,178,186,4891,SAMPLE_2025_02_TnT.xlsx,Shipper View
2025,2,Feb,202502,Q1,2025-02-01,0009100014|FLD005,0009100014,Field Administration,No,FLD005,Field Administration - North,Madison,WI,53703,THREE DAY SELECT,3 Day Select,3DS,Deferred,Domestic,Yes,81,0,0,0,81,SAMPLE_2025_02_TnT.xlsx,Shipper View
2025,2,Feb,202502,Q1,2025-02-01,0009100014|FLD005,0009100014,Field Administration,No,FLD005,Field Administration - North,Madison,WI,53703,SECOND DAY AIR,2nd Day Air / Expedited,2DA,Expedited,Domestic,Yes,577,0,10,10,567,SAMPLE_2025_02_TnT.xlsx,Shipper View
2025,2,Feb,202502,Q1,2025-02-01,0009100014|FLD005,0009100014,Field Administration,No,FLD005,Field Administration - North,Madison,WI,53703,SECOND DAY EARLY AM,2nd Day Air Early A.M.,2DA AM,Expedited,Domestic,Yes,30,0,1,1,29,SAMPLE_2025_02_TnT.xlsx,Shipper View
2025,2,Feb,202502,Q1,2025-02-01,0009100014|FLD005,0009100014,Field Administration,No,FLD005,Field Administration - North,Madison,WI,53703,NEXT DAY AIR SAVER,Next Day Air Saver,NDA Saver,Premium,Domestic,Yes,297,0,8,8,289,SAMPLE_2025_02_TnT.xlsx,Shipper View
2025,2,Feb,202502,Q1,2025-02-01,0009100014|FLD005,0009100014,Field Administration,No,FLD005,Field Administration - North,Madison,WI,53703,NEXT DAY AIR,Next Day Air / Express,NDA,Premium,Domestic,Yes,1079,2,34,36,1043,SAMPLE_2025_02_TnT.xlsx,Shipper View
2025,2,Feb,202502,Q1,2025-02-01,0009100014|FLD005,0009100014,Field Administration,No,FLD005,Field Administration - North,Madison,WI,53703,UPS EXPRESS EARLY,Next Day Air Early,NDA Early,Premium,Domestic,Yes,2,0,0,0,2,SAMPLE_2025_02_TnT.xlsx,Shipper View
2025,2,Feb,202502,Q1,2025-02-01,0009100014|FLD005,0009100014,Field Administration,No,FLD005,Field Administration - North,Madison,WI,53703,INTERNATIONAL EXPRESS,International Express,Intl Express,Premium,International,Yes,3,0,0,0,3,SAMPLE_2025_02_TnT.xlsx,Shipper View
2025,2,Feb,202502,Q1,2025-02-01,0009100014|FLD005,0009100014,Field Administration,No,FLD005,Field Administration - North,Madison,WI,53703,INTERNATIONAL EXPRESS SAVER,International Express Saver,Intl Saver,Premium,International,Yes,3,0,0,0,3,SAMPLE_2025_02_TnT.xlsx,Shipper View
2025,2,Feb,202502,Q1,2025-02-01,0009100015|HQX006,0009100015,Corporate HQ,No,HQX006,Corporate HQ - Facilities,Columbus,OH,43004,GROUND,Ground,Ground,Deferred,Domestic,Yes,1541,1,63,64,1477,SAMPLE_2025_02_TnT.xlsx,Shipper View
2025,2,Feb,202502,Q1,2025-02-01,0009100015|HQX006,0009100015,Corporate HQ,No,HQX006,Corporate HQ - Facilities,Columbus,OH,43004,THREE DAY SELECT,3 Day Select,3DS,Deferred,Domestic,Yes,25,0,0,0,25,SAMPLE_2025_02_TnT.xlsx,Shipper View
2025,2,Feb,202502,Q1,2025-02-01,0009100015|HQX006,0009100015,Corporate HQ,No,HQX006,Corporate HQ - Facilities,Columbus,OH,43004,SECOND DAY AIR,2nd Day Air / Expedited,2DA,Expedited,Domestic,Yes,243,0,4,4,239,SAMPLE_2025_02_TnT.xlsx,Shipper View
2025,2,Feb,202502,Q1,2025-02-01,0009100015|HQX006,0009100015,Corporate HQ,No,HQX006,Corporate HQ - Facilities,Columbus,OH,43004,SECOND DAY EARLY AM,2nd Day Air Early A.M.,2DA AM,Expedited,Domestic,Yes,10,0,0,0,10,SAMPLE_2025_02_TnT.xlsx,Shipper View
2025,2,Feb,202502,Q1,2025-02-01,0009100015|HQX006,0009100015,Corporate HQ,No,HQX006,Corporate HQ - Facilities,Columbus,OH,43004,NEXT DAY AIR SAVER,Next Day Air Saver,NDA Saver,Premium,Domestic,Yes,85,0,2,2,83,SAMPLE_2025_02_TnT.xlsx,Shipper View
2025,2,Feb,202502,Q1,2025-02-01,0009100015|HQX006,0009100015,Corporate HQ,No,HQX006,Corporate HQ - Facilities,Columbus,OH,43004,NEXT DAY AIR,Next Day Air / Express,NDA,Premium,Domestic,Yes,359,0,12,12,347,SAMPLE_2025_02_TnT.xlsx,Shipper View
2025,2,Feb,202502,Q1,2025-02-01,0009100016|RTL007,0009100016,Retail Partner Network,No,RTL007,Retail Partner Network - Stores,Phoenix,AZ,85004,GROUND,Ground,Ground,Deferred,Domestic,Yes,8213,26,286,312,7901,SAMPLE_2025_02_TnT.xlsx,Shipper View
2025,2,Feb,202502,Q1,2025-02-01,0009100016|RTL007,0009100016,Retail Partner Network,No,RTL007,Retail Partner Network - Stores,Phoenix,AZ,85004,THREE DAY SELECT,3 Day Select,3DS,Deferred,Domestic,Yes,100,0,1,1,99,SAMPLE_2025_02_TnT.xlsx,Shipper View
2025,2,Feb,202502,Q1,2025-02-01,0009100016|RTL007,0009100016,Retail Partner Network,No,RTL007,Retail Partner Network - Stores,Phoenix,AZ,85004,SECOND DAY AIR,2nd Day Air / Expedited,2DA,Expedited,Domestic,Yes,1026,0,17,17,1009,SAMPLE_2025_02_TnT.xlsx,Shipper View
2025,2,Feb,202502,Q1,2025-02-01,0009100016|RTL007,0009100016,Retail Partner Network,No,RTL007,Retail Partner Network - Stores,Phoenix,AZ,85004,SECOND DAY EARLY AM,2nd Day Air Early A.M.,2DA AM,Expedited,Domestic,Yes,48,0,1,1,47,SAMPLE_2025_02_TnT.xlsx,Shipper View
2025,2,Feb,202502,Q1,2025-02-01,0009100016|RTL007,0009100016,Retail Partner Network,No,RTL007,Retail Partner Network - Stores,Phoenix,AZ,85004,NEXT DAY AIR SAVER,Next Day Air Saver,NDA Saver,Premium,Domestic,Yes,365,0,8,8,357,SAMPLE_2025_02_TnT.xlsx,Shipper View
2025,2,Feb,202502,Q1,2025-02-01,0009100016|RTL007,0009100016,Retail Partner Network,No,RTL007,Retail Partner Network - Stores,Phoenix,AZ,85004,NEXT DAY AIR,Next Day Air / Express,NDA,Premium,Domestic,Yes,1525,4,44,48,1477,SAMPLE_2025_02_TnT.xlsx,Shipper View
2025,2,Feb,202502,Q1,2025-02-01,0009100016|RTL007,0009100016,Retail Partner Network,No,RTL007,Retail Partner Network - Stores,Phoenix,AZ,85004,UPS EXPRESS EARLY,Next Day Air Early,NDA Early,Premium,Domestic,Yes,6,0,0,0,6,SAMPLE_2025_02_TnT.xlsx,Shipper View
2025,2,Feb,202502,Q1,2025-02-01,0009100016|RTL007,0009100016,Retail Partner Network,No,RTL007,Retail Partner Network - Stores,Phoenix,AZ,85004,INTERNATIONAL EXPRESS,International Express,Intl Express,Premium,International,Yes,6,0,0,0,6,SAMPLE_2025_02_TnT.xlsx,Shipper View
2025,2,Feb,202502,Q1,2025-02-01,0009100016|RTL007,0009100016,Retail Partner Network,No,RTL007,Retail Partner Network - Stores,Phoenix,AZ,85004,INTERNATIONAL EXPRESS SAVER,International Express Saver,Intl Saver,Premium,International,Yes,3,0,0,0,3,SAMPLE_2025_02_TnT.xlsx,Shipper View
2025,2,Feb,202502,Q1,2025-02-01,0009100016|RTL007,0009100016,Retail Partner Network,No,RTL007,Retail Partner Network - Stores,Phoenix,AZ,85004,INTERNATIONAL EXPEDITED,International Expedited,Intl Expedited,Expedited,International,Yes,1,0,0,0,1,SAMPLE_2025_02_TnT.xlsx,Shipper View
2025,2,Feb,202502,Q1,2025-02-01,0009100017|CSH008,0009100017,Cash Operations,No,CSH008,Cash Operations - Processing,Newark,NJ,07102,GROUND,Ground,Ground,Deferred,Domestic,Yes,3611,11,129,140,3471,SAMPLE_2025_02_TnT.xlsx,Shipper View
2025,2,Feb,202502,Q1,2025-02-01,0009100017|CSH008,0009100017,Cash Operations,No,CSH008,Cash Operations - Processing,Newark,NJ,07102,THREE DAY SELECT,3 Day Select,3DS,Deferred,Domestic,Yes,53,0,1,1,52,SAMPLE_2025_02_TnT.xlsx,Shipper View
2025,2,Feb,202502,Q1,2025-02-01,0009100017|CSH008,0009100017,Cash Operations,No,CSH008,Cash Operations - Processing,Newark,NJ,07102,SECOND DAY AIR,2nd Day Air / Expedited,2DA,Expedited,Domestic,Yes,347,0,7,7,340,SAMPLE_2025_02_TnT.xlsx,Shipper View
2025,2,Feb,202502,Q1,2025-02-01,0009100017|CSH008,0009100017,Cash Operations,No,CSH008,Cash Operations - Processing,Newark,NJ,07102,SECOND DAY EARLY AM,2nd Day Air Early A.M.,2DA AM,Expedited,Domestic,Yes,14,0,0,0,14,SAMPLE_2025_02_TnT.xlsx,Shipper View
2025,2,Feb,202502,Q1,2025-02-01,0009100017|CSH008,0009100017,Cash Operations,No,CSH008,Cash Operations - Processing,Newark,NJ,07102,NEXT DAY AIR SAVER,Next Day Air Saver,NDA Saver,Premium,Domestic,Yes,163,0,4,4,159,SAMPLE_2025_02_TnT.xlsx,Shipper View
2025,2,Feb,202502,Q1,2025-02-01,0009100017|CSH008,0009100017,Cash Operations,No,CSH008,Cash Operations - Processing,Newark,NJ,07102,NEXT DAY AIR,Next Day Air / Express,NDA,Premium,Domestic,Yes,496,0,14,14,482,SAMPLE_2025_02_TnT.xlsx,Shipper View
2025,2,Feb,202502,Q1,2025-02-01,0009100017|CSH008,0009100017,Cash Operations,No,CSH008,Cash Operations - Processing,Newark,NJ,07102,UPS EXPRESS EARLY,Next Day Air Early,NDA Early,Premium,Domestic,Yes,1,0,0,0,1,SAMPLE_2025_02_TnT.xlsx,Shipper View
2025,2,Feb,202502,Q1,2025-02-01,0009100017|CSH008,0009100017,Cash Operations,No,CSH008,Cash Operations - Processing,Newark,NJ,07102,INTERNATIONAL EXPRESS,International Express,Intl Express,Premium,International,Yes,2,0,0,0,2,SAMPLE_2025_02_TnT.xlsx,Shipper View
2025,2,Feb,202502,Q1,2025-02-01,@@|TCO009,@@,Unassigned Sub-Parent,Yes,TCO009,Transfer Co Operations,Whippany,NJ,07981,GROUND,Ground,Ground,Deferred,Domestic,Yes,381,0,16,16,365,SAMPLE_2025_02_TnT.xlsx,Shipper View
2025,2,Feb,202502,Q1,2025-02-01,@@|TCO009,@@,Unassigned Sub-Parent,Yes,TCO009,Transfer Co Operations,Whippany,NJ,07981,THREE DAY SELECT,3 Day Select,3DS,Deferred,Domestic,Yes,4,0,0,0,4,SAMPLE_2025_02_TnT.xlsx,Shipper View
2025,2,Feb,202502,Q1,2025-02-01,@@|TCO009,@@,Unassigned Sub-Parent,Yes,TCO009,Transfer Co Operations,Whippany,NJ,07981,SECOND DAY AIR,2nd Day Air / Expedited,2DA,Expedited,Domestic,Yes,58,0,1,1,57,SAMPLE_2025_02_TnT.xlsx,Shipper View
2025,2,Feb,202502,Q1,2025-02-01,@@|TCO009,@@,Unassigned Sub-Parent,Yes,TCO009,Transfer Co Operations,Whippany,NJ,07981,SECOND DAY EARLY AM,2nd Day Air Early A.M.,2DA AM,Expedited,Domestic,Yes,1,0,0,0,1,SAMPLE_2025_02_TnT.xlsx,Shipper View
2025,2,Feb,202502,Q1,2025-02-01,@@|TCO009,@@,Unassigned Sub-Parent,Yes,TCO009,Transfer Co Operations,Whippany,NJ,07981,NEXT DAY AIR SAVER,Next Day Air Saver,NDA Saver,Premium,Domestic,Yes,16,0,0,0,16,SAMPLE_2025_02_TnT.xlsx,Shipper View
2025,2,Feb,202502,Q1,2025-02-01,@@|TCO009,@@,Unassigned Sub-Parent,Yes,TCO009,Transfer Co Operations,Whippany,NJ,07981,NEXT DAY AIR,Next Day Air / Express,NDA,Premium,Domestic,Yes,84,0,3,3,81,SAMPLE_2025_02_TnT.xlsx,Shipper View
2025,3,Mar,202503,Q1,2025-03-01,0009100011|TCH001,0009100011,Technology Operations,No,TCH001,Technology Operations - Central,Columbus,OH,43004,GROUND,Ground,Ground,Deferred,Domestic,Yes,14355,50,551,601,13754,SAMPLE_2025_03_TnT.xlsx,Shipper View
2025,3,Mar,202503,Q1,2025-03-01,0009100011|TCH001,0009100011,Technology Operations,No,TCH001,Technology Operations - Central,Columbus,OH,43004,THREE DAY SELECT,3 Day Select,3DS,Deferred,Domestic,Yes,182,0,1,1,181,SAMPLE_2025_03_TnT.xlsx,Shipper View
2025,3,Mar,202503,Q1,2025-03-01,0009100011|TCH001,0009100011,Technology Operations,No,TCH001,Technology Operations - Central,Columbus,OH,43004,SECOND DAY AIR,2nd Day Air / Expedited,2DA,Expedited,Domestic,Yes,2017,2,30,32,1985,SAMPLE_2025_03_TnT.xlsx,Shipper View
2025,3,Mar,202503,Q1,2025-03-01,0009100011|TCH001,0009100011,Technology Operations,No,TCH001,Technology Operations - Central,Columbus,OH,43004,SECOND DAY EARLY AM,2nd Day Air Early A.M.,2DA AM,Expedited,Domestic,Yes,97,0,2,2,95,SAMPLE_2025_03_TnT.xlsx,Shipper View
2025,3,Mar,202503,Q1,2025-03-01,0009100011|TCH001,0009100011,Technology Operations,No,TCH001,Technology Operations - Central,Columbus,OH,43004,NEXT DAY AIR SAVER,Next Day Air Saver,NDA Saver,Premium,Domestic,Yes,717,1,16,17,700,SAMPLE_2025_03_TnT.xlsx,Shipper View
2025,3,Mar,202503,Q1,2025-03-01,0009100011|TCH001,0009100011,Technology Operations,No,TCH001,Technology Operations - Central,Columbus,OH,43004,NEXT DAY AIR,Next Day Air / Express,NDA,Premium,Domestic,Yes,2981,6,90,96,2885,SAMPLE_2025_03_TnT.xlsx,Shipper View
2025,3,Mar,202503,Q1,2025-03-01,0009100011|TCH001,0009100011,Technology Operations,No,TCH001,Technology Operations - Central,Columbus,OH,43004,UPS EXPRESS EARLY,Next Day Air Early,NDA Early,Premium,Domestic,Yes,12,0,0,0,12,SAMPLE_2025_03_TnT.xlsx,Shipper View
2025,3,Mar,202503,Q1,2025-03-01,0009100011|TCH001,0009100011,Technology Operations,No,TCH001,Technology Operations - Central,Columbus,OH,43004,INTERNATIONAL EXPRESS,International Express,Intl Express,Premium,International,Yes,14,0,1,1,13,SAMPLE_2025_03_TnT.xlsx,Shipper View
2025,3,Mar,202503,Q1,2025-03-01,0009100011|TCH001,0009100011,Technology Operations,No,TCH001,Technology Operations - Central,Columbus,OH,43004,INTERNATIONAL EXPRESS SAVER,International Express Saver,Intl Saver,Premium,International,Yes,11,0,0,0,11,SAMPLE_2025_03_TnT.xlsx,Shipper View
2025,3,Mar,202503,Q1,2025-03-01,0009100011|TCH001,0009100011,Technology Operations,No,TCH001,Technology Operations - Central,Columbus,OH,43004,INTERNATIONAL EXPEDITED,International Expedited,Intl Expedited,Expedited,International,Yes,4,0,0,0,4,SAMPLE_2025_03_TnT.xlsx,Shipper View
2025,3,Mar,202503,Q1,2025-03-01,0009100012|MAI002,0009100012,Mail Services,No,MAI002,Mail Services - Regional,Kansas City,MO,64108,GROUND,Ground,Ground,Deferred,Domestic,Yes,2465,10,81,91,2374,SAMPLE_2025_03_TnT.xlsx,Shipper View
2025,3,Mar,202503,Q1,2025-03-01,0009100012|MAI002,0009100012,Mail Services,No,MAI002,Mail Services - Regional,Kansas City,MO,64108,THREE DAY SELECT,3 Day Select,3DS,Deferred,Domestic,Yes,44,0,0,0,44,SAMPLE_2025_03_TnT.xlsx,Shipper View
2025,3,Mar,202503,Q1,2025-03-01,0009100012|MAI002,0009100012,Mail Services,No,MAI002,Mail Services - Regional,Kansas City,MO,64108,SECOND DAY AIR,2nd Day Air / Expedited,2DA,Expedited,Domestic,Yes,342,0,6,6,336,SAMPLE_2025_03_TnT.xlsx,Shipper View
2025,3,Mar,202503,Q1,2025-03-01,0009100012|MAI002,0009100012,Mail Services,No,MAI002,Mail Services - Regional,Kansas City,MO,64108,SECOND DAY EARLY AM,2nd Day Air Early A.M.,2DA AM,Expedited,Domestic,Yes,13,0,0,0,13,SAMPLE_2025_03_TnT.xlsx,Shipper View
2025,3,Mar,202503,Q1,2025-03-01,0009100012|MAI002,0009100012,Mail Services,No,MAI002,Mail Services - Regional,Kansas City,MO,64108,NEXT DAY AIR SAVER,Next Day Air Saver,NDA Saver,Premium,Domestic,Yes,130,0,3,3,127,SAMPLE_2025_03_TnT.xlsx,Shipper View
2025,3,Mar,202503,Q1,2025-03-01,0009100012|MAI002,0009100012,Mail Services,No,MAI002,Mail Services - Regional,Kansas City,MO,64108,NEXT DAY AIR,Next Day Air / Express,NDA,Premium,Domestic,Yes,565,1,17,18,547,SAMPLE_2025_03_TnT.xlsx,Shipper View
2025,3,Mar,202503,Q1,2025-03-01,0009100012|MAI002,0009100012,Mail Services,No,MAI002,Mail Services - Regional,Kansas City,MO,64108,UPS EXPRESS EARLY,Next Day Air Early,NDA Early,Premium,Domestic,Yes,1,0,0,0,1,SAMPLE_2025_03_TnT.xlsx,Shipper View
2025,3,Mar,202503,Q1,2025-03-01,0009100012|MAI002,0009100012,Mail Services,No,MAI002,Mail Services - Regional,Kansas City,MO,64108,INTERNATIONAL EXPRESS,International Express,Intl Express,Premium,International,Yes,1,0,0,0,1,SAMPLE_2025_03_TnT.xlsx,Shipper View
2025,3,Mar,202503,Q1,2025-03-01,0009100012|MAI002,0009100012,Mail Services,No,MAI002,Mail Services - Regional,Kansas City,MO,64108,INTERNATIONAL EXPRESS SAVER,International Express Saver,Intl Saver,Premium,International,Yes,1,0,0,0,1,SAMPLE_2025_03_TnT.xlsx,Shipper View
2025,3,Mar,202503,Q1,2025-03-01,0009100013|VEN003,0009100013,Vendor Programs,No,VEN003,Vendor Programs - Print,Aurora,IL,60502,GROUND,Ground,Ground,Deferred,Domestic,Yes,4639,16,159,175,4464,SAMPLE_2025_03_TnT.xlsx,Shipper View
2025,3,Mar,202503,Q1,2025-03-01,0009100013|VEN003,0009100013,Vendor Programs,No,VEN003,Vendor Programs - Print,Aurora,IL,60502,THREE DAY SELECT,3 Day Select,3DS,Deferred,Domestic,Yes,59,0,0,0,59,SAMPLE_2025_03_TnT.xlsx,Shipper View
2025,3,Mar,202503,Q1,2025-03-01,0009100013|VEN003,0009100013,Vendor Programs,No,VEN003,Vendor Programs - Print,Aurora,IL,60502,SECOND DAY AIR,2nd Day Air / Expedited,2DA,Expedited,Domestic,Yes,607,0,10,10,597,SAMPLE_2025_03_TnT.xlsx,Shipper View
2025,3,Mar,202503,Q1,2025-03-01,0009100013|VEN003,0009100013,Vendor Programs,No,VEN003,Vendor Programs - Print,Aurora,IL,60502,SECOND DAY EARLY AM,2nd Day Air Early A.M.,2DA AM,Expedited,Domestic,Yes,18,0,0,0,18,SAMPLE_2025_03_TnT.xlsx,Shipper View
2025,3,Mar,202503,Q1,2025-03-01,0009100013|VEN003,0009100013,Vendor Programs,No,VEN003,Vendor Programs - Print,Aurora,IL,60502,NEXT DAY AIR SAVER,Next Day Air Saver,NDA Saver,Premium,Domestic,Yes,243,0,5,5,238,SAMPLE_2025_03_TnT.xlsx,Shipper View
2025,3,Mar,202503,Q1,2025-03-01,0009100013|VEN003,0009100013,Vendor Programs,No,VEN003,Vendor Programs - Print,Aurora,IL,60502,NEXT DAY AIR,Next Day Air / Express,NDA,Premium,Domestic,Yes,732,1,22,23,709,SAMPLE_2025_03_TnT.xlsx,Shipper View
2025,3,Mar,202503,Q1,2025-03-01,0009100013|VEN003,0009100013,Vendor Programs,No,VEN003,Vendor Programs - Print,Aurora,IL,60502,UPS EXPRESS EARLY,Next Day Air Early,NDA Early,Premium,Domestic,Yes,3,0,0,0,3,SAMPLE_2025_03_TnT.xlsx,Shipper View
2025,3,Mar,202503,Q1,2025-03-01,0009100013|VEN003,0009100013,Vendor Programs,No,VEN003,Vendor Programs - Print,Aurora,IL,60502,INTERNATIONAL EXPRESS,International Express,Intl Express,Premium,International,Yes,3,0,0,0,3,SAMPLE_2025_03_TnT.xlsx,Shipper View
2025,3,Mar,202503,Q1,2025-03-01,0009100013|VEN003,0009100013,Vendor Programs,No,VEN003,Vendor Programs - Print,Aurora,IL,60502,INTERNATIONAL EXPRESS SAVER,International Express Saver,Intl Saver,Premium,International,Yes,2,0,0,0,2,SAMPLE_2025_03_TnT.xlsx,Shipper View
2025,3,Mar,202503,Q1,2025-03-01,0009100013|VEN004,0009100013,Vendor Programs,No,VEN004,Vendor Programs - Fulfilment,Aurora,IL,60502,GROUND,Ground,Ground,Deferred,Domestic,Yes,3069,6,124,130,2939,SAMPLE_2025_03_TnT.xlsx,Shipper View
2025,3,Mar,202503,Q1,2025-03-01,0009100013|VEN004,0009100013,Vendor Programs,No,VEN004,Vendor Programs - Fulfilment,Aurora,IL,60502,THREE DAY SELECT,3 Day Select,3DS,Deferred,Domestic,Yes,41,0,0,0,41,SAMPLE_2025_03_TnT.xlsx,Shipper View
2025,3,Mar,202503,Q1,2025-03-01,0009100013|VEN004,0009100013,Vendor Programs,No,VEN004,Vendor Programs - Fulfilment,Aurora,IL,60502,SECOND DAY AIR,2nd Day Air / Expedited,2DA,Expedited,Domestic,Yes,420,0,8,8,412,SAMPLE_2025_03_TnT.xlsx,Shipper View
2025,3,Mar,202503,Q1,2025-03-01,0009100013|VEN004,0009100013,Vendor Programs,No,VEN004,Vendor Programs - Fulfilment,Aurora,IL,60502,SECOND DAY EARLY AM,2nd Day Air Early A.M.,2DA AM,Expedited,Domestic,Yes,17,0,0,0,17,SAMPLE_2025_03_TnT.xlsx,Shipper View
2025,3,Mar,202503,Q1,2025-03-01,0009100013|VEN004,0009100013,Vendor Programs,No,VEN004,Vendor Programs - Fulfilment,Aurora,IL,60502,NEXT DAY AIR SAVER,Next Day Air Saver,NDA Saver,Premium,Domestic,Yes,144,0,3,3,141,SAMPLE_2025_03_TnT.xlsx,Shipper View
2025,3,Mar,202503,Q1,2025-03-01,0009100013|VEN004,0009100013,Vendor Programs,No,VEN004,Vendor Programs - Fulfilment,Aurora,IL,60502,NEXT DAY AIR,Next Day Air / Express,NDA,Premium,Domestic,Yes,605,2,17,19,586,SAMPLE_2025_03_TnT.xlsx,Shipper View
2025,3,Mar,202503,Q1,2025-03-01,0009100013|VEN004,0009100013,Vendor Programs,No,VEN004,Vendor Programs - Fulfilment,Aurora,IL,60502,UPS EXPRESS EARLY,Next Day Air Early,NDA Early,Premium,Domestic,Yes,2,0,0,0,2,SAMPLE_2025_03_TnT.xlsx,Shipper View
2025,3,Mar,202503,Q1,2025-03-01,0009100013|VEN004,0009100013,Vendor Programs,No,VEN004,Vendor Programs - Fulfilment,Aurora,IL,60502,INTERNATIONAL EXPRESS,International Express,Intl Express,Premium,International,Yes,2,0,0,0,2,SAMPLE_2025_03_TnT.xlsx,Shipper View
2025,3,Mar,202503,Q1,2025-03-01,0009100013|VEN004,0009100013,Vendor Programs,No,VEN004,Vendor Programs - Fulfilment,Aurora,IL,60502,INTERNATIONAL EXPRESS SAVER,International Express Saver,Intl Saver,Premium,International,Yes,1,0,0,0,1,SAMPLE_2025_03_TnT.xlsx,Shipper View
2025,3,Mar,202503,Q1,2025-03-01,0009100014|FLD005,0009100014,Field Administration,No,FLD005,Field Administration - North,Madison,WI,53703,GROUND,Ground,Ground,Deferred,Domestic,Yes,7019,12,262,274,6745,SAMPLE_2025_03_TnT.xlsx,Shipper View
2025,3,Mar,202503,Q1,2025-03-01,0009100014|FLD005,0009100014,Field Administration,No,FLD005,Field Administration - North,Madison,WI,53703,THREE DAY SELECT,3 Day Select,3DS,Deferred,Domestic,Yes,67,0,0,0,67,SAMPLE_2025_03_TnT.xlsx,Shipper View
2025,3,Mar,202503,Q1,2025-03-01,0009100014|FLD005,0009100014,Field Administration,No,FLD005,Field Administration - North,Madison,WI,53703,SECOND DAY AIR,2nd Day Air / Expedited,2DA,Expedited,Domestic,Yes,815,1,15,16,799,SAMPLE_2025_03_TnT.xlsx,Shipper View
2025,3,Mar,202503,Q1,2025-03-01,0009100014|FLD005,0009100014,Field Administration,No,FLD005,Field Administration - North,Madison,WI,53703,SECOND DAY EARLY AM,2nd Day Air Early A.M.,2DA AM,Expedited,Domestic,Yes,32,0,1,1,31,SAMPLE_2025_03_TnT.xlsx,Shipper View
2025,3,Mar,202503,Q1,2025-03-01,0009100014|FLD005,0009100014,Field Administration,No,FLD005,Field Administration - North,Madison,WI,53703,NEXT DAY AIR SAVER,Next Day Air Saver,NDA Saver,Premium,Domestic,Yes,344,0,8,8,336,SAMPLE_2025_03_TnT.xlsx,Shipper View
2025,3,Mar,202503,Q1,2025-03-01,0009100014|FLD005,0009100014,Field Administration,No,FLD005,Field Administration - North,Madison,WI,53703,NEXT DAY AIR,Next Day Air / Express,NDA,Premium,Domestic,Yes,1191,3,35,38,1153,SAMPLE_2025_03_TnT.xlsx,Shipper View
2025,3,Mar,202503,Q1,2025-03-01,0009100014|FLD005,0009100014,Field Administration,No,FLD005,Field Administration - North,Madison,WI,53703,UPS EXPRESS EARLY,Next Day Air Early,NDA Early,Premium,Domestic,Yes,4,0,0,0,4,SAMPLE_2025_03_TnT.xlsx,Shipper View
2025,3,Mar,202503,Q1,2025-03-01,0009100014|FLD005,0009100014,Field Administration,No,FLD005,Field Administration - North,Madison,WI,53703,INTERNATIONAL EXPRESS,International Express,Intl Express,Premium,International,Yes,4,0,0,0,4,SAMPLE_2025_03_TnT.xlsx,Shipper View
2025,3,Mar,202503,Q1,2025-03-01,0009100014|FLD005,0009100014,Field Administration,No,FLD005,Field Administration - North,Madison,WI,53703,INTERNATIONAL EXPRESS SAVER,International Express Saver,Intl Saver,Premium,International,Yes,3,0,0,0,3,SAMPLE_2025_03_TnT.xlsx,Shipper View
2025,3,Mar,202503,Q1,2025-03-01,0009100015|HQX006,0009100015,Corporate HQ,No,HQX006,Corporate HQ - Facilities,Columbus,OH,43004,GROUND,Ground,Ground,Deferred,Domestic,Yes,2213,10,86,96,2117,SAMPLE_2025_03_TnT.xlsx,Shipper View
2025,3,Mar,202503,Q1,2025-03-01,0009100015|HQX006,0009100015,Corporate HQ,No,HQX006,Corporate HQ - Facilities,Columbus,OH,43004,THREE DAY SELECT,3 Day Select,3DS,Deferred,Domestic,Yes,25,0,0,0,25,SAMPLE_2025_03_TnT.xlsx,Shipper View
2025,3,Mar,202503,Q1,2025-03-01,0009100015|HQX006,0009100015,Corporate HQ,No,HQX006,Corporate HQ - Facilities,Columbus,OH,43004,SECOND DAY AIR,2nd Day Air / Expedited,2DA,Expedited,Domestic,Yes,247,0,4,4,243,SAMPLE_2025_03_TnT.xlsx,Shipper View
2025,3,Mar,202503,Q1,2025-03-01,0009100015|HQX006,0009100015,Corporate HQ,No,HQX006,Corporate HQ - Facilities,Columbus,OH,43004,SECOND DAY EARLY AM,2nd Day Air Early A.M.,2DA AM,Expedited,Domestic,Yes,10,0,0,0,10,SAMPLE_2025_03_TnT.xlsx,Shipper View
2025,3,Mar,202503,Q1,2025-03-01,0009100015|HQX006,0009100015,Corporate HQ,No,HQX006,Corporate HQ - Facilities,Columbus,OH,43004,NEXT DAY AIR SAVER,Next Day Air Saver,NDA Saver,Premium,Domestic,Yes,99,0,2,2,97,SAMPLE_2025_03_TnT.xlsx,Shipper View
2025,3,Mar,202503,Q1,2025-03-01,0009100015|HQX006,0009100015,Corporate HQ,No,HQX006,Corporate HQ - Facilities,Columbus,OH,43004,NEXT DAY AIR,Next Day Air / Express,NDA,Premium,Domestic,Yes,334,0,10,10,324,SAMPLE_2025_03_TnT.xlsx,Shipper View
2025,3,Mar,202503,Q1,2025-03-01,0009100016|RTL007,0009100016,Retail Partner Network,No,RTL007,Retail Partner Network - Stores,Phoenix,AZ,85004,GROUND,Ground,Ground,Deferred,Domestic,Yes,8782,39,289,328,8454,SAMPLE_2025_03_TnT.xlsx,Shipper View
2025,3,Mar,202503,Q1,2025-03-01,0009100016|RTL007,0009100016,Retail Partner Network,No,RTL007,Retail Partner Network - Stores,Phoenix,AZ,85004,THREE DAY SELECT,3 Day Select,3DS,Deferred,Domestic,Yes,140,0,1,1,139,SAMPLE_2025_03_TnT.xlsx,Shipper View
2025,3,Mar,202503,Q1,2025-03-01,0009100016|RTL007,0009100016,Retail Partner Network,No,RTL007,Retail Partner Network - Stores,Phoenix,AZ,85004,SECOND DAY AIR,2nd Day Air / Expedited,2DA,Expedited,Domestic,Yes,970,1,16,17,953,SAMPLE_2025_03_TnT.xlsx,Shipper View
2025,3,Mar,202503,Q1,2025-03-01,0009100016|RTL007,0009100016,Retail Partner Network,No,RTL007,Retail Partner Network - Stores,Phoenix,AZ,85004,SECOND DAY EARLY AM,2nd Day Air Early A.M.,2DA AM,Expedited,Domestic,Yes,48,0,1,1,47,SAMPLE_2025_03_TnT.xlsx,Shipper View
2025,3,Mar,202503,Q1,2025-03-01,0009100016|RTL007,0009100016,Retail Partner Network,No,RTL007,Retail Partner Network - Stores,Phoenix,AZ,85004,NEXT DAY AIR SAVER,Next Day Air Saver,NDA Saver,Premium,Domestic,Yes,447,0,10,10,437,SAMPLE_2025_03_TnT.xlsx,Shipper View
2025,3,Mar,202503,Q1,2025-03-01,0009100016|RTL007,0009100016,Retail Partner Network,No,RTL007,Retail Partner Network - Stores,Phoenix,AZ,85004,NEXT DAY AIR,Next Day Air / Express,NDA,Premium,Domestic,Yes,1716,6,52,58,1658,SAMPLE_2025_03_TnT.xlsx,Shipper View
2025,3,Mar,202503,Q1,2025-03-01,0009100016|RTL007,0009100016,Retail Partner Network,No,RTL007,Retail Partner Network - Stores,Phoenix,AZ,85004,UPS EXPRESS EARLY,Next Day Air Early,NDA Early,Premium,Domestic,Yes,5,0,0,0,5,SAMPLE_2025_03_TnT.xlsx,Shipper View
2025,3,Mar,202503,Q1,2025-03-01,0009100016|RTL007,0009100016,Retail Partner Network,No,RTL007,Retail Partner Network - Stores,Phoenix,AZ,85004,INTERNATIONAL EXPRESS,International Express,Intl Express,Premium,International,Yes,9,0,0,0,9,SAMPLE_2025_03_TnT.xlsx,Shipper View
2025,3,Mar,202503,Q1,2025-03-01,0009100016|RTL007,0009100016,Retail Partner Network,No,RTL007,Retail Partner Network - Stores,Phoenix,AZ,85004,INTERNATIONAL EXPRESS SAVER,International Express Saver,Intl Saver,Premium,International,Yes,6,0,0,0,6,SAMPLE_2025_03_TnT.xlsx,Shipper View
2025,3,Mar,202503,Q1,2025-03-01,0009100016|RTL007,0009100016,Retail Partner Network,No,RTL007,Retail Partner Network - Stores,Phoenix,AZ,85004,INTERNATIONAL EXPEDITED,International Expedited,Intl Expedited,Expedited,International,Yes,1,0,0,0,1,SAMPLE_2025_03_TnT.xlsx,Shipper View
2025,3,Mar,202503,Q1,2025-03-01,0009100017|CSH008,0009100017,Cash Operations,No,CSH008,Cash Operations - Processing,Newark,NJ,07102,GROUND,Ground,Ground,Deferred,Domestic,Yes,3224,3,135,138,3086,SAMPLE_2025_03_TnT.xlsx,Shipper View
2025,3,Mar,202503,Q1,2025-03-01,0009100017|CSH008,0009100017,Cash Operations,No,CSH008,Cash Operations - Processing,Newark,NJ,07102,THREE DAY SELECT,3 Day Select,3DS,Deferred,Domestic,Yes,43,0,0,0,43,SAMPLE_2025_03_TnT.xlsx,Shipper View
2025,3,Mar,202503,Q1,2025-03-01,0009100017|CSH008,0009100017,Cash Operations,No,CSH008,Cash Operations - Processing,Newark,NJ,07102,SECOND DAY AIR,2nd Day Air / Expedited,2DA,Expedited,Domestic,Yes,457,0,9,9,448,SAMPLE_2025_03_TnT.xlsx,Shipper View
2025,3,Mar,202503,Q1,2025-03-01,0009100017|CSH008,0009100017,Cash Operations,No,CSH008,Cash Operations - Processing,Newark,NJ,07102,SECOND DAY EARLY AM,2nd Day Air Early A.M.,2DA AM,Expedited,Domestic,Yes,16,0,0,0,16,SAMPLE_2025_03_TnT.xlsx,Shipper View
2025,3,Mar,202503,Q1,2025-03-01,0009100017|CSH008,0009100017,Cash Operations,No,CSH008,Cash Operations - Processing,Newark,NJ,07102,NEXT DAY AIR SAVER,Next Day Air Saver,NDA Saver,Premium,Domestic,Yes,145,0,3,3,142,SAMPLE_2025_03_TnT.xlsx,Shipper View
2025,3,Mar,202503,Q1,2025-03-01,0009100017|CSH008,0009100017,Cash Operations,No,CSH008,Cash Operations - Processing,Newark,NJ,07102,NEXT DAY AIR,Next Day Air / Express,NDA,Premium,Domestic,Yes,482,1,14,15,467,SAMPLE_2025_03_TnT.xlsx,Shipper View
2025,3,Mar,202503,Q1,2025-03-01,0009100017|CSH008,0009100017,Cash Operations,No,CSH008,Cash Operations - Processing,Newark,NJ,07102,UPS EXPRESS EARLY,Next Day Air Early,NDA Early,Premium,Domestic,Yes,1,0,0,0,1,SAMPLE_2025_03_TnT.xlsx,Shipper View
2025,3,Mar,202503,Q1,2025-03-01,0009100017|CSH008,0009100017,Cash Operations,No,CSH008,Cash Operations - Processing,Newark,NJ,07102,INTERNATIONAL EXPRESS,International Express,Intl Express,Premium,International,Yes,2,0,0,0,2,SAMPLE_2025_03_TnT.xlsx,Shipper View
2025,3,Mar,202503,Q1,2025-03-01,0009100017|CSH008,0009100017,Cash Operations,No,CSH008,Cash Operations - Processing,Newark,NJ,07102,INTERNATIONAL EXPRESS SAVER,International Express Saver,Intl Saver,Premium,International,Yes,1,0,0,0,1,SAMPLE_2025_03_TnT.xlsx,Shipper View
2025,3,Mar,202503,Q1,2025-03-01,@@|TCO009,@@,Unassigned Sub-Parent,Yes,TCO009,Transfer Co Operations,Whippany,NJ,07981,GROUND,Ground,Ground,Deferred,Domestic,Yes,558,2,19,21,537,SAMPLE_2025_03_TnT.xlsx,Shipper View
2025,3,Mar,202503,Q1,2025-03-01,@@|TCO009,@@,Unassigned Sub-Parent,Yes,TCO009,Transfer Co Operations,Whippany,NJ,07981,THREE DAY SELECT,3 Day Select,3DS,Deferred,Domestic,Yes,4,0,0,0,4,SAMPLE_2025_03_TnT.xlsx,Shipper View
2025,3,Mar,202503,Q1,2025-03-01,@@|TCO009,@@,Unassigned Sub-Parent,Yes,TCO009,Transfer Co Operations,Whippany,NJ,07981,SECOND DAY AIR,2nd Day Air / Expedited,2DA,Expedited,Domestic,Yes,54,0,1,1,53,SAMPLE_2025_03_TnT.xlsx,Shipper View
2025,3,Mar,202503,Q1,2025-03-01,@@|TCO009,@@,Unassigned Sub-Parent,Yes,TCO009,Transfer Co Operations,Whippany,NJ,07981,SECOND DAY EARLY AM,2nd Day Air Early A.M.,2DA AM,Expedited,Domestic,Yes,2,0,0,0,2,SAMPLE_2025_03_TnT.xlsx,Shipper View
2025,3,Mar,202503,Q1,2025-03-01,@@|TCO009,@@,Unassigned Sub-Parent,Yes,TCO009,Transfer Co Operations,Whippany,NJ,07981,NEXT DAY AIR SAVER,Next Day Air Saver,NDA Saver,Premium,Domestic,Yes,23,0,1,1,22,SAMPLE_2025_03_TnT.xlsx,Shipper View
2025,3,Mar,202503,Q1,2025-03-01,@@|TCO009,@@,Unassigned Sub-Parent,Yes,TCO009,Transfer Co Operations,Whippany,NJ,07981,NEXT DAY AIR,Next Day Air / Express,NDA,Premium,Domestic,Yes,76,0,3,3,73,SAMPLE_2025_03_TnT.xlsx,Shipper View
2025,4,Apr,202504,Q2,2025-04-01,0009100011|TCH001,0009100011,Technology Operations,No,TCH001,Technology Operations - Central,Columbus,OH,43004,GROUND,Ground,Ground,Deferred,Domestic,Yes,20208,70,764,834,19374,SAMPLE_2025_04_TnT.xlsx,Shipper View
2025,4,Apr,202504,Q2,2025-04-01,0009100011|TCH001,0009100011,Technology Operations,No,TCH001,Technology Operations - Central,Columbus,OH,43004,THREE DAY SELECT,3 Day Select,3DS,Deferred,Domestic,Yes,219,0,2,2,217,SAMPLE_2025_04_TnT.xlsx,Shipper View
2025,4,Apr,202504,Q2,2025-04-01,0009100011|TCH001,0009100011,Technology Operations,No,TCH001,Technology Operations - Central,Columbus,OH,43004,SECOND DAY AIR,2nd Day Air / Expedited,2DA,Expedited,Domestic,Yes,2434,2,37,39,2395,SAMPLE_2025_04_TnT.xlsx,Shipper View
2025,4,Apr,202504,Q2,2025-04-01,0009100011|TCH001,0009100011,Technology Operations,No,TCH001,Technology Operations - Central,Columbus,OH,43004,SECOND DAY EARLY AM,2nd Day Air Early A.M.,2DA AM,Expedited,Domestic,Yes,128,0,3,3,125,SAMPLE_2025_04_TnT.xlsx,Shipper View
2025,4,Apr,202504,Q2,2025-04-01,0009100011|TCH001,0009100011,Technology Operations,No,TCH001,Technology Operations - Central,Columbus,OH,43004,NEXT DAY AIR SAVER,Next Day Air Saver,NDA Saver,Premium,Domestic,Yes,839,2,18,20,819,SAMPLE_2025_04_TnT.xlsx,Shipper View
2025,4,Apr,202504,Q2,2025-04-01,0009100011|TCH001,0009100011,Technology Operations,No,TCH001,Technology Operations - Central,Columbus,OH,43004,NEXT DAY AIR,Next Day Air / Express,NDA,Premium,Domestic,Yes,3727,13,110,123,3604,SAMPLE_2025_04_TnT.xlsx,Shipper View
2025,4,Apr,202504,Q2,2025-04-01,0009100011|TCH001,0009100011,Technology Operations,No,TCH001,Technology Operations - Central,Columbus,OH,43004,UPS EXPRESS EARLY,Next Day Air Early,NDA Early,Premium,Domestic,Yes,18,0,0,0,18,SAMPLE_2025_04_TnT.xlsx,Shipper View
2025,4,Apr,202504,Q2,2025-04-01,0009100011|TCH001,0009100011,Technology Operations,No,TCH001,Technology Operations - Central,Columbus,OH,43004,INTERNATIONAL EXPRESS,International Express,Intl Express,Premium,International,Yes,18,0,1,1,17,SAMPLE_2025_04_TnT.xlsx,Shipper View
2025,4,Apr,202504,Q2,2025-04-01,0009100011|TCH001,0009100011,Technology Operations,No,TCH001,Technology Operations - Central,Columbus,OH,43004,INTERNATIONAL EXPRESS SAVER,International Express Saver,Intl Saver,Premium,International,Yes,13,0,0,0,13,SAMPLE_2025_04_TnT.xlsx,Shipper View
2025,4,Apr,202504,Q2,2025-04-01,0009100011|TCH001,0009100011,Technology Operations,No,TCH001,Technology Operations - Central,Columbus,OH,43004,INTERNATIONAL EXPEDITED,International Expedited,Intl Expedited,Expedited,International,Yes,3,0,0,0,3,SAMPLE_2025_04_TnT.xlsx,Shipper View
2025,4,Apr,202504,Q2,2025-04-01,0009100012|MAI002,0009100012,Mail Services,No,MAI002,Mail Services - Regional,Kansas City,MO,64108,GROUND,Ground,Ground,Deferred,Domestic,Yes,4095,7,142,149,3946,SAMPLE_2025_04_TnT.xlsx,Shipper View
2025,4,Apr,202504,Q2,2025-04-01,0009100012|MAI002,0009100012,Mail Services,No,MAI002,Mail Services - Regional,Kansas City,MO,64108,THREE DAY SELECT,3 Day Select,3DS,Deferred,Domestic,Yes,55,0,0,0,55,SAMPLE_2025_04_TnT.xlsx,Shipper View
2025,4,Apr,202504,Q2,2025-04-01,0009100012|MAI002,0009100012,Mail Services,No,MAI002,Mail Services - Regional,Kansas City,MO,64108,SECOND DAY AIR,2nd Day Air / Expedited,2DA,Expedited,Domestic,Yes,388,0,8,8,380,SAMPLE_2025_04_TnT.xlsx,Shipper View
2025,4,Apr,202504,Q2,2025-04-01,0009100012|MAI002,0009100012,Mail Services,No,MAI002,Mail Services - Regional,Kansas City,MO,64108,SECOND DAY EARLY AM,2nd Day Air Early A.M.,2DA AM,Expedited,Domestic,Yes,14,0,0,0,14,SAMPLE_2025_04_TnT.xlsx,Shipper View
2025,4,Apr,202504,Q2,2025-04-01,0009100012|MAI002,0009100012,Mail Services,No,MAI002,Mail Services - Regional,Kansas City,MO,64108,NEXT DAY AIR SAVER,Next Day Air Saver,NDA Saver,Premium,Domestic,Yes,147,0,4,4,143,SAMPLE_2025_04_TnT.xlsx,Shipper View
2025,4,Apr,202504,Q2,2025-04-01,0009100012|MAI002,0009100012,Mail Services,No,MAI002,Mail Services - Regional,Kansas City,MO,64108,NEXT DAY AIR,Next Day Air / Express,NDA,Premium,Domestic,Yes,620,0,21,21,599,SAMPLE_2025_04_TnT.xlsx,Shipper View
2025,4,Apr,202504,Q2,2025-04-01,0009100012|MAI002,0009100012,Mail Services,No,MAI002,Mail Services - Regional,Kansas City,MO,64108,UPS EXPRESS EARLY,Next Day Air Early,NDA Early,Premium,Domestic,Yes,1,0,0,0,1,SAMPLE_2025_04_TnT.xlsx,Shipper View
2025,4,Apr,202504,Q2,2025-04-01,0009100012|MAI002,0009100012,Mail Services,No,MAI002,Mail Services - Regional,Kansas City,MO,64108,INTERNATIONAL EXPRESS,International Express,Intl Express,Premium,International,Yes,2,0,0,0,2,SAMPLE_2025_04_TnT.xlsx,Shipper View
2025,4,Apr,202504,Q2,2025-04-01,0009100012|MAI002,0009100012,Mail Services,No,MAI002,Mail Services - Regional,Kansas City,MO,64108,INTERNATIONAL EXPRESS SAVER,International Express Saver,Intl Saver,Premium,International,Yes,1,0,0,0,1,SAMPLE_2025_04_TnT.xlsx,Shipper View
2025,4,Apr,202504,Q2,2025-04-01,0009100013|VEN003,0009100013,Vendor Programs,No,VEN003,Vendor Programs - Print,Aurora,IL,60502,GROUND,Ground,Ground,Deferred,Domestic,Yes,5418,12,183,195,5223,SAMPLE_2025_04_TnT.xlsx,Shipper View
2025,4,Apr,202504,Q2,2025-04-01,0009100013|VEN003,0009100013,Vendor Programs,No,VEN003,Vendor Programs - Print,Aurora,IL,60502,THREE DAY SELECT,3 Day Select,3DS,Deferred,Domestic,Yes,58,0,1,1,57,SAMPLE_2025_04_TnT.xlsx,Shipper View
2025,4,Apr,202504,Q2,2025-04-01,0009100013|VEN003,0009100013,Vendor Programs,No,VEN003,Vendor Programs - Print,Aurora,IL,60502,SECOND DAY AIR,2nd Day Air / Expedited,2DA,Expedited,Domestic,Yes,545,0,8,8,537,SAMPLE_2025_04_TnT.xlsx,Shipper View
2025,4,Apr,202504,Q2,2025-04-01,0009100013|VEN003,0009100013,Vendor Programs,No,VEN003,Vendor Programs - Print,Aurora,IL,60502,SECOND DAY EARLY AM,2nd Day Air Early A.M.,2DA AM,Expedited,Domestic,Yes,33,0,1,1,32,SAMPLE_2025_04_TnT.xlsx,Shipper View
2025,4,Apr,202504,Q2,2025-04-01,0009100013|VEN003,0009100013,Vendor Programs,No,VEN003,Vendor Programs - Print,Aurora,IL,60502,NEXT DAY AIR SAVER,Next Day Air Saver,NDA Saver,Premium,Domestic,Yes,215,0,5,5,210,SAMPLE_2025_04_TnT.xlsx,Shipper View
2025,4,Apr,202504,Q2,2025-04-01,0009100013|VEN003,0009100013,Vendor Programs,No,VEN003,Vendor Programs - Print,Aurora,IL,60502,NEXT DAY AIR,Next Day Air / Express,NDA,Premium,Domestic,Yes,833,0,25,25,808,SAMPLE_2025_04_TnT.xlsx,Shipper View
2025,4,Apr,202504,Q2,2025-04-01,0009100013|VEN003,0009100013,Vendor Programs,No,VEN003,Vendor Programs - Print,Aurora,IL,60502,UPS EXPRESS EARLY,Next Day Air Early,NDA Early,Premium,Domestic,Yes,2,0,0,0,2,SAMPLE_2025_04_TnT.xlsx,Shipper View
2025,4,Apr,202504,Q2,2025-04-01,0009100013|VEN003,0009100013,Vendor Programs,No,VEN003,Vendor Programs - Print,Aurora,IL,60502,INTERNATIONAL EXPRESS,International Express,Intl Express,Premium,International,Yes,4,0,0,0,4,SAMPLE_2025_04_TnT.xlsx,Shipper View
2025,4,Apr,202504,Q2,2025-04-01,0009100013|VEN003,0009100013,Vendor Programs,No,VEN003,Vendor Programs - Print,Aurora,IL,60502,INTERNATIONAL EXPRESS SAVER,International Express Saver,Intl Saver,Premium,International,Yes,2,0,0,0,2,SAMPLE_2025_04_TnT.xlsx,Shipper View
2025,4,Apr,202504,Q2,2025-04-01,0009100013|VEN004,0009100013,Vendor Programs,No,VEN004,Vendor Programs - Fulfilment,Aurora,IL,60502,GROUND,Ground,Ground,Deferred,Domestic,Yes,4000,1,164,165,3835,SAMPLE_2025_04_TnT.xlsx,Shipper View
2025,4,Apr,202504,Q2,2025-04-01,0009100013|VEN004,0009100013,Vendor Programs,No,VEN004,Vendor Programs - Fulfilment,Aurora,IL,60502,THREE DAY SELECT,3 Day Select,3DS,Deferred,Domestic,Yes,44,0,0,0,44,SAMPLE_2025_04_TnT.xlsx,Shipper View
2025,4,Apr,202504,Q2,2025-04-01,0009100013|VEN004,0009100013,Vendor Programs,No,VEN004,Vendor Programs - Fulfilment,Aurora,IL,60502,SECOND DAY AIR,2nd Day Air / Expedited,2DA,Expedited,Domestic,Yes,485,0,8,8,477,SAMPLE_2025_04_TnT.xlsx,Shipper View
2025,4,Apr,202504,Q2,2025-04-01,0009100013|VEN004,0009100013,Vendor Programs,No,VEN004,Vendor Programs - Fulfilment,Aurora,IL,60502,SECOND DAY EARLY AM,2nd Day Air Early A.M.,2DA AM,Expedited,Domestic,Yes,21,0,0,0,21,SAMPLE_2025_04_TnT.xlsx,Shipper View
2025,4,Apr,202504,Q2,2025-04-01,0009100013|VEN004,0009100013,Vendor Programs,No,VEN004,Vendor Programs - Fulfilment,Aurora,IL,60502,NEXT DAY AIR SAVER,Next Day Air Saver,NDA Saver,Premium,Domestic,Yes,192,0,5,5,187,SAMPLE_2025_04_TnT.xlsx,Shipper View
2025,4,Apr,202504,Q2,2025-04-01,0009100013|VEN004,0009100013,Vendor Programs,No,VEN004,Vendor Programs - Fulfilment,Aurora,IL,60502,NEXT DAY AIR,Next Day Air / Express,NDA,Premium,Domestic,Yes,641,0,21,21,620,SAMPLE_2025_04_TnT.xlsx,Shipper View
2025,4,Apr,202504,Q2,2025-04-01,0009100013|VEN004,0009100013,Vendor Programs,No,VEN004,Vendor Programs - Fulfilment,Aurora,IL,60502,UPS EXPRESS EARLY,Next Day Air Early,NDA Early,Premium,Domestic,Yes,3,0,0,0,3,SAMPLE_2025_04_TnT.xlsx,Shipper View
2025,4,Apr,202504,Q2,2025-04-01,0009100013|VEN004,0009100013,Vendor Programs,No,VEN004,Vendor Programs - Fulfilment,Aurora,IL,60502,INTERNATIONAL EXPRESS,International Express,Intl Express,Premium,International,Yes,3,0,0,0,3,SAMPLE_2025_04_TnT.xlsx,Shipper View
2025,4,Apr,202504,Q2,2025-04-01,0009100013|VEN004,0009100013,Vendor Programs,No,VEN004,Vendor Programs - Fulfilment,Aurora,IL,60502,INTERNATIONAL EXPRESS SAVER,International Express Saver,Intl Saver,Premium,International,Yes,2,0,0,0,2,SAMPLE_2025_04_TnT.xlsx,Shipper View
2025,4,Apr,202504,Q2,2025-04-01,0009100014|FLD005,0009100014,Field Administration,No,FLD005,Field Administration - North,Madison,WI,53703,GROUND,Ground,Ground,Deferred,Domestic,Yes,8184,17,295,312,7872,SAMPLE_2025_04_TnT.xlsx,Shipper View
2025,4,Apr,202504,Q2,2025-04-01,0009100014|FLD005,0009100014,Field Administration,No,FLD005,Field Administration - North,Madison,WI,53703,THREE DAY SELECT,3 Day Select,3DS,Deferred,Domestic,Yes,80,0,0,0,80,SAMPLE_2025_04_TnT.xlsx,Shipper View
2025,4,Apr,202504,Q2,2025-04-01,0009100014|FLD005,0009100014,Field Administration,No,FLD005,Field Administration - North,Madison,WI,53703,SECOND DAY AIR,2nd Day Air / Expedited,2DA,Expedited,Domestic,Yes,938,2,16,18,920,SAMPLE_2025_04_TnT.xlsx,Shipper View
2025,4,Apr,202504,Q2,2025-04-01,0009100014|FLD005,0009100014,Field Administration,No,FLD005,Field Administration - North,Madison,WI,53703,SECOND DAY EARLY AM,2nd Day Air Early A.M.,2DA AM,Expedited,Domestic,Yes,43,0,1,1,42,SAMPLE_2025_04_TnT.xlsx,Shipper View
2025,4,Apr,202504,Q2,2025-04-01,0009100014|FLD005,0009100014,Field Administration,No,FLD005,Field Administration - North,Madison,WI,53703,NEXT DAY AIR SAVER,Next Day Air Saver,NDA Saver,Premium,Domestic,Yes,390,0,9,9,381,SAMPLE_2025_04_TnT.xlsx,Shipper View
2025,4,Apr,202504,Q2,2025-04-01,0009100014|FLD005,0009100014,Field Administration,No,FLD005,Field Administration - North,Madison,WI,53703,NEXT DAY AIR,Next Day Air / Express,NDA,Premium,Domestic,Yes,1560,5,48,53,1507,SAMPLE_2025_04_TnT.xlsx,Shipper View
2025,4,Apr,202504,Q2,2025-04-01,0009100014|FLD005,0009100014,Field Administration,No,FLD005,Field Administration - North,Madison,WI,53703,UPS EXPRESS EARLY,Next Day Air Early,NDA Early,Premium,Domestic,Yes,5,0,0,0,5,SAMPLE_2025_04_TnT.xlsx,Shipper View
2025,4,Apr,202504,Q2,2025-04-01,0009100014|FLD005,0009100014,Field Administration,No,FLD005,Field Administration - North,Madison,WI,53703,INTERNATIONAL EXPRESS,International Express,Intl Express,Premium,International,Yes,7,0,0,0,7,SAMPLE_2025_04_TnT.xlsx,Shipper View
2025,4,Apr,202504,Q2,2025-04-01,0009100014|FLD005,0009100014,Field Administration,No,FLD005,Field Administration - North,Madison,WI,53703,INTERNATIONAL EXPRESS SAVER,International Express Saver,Intl Saver,Premium,International,Yes,3,0,0,0,3,SAMPLE_2025_04_TnT.xlsx,Shipper View
2025,4,Apr,202504,Q2,2025-04-01,0009100014|FLD005,0009100014,Field Administration,No,FLD005,Field Administration - North,Madison,WI,53703,INTERNATIONAL EXPEDITED,International Expedited,Intl Expedited,Expedited,International,Yes,1,0,0,0,1,SAMPLE_2025_04_TnT.xlsx,Shipper View
2025,4,Apr,202504,Q2,2025-04-01,0009100015|HQX006,0009100015,Corporate HQ,No,HQX006,Corporate HQ - Facilities,Columbus,OH,43004,GROUND,Ground,Ground,Deferred,Domestic,Yes,2275,3,87,90,2185,SAMPLE_2025_04_TnT.xlsx,Shipper View
2025,4,Apr,202504,Q2,2025-04-01,0009100015|HQX006,0009100015,Corporate HQ,No,HQX006,Corporate HQ - Facilities,Columbus,OH,43004,THREE DAY SELECT,3 Day Select,3DS,Deferred,Domestic,Yes,28,0,0,0,28,SAMPLE_2025_04_TnT.xlsx,Shipper View
2025,4,Apr,202504,Q2,2025-04-01,0009100015|HQX006,0009100015,Corporate HQ,No,HQX006,Corporate HQ - Facilities,Columbus,OH,43004,SECOND DAY AIR,2nd Day Air / Expedited,2DA,Expedited,Domestic,Yes,284,0,6,6,278,SAMPLE_2025_04_TnT.xlsx,Shipper View
2025,4,Apr,202504,Q2,2025-04-01,0009100015|HQX006,0009100015,Corporate HQ,No,HQX006,Corporate HQ - Facilities,Columbus,OH,43004,SECOND DAY EARLY AM,2nd Day Air Early A.M.,2DA AM,Expedited,Domestic,Yes,12,0,0,0,12,SAMPLE_2025_04_TnT.xlsx,Shipper View
2025,4,Apr,202504,Q2,2025-04-01,0009100015|HQX006,0009100015,Corporate HQ,No,HQX006,Corporate HQ - Facilities,Columbus,OH,43004,NEXT DAY AIR SAVER,Next Day Air Saver,NDA Saver,Premium,Domestic,Yes,120,0,3,3,117,SAMPLE_2025_04_TnT.xlsx,Shipper View
2025,4,Apr,202504,Q2,2025-04-01,0009100015|HQX006,0009100015,Corporate HQ,No,HQX006,Corporate HQ - Facilities,Columbus,OH,43004,NEXT DAY AIR,Next Day Air / Express,NDA,Premium,Domestic,Yes,420,1,12,13,407,SAMPLE_2025_04_TnT.xlsx,Shipper View
2025,4,Apr,202504,Q2,2025-04-01,0009100015|HQX006,0009100015,Corporate HQ,No,HQX006,Corporate HQ - Facilities,Columbus,OH,43004,INTERNATIONAL EXPRESS,International Express,Intl Express,Premium,International,Yes,1,0,0,0,1,SAMPLE_2025_04_TnT.xlsx,Shipper View
2025,4,Apr,202504,Q2,2025-04-01,0009100016|RTL007,0009100016,Retail Partner Network,No,RTL007,Retail Partner Network - Stores,Phoenix,AZ,85004,GROUND,Ground,Ground,Deferred,Domestic,Yes,11525,44,402,446,11079,SAMPLE_2025_04_TnT.xlsx,Shipper View
2025,4,Apr,202504,Q2,2025-04-01,0009100016|RTL007,0009100016,Retail Partner Network,No,RTL007,Retail Partner Network - Stores,Phoenix,AZ,85004,THREE DAY SELECT,3 Day Select,3DS,Deferred,Domestic,Yes,128,0,1,1,127,SAMPLE_2025_04_TnT.xlsx,Shipper View
2025,4,Apr,202504,Q2,2025-04-01,0009100016|RTL007,0009100016,Retail Partner Network,No,RTL007,Retail Partner Network - Stores,Phoenix,AZ,85004,SECOND DAY AIR,2nd Day Air / Expedited,2DA,Expedited,Domestic,Yes,1487,1,27,28,1459,SAMPLE_2025_04_TnT.xlsx,Shipper View
2025,4,Apr,202504,Q2,2025-04-01,0009100016|RTL007,0009100016,Retail Partner Network,No,RTL007,Retail Partner Network - Stores,Phoenix,AZ,85004,SECOND DAY EARLY AM,2nd Day Air Early A.M.,2DA AM,Expedited,Domestic,Yes,60,0,1,1,59,SAMPLE_2025_04_TnT.xlsx,Shipper View
2025,4,Apr,202504,Q2,2025-04-01,0009100016|RTL007,0009100016,Retail Partner Network,No,RTL007,Retail Partner Network - Stores,Phoenix,AZ,85004,NEXT DAY AIR SAVER,Next Day Air Saver,NDA Saver,Premium,Domestic,Yes,600,0,13,13,587,SAMPLE_2025_04_TnT.xlsx,Shipper View
2025,4,Apr,202504,Q2,2025-04-01,0009100016|RTL007,0009100016,Retail Partner Network,No,RTL007,Retail Partner Network - Stores,Phoenix,AZ,85004,NEXT DAY AIR,Next Day Air / Express,NDA,Premium,Domestic,Yes,1787,6,50,56,1731,SAMPLE_2025_04_TnT.xlsx,Shipper View
2025,4,Apr,202504,Q2,2025-04-01,0009100016|RTL007,0009100016,Retail Partner Network,No,RTL007,Retail Partner Network - Stores,Phoenix,AZ,85004,UPS EXPRESS EARLY,Next Day Air Early,NDA Early,Premium,Domestic,Yes,8,0,0,0,8,SAMPLE_2025_04_TnT.xlsx,Shipper View
2025,4,Apr,202504,Q2,2025-04-01,0009100016|RTL007,0009100016,Retail Partner Network,No,RTL007,Retail Partner Network - Stores,Phoenix,AZ,85004,INTERNATIONAL EXPRESS,International Express,Intl Express,Premium,International,Yes,11,0,1,1,10,SAMPLE_2025_04_TnT.xlsx,Shipper View
2025,4,Apr,202504,Q2,2025-04-01,0009100016|RTL007,0009100016,Retail Partner Network,No,RTL007,Retail Partner Network - Stores,Phoenix,AZ,85004,INTERNATIONAL EXPRESS SAVER,International Express Saver,Intl Saver,Premium,International,Yes,6,0,0,0,6,SAMPLE_2025_04_TnT.xlsx,Shipper View
2025,4,Apr,202504,Q2,2025-04-01,0009100016|RTL007,0009100016,Retail Partner Network,No,RTL007,Retail Partner Network - Stores,Phoenix,AZ,85004,INTERNATIONAL EXPEDITED,International Expedited,Intl Expedited,Expedited,International,Yes,1,0,0,0,1,SAMPLE_2025_04_TnT.xlsx,Shipper View
2025,4,Apr,202504,Q2,2025-04-01,0009100017|CSH008,0009100017,Cash Operations,No,CSH008,Cash Operations - Processing,Newark,NJ,07102,GROUND,Ground,Ground,Deferred,Domestic,Yes,3185,11,123,134,3051,SAMPLE_2025_04_TnT.xlsx,Shipper View
2025,4,Apr,202504,Q2,2025-04-01,0009100017|CSH008,0009100017,Cash Operations,No,CSH008,Cash Operations - Processing,Newark,NJ,07102,THREE DAY SELECT,3 Day Select,3DS,Deferred,Domestic,Yes,59,0,1,1,58,SAMPLE_2025_04_TnT.xlsx,Shipper View
2025,4,Apr,202504,Q2,2025-04-01,0009100017|CSH008,0009100017,Cash Operations,No,CSH008,Cash Operations - Processing,Newark,NJ,07102,SECOND DAY AIR,2nd Day Air / Expedited,2DA,Expedited,Domestic,Yes,552,0,10,10,542,SAMPLE_2025_04_TnT.xlsx,Shipper View
2025,4,Apr,202504,Q2,2025-04-01,0009100017|CSH008,0009100017,Cash Operations,No,CSH008,Cash Operations - Processing,Newark,NJ,07102,SECOND DAY EARLY AM,2nd Day Air Early A.M.,2DA AM,Expedited,Domestic,Yes,24,0,1,1,23,SAMPLE_2025_04_TnT.xlsx,Shipper View
2025,4,Apr,202504,Q2,2025-04-01,0009100017|CSH008,0009100017,Cash Operations,No,CSH008,Cash Operations - Processing,Newark,NJ,07102,NEXT DAY AIR SAVER,Next Day Air Saver,NDA Saver,Premium,Domestic,Yes,203,0,5,5,198,SAMPLE_2025_04_TnT.xlsx,Shipper View
2025,4,Apr,202504,Q2,2025-04-01,0009100017|CSH008,0009100017,Cash Operations,No,CSH008,Cash Operations - Processing,Newark,NJ,07102,NEXT DAY AIR,Next Day Air / Express,NDA,Premium,Domestic,Yes,727,1,21,22,705,SAMPLE_2025_04_TnT.xlsx,Shipper View
2025,4,Apr,202504,Q2,2025-04-01,0009100017|CSH008,0009100017,Cash Operations,No,CSH008,Cash Operations - Processing,Newark,NJ,07102,UPS EXPRESS EARLY,Next Day Air Early,NDA Early,Premium,Domestic,Yes,1,0,0,0,1,SAMPLE_2025_04_TnT.xlsx,Shipper View
2025,4,Apr,202504,Q2,2025-04-01,0009100017|CSH008,0009100017,Cash Operations,No,CSH008,Cash Operations - Processing,Newark,NJ,07102,INTERNATIONAL EXPRESS,International Express,Intl Express,Premium,International,Yes,3,0,0,0,3,SAMPLE_2025_04_TnT.xlsx,Shipper View
2025,4,Apr,202504,Q2,2025-04-01,0009100017|CSH008,0009100017,Cash Operations,No,CSH008,Cash Operations - Processing,Newark,NJ,07102,INTERNATIONAL EXPRESS SAVER,International Express Saver,Intl Saver,Premium,International,Yes,1,0,0,0,1,SAMPLE_2025_04_TnT.xlsx,Shipper View
2025,4,Apr,202504,Q2,2025-04-01,@@|TCO009,@@,Unassigned Sub-Parent,Yes,TCO009,Transfer Co Operations,Whippany,NJ,07981,GROUND,Ground,Ground,Deferred,Domestic,Yes,478,0,17,17,461,SAMPLE_2025_04_TnT.xlsx,Shipper View
2025,4,Apr,202504,Q2,2025-04-01,@@|TCO009,@@,Unassigned Sub-Parent,Yes,TCO009,Transfer Co Operations,Whippany,NJ,07981,THREE DAY SELECT,3 Day Select,3DS,Deferred,Domestic,Yes,6,0,0,0,6,SAMPLE_2025_04_TnT.xlsx,Shipper View
2025,4,Apr,202504,Q2,2025-04-01,@@|TCO009,@@,Unassigned Sub-Parent,Yes,TCO009,Transfer Co Operations,Whippany,NJ,07981,SECOND DAY AIR,2nd Day Air / Expedited,2DA,Expedited,Domestic,Yes,78,0,1,1,77,SAMPLE_2025_04_TnT.xlsx,Shipper View
2025,4,Apr,202504,Q2,2025-04-01,@@|TCO009,@@,Unassigned Sub-Parent,Yes,TCO009,Transfer Co Operations,Whippany,NJ,07981,SECOND DAY EARLY AM,2nd Day Air Early A.M.,2DA AM,Expedited,Domestic,Yes,2,0,0,0,2,SAMPLE_2025_04_TnT.xlsx,Shipper View
2025,4,Apr,202504,Q2,2025-04-01,@@|TCO009,@@,Unassigned Sub-Parent,Yes,TCO009,Transfer Co Operations,Whippany,NJ,07981,NEXT DAY AIR SAVER,Next Day Air Saver,NDA Saver,Premium,Domestic,Yes,29,0,1,1,28,SAMPLE_2025_04_TnT.xlsx,Shipper View
2025,4,Apr,202504,Q2,2025-04-01,@@|TCO009,@@,Unassigned Sub-Parent,Yes,TCO009,Transfer Co Operations,Whippany,NJ,07981,NEXT DAY AIR,Next Day Air / Express,NDA,Premium,Domestic,Yes,120,0,4,4,116,SAMPLE_2025_04_TnT.xlsx,Shipper View
2025,5,May,202505,Q2,2025-05-01,0009100011|TCH001,0009100011,Technology Operations,No,TCH001,Technology Operations - Central,Columbus,OH,43004,GROUND,Ground,Ground,Deferred,Domestic,Yes,19162,50,681,731,18431,SAMPLE_2025_05_TnT.xlsx,Shipper View
2025,5,May,202505,Q2,2025-05-01,0009100011|TCH001,0009100011,Technology Operations,No,TCH001,Technology Operations - Central,Columbus,OH,43004,THREE DAY SELECT,3 Day Select,3DS,Deferred,Domestic,Yes,296,0,1,1,295,SAMPLE_2025_05_TnT.xlsx,Shipper View
2025,5,May,202505,Q2,2025-05-01,0009100011|TCH001,0009100011,Technology Operations,No,TCH001,Technology Operations - Central,Columbus,OH,43004,SECOND DAY AIR,2nd Day Air / Expedited,2DA,Expedited,Domestic,Yes,2073,2,38,40,2033,SAMPLE_2025_05_TnT.xlsx,Shipper View
2025,5,May,202505,Q2,2025-05-01,0009100011|TCH001,0009100011,Technology Operations,No,TCH001,Technology Operations - Central,Columbus,OH,43004,SECOND DAY EARLY AM,2nd Day Air Early A.M.,2DA AM,Expedited,Domestic,Yes,97,0,2,2,95,SAMPLE_2025_05_TnT.xlsx,Shipper View
2025,5,May,202505,Q2,2025-05-01,0009100011|TCH001,0009100011,Technology Operations,No,TCH001,Technology Operations - Central,Columbus,OH,43004,NEXT DAY AIR SAVER,Next Day Air Saver,NDA Saver,Premium,Domestic,Yes,973,0,23,23,950,SAMPLE_2025_05_TnT.xlsx,Shipper View
2025,5,May,202505,Q2,2025-05-01,0009100011|TCH001,0009100011,Technology Operations,No,TCH001,Technology Operations - Central,Columbus,OH,43004,NEXT DAY AIR,Next Day Air / Express,NDA,Premium,Domestic,Yes,3470,10,96,106,3364,SAMPLE_2025_05_TnT.xlsx,Shipper View
2025,5,May,202505,Q2,2025-05-01,0009100011|TCH001,0009100011,Technology Operations,No,TCH001,Technology Operations - Central,Columbus,OH,43004,UPS EXPRESS EARLY,Next Day Air Early,NDA Early,Premium,Domestic,Yes,14,0,0,0,14,SAMPLE_2025_05_TnT.xlsx,Shipper View
2025,5,May,202505,Q2,2025-05-01,0009100011|TCH001,0009100011,Technology Operations,No,TCH001,Technology Operations - Central,Columbus,OH,43004,INTERNATIONAL EXPRESS,International Express,Intl Express,Premium,International,Yes,13,0,1,1,12,SAMPLE_2025_05_TnT.xlsx,Shipper View
2025,5,May,202505,Q2,2025-05-01,0009100011|TCH001,0009100011,Technology Operations,No,TCH001,Technology Operations - Central,Columbus,OH,43004,INTERNATIONAL EXPRESS SAVER,International Express Saver,Intl Saver,Premium,International,Yes,12,0,0,0,12,SAMPLE_2025_05_TnT.xlsx,Shipper View
2025,5,May,202505,Q2,2025-05-01,0009100011|TCH001,0009100011,Technology Operations,No,TCH001,Technology Operations - Central,Columbus,OH,43004,INTERNATIONAL EXPEDITED,International Expedited,Intl Expedited,Expedited,International,Yes,3,0,0,0,3,SAMPLE_2025_05_TnT.xlsx,Shipper View
2025,5,May,202505,Q2,2025-05-01,0009100012|MAI002,0009100012,Mail Services,No,MAI002,Mail Services - Regional,Kansas City,MO,64108,GROUND,Ground,Ground,Deferred,Domestic,Yes,3796,10,148,158,3638,SAMPLE_2025_05_TnT.xlsx,Shipper View
2025,5,May,202505,Q2,2025-05-01,0009100012|MAI002,0009100012,Mail Services,No,MAI002,Mail Services - Regional,Kansas City,MO,64108,THREE DAY SELECT,3 Day Select,3DS,Deferred,Domestic,Yes,52,0,0,0,52,SAMPLE_2025_05_TnT.xlsx,Shipper View
2025,5,May,202505,Q2,2025-05-01,0009100012|MAI002,0009100012,Mail Services,No,MAI002,Mail Services - Regional,Kansas City,MO,64108,SECOND DAY AIR,2nd Day Air / Expedited,2DA,Expedited,Domestic,Yes,417,0,8,8,409,SAMPLE_2025_05_TnT.xlsx,Shipper View
2025,5,May,202505,Q2,2025-05-01,0009100012|MAI002,0009100012,Mail Services,No,MAI002,Mail Services - Regional,Kansas City,MO,64108,SECOND DAY EARLY AM,2nd Day Air Early A.M.,2DA AM,Expedited,Domestic,Yes,14,0,0,0,14,SAMPLE_2025_05_TnT.xlsx,Shipper View
2025,5,May,202505,Q2,2025-05-01,0009100012|MAI002,0009100012,Mail Services,No,MAI002,Mail Services - Regional,Kansas City,MO,64108,NEXT DAY AIR SAVER,Next Day Air Saver,NDA Saver,Premium,Domestic,Yes,169,0,4,4,165,SAMPLE_2025_05_TnT.xlsx,Shipper View
2025,5,May,202505,Q2,2025-05-01,0009100012|MAI002,0009100012,Mail Services,No,MAI002,Mail Services - Regional,Kansas City,MO,64108,NEXT DAY AIR,Next Day Air / Express,NDA,Premium,Domestic,Yes,594,1,17,18,576,SAMPLE_2025_05_TnT.xlsx,Shipper View
2025,5,May,202505,Q2,2025-05-01,0009100012|MAI002,0009100012,Mail Services,No,MAI002,Mail Services - Regional,Kansas City,MO,64108,UPS EXPRESS EARLY,Next Day Air Early,NDA Early,Premium,Domestic,Yes,2,0,0,0,2,SAMPLE_2025_05_TnT.xlsx,Shipper View
2025,5,May,202505,Q2,2025-05-01,0009100012|MAI002,0009100012,Mail Services,No,MAI002,Mail Services - Regional,Kansas City,MO,64108,INTERNATIONAL EXPRESS,International Express,Intl Express,Premium,International,Yes,1,0,0,0,1,SAMPLE_2025_05_TnT.xlsx,Shipper View
2025,5,May,202505,Q2,2025-05-01,0009100012|MAI002,0009100012,Mail Services,No,MAI002,Mail Services - Regional,Kansas City,MO,64108,INTERNATIONAL EXPRESS SAVER,International Express Saver,Intl Saver,Premium,International,Yes,1,0,0,0,1,SAMPLE_2025_05_TnT.xlsx,Shipper View
2025,5,May,202505,Q2,2025-05-01,0009100013|VEN003,0009100013,Vendor Programs,No,VEN003,Vendor Programs - Print,Aurora,IL,60502,GROUND,Ground,Ground,Deferred,Domestic,Yes,4601,15,171,186,4415,SAMPLE_2025_05_TnT.xlsx,Shipper View
2025,5,May,202505,Q2,2025-05-01,0009100013|VEN003,0009100013,Vendor Programs,No,VEN003,Vendor Programs - Print,Aurora,IL,60502,THREE DAY SELECT,3 Day Select,3DS,Deferred,Domestic,Yes,73,0,0,0,73,SAMPLE_2025_05_TnT.xlsx,Shipper View
2025,5,May,202505,Q2,2025-05-01,0009100013|VEN003,0009100013,Vendor Programs,No,VEN003,Vendor Programs - Print,Aurora,IL,60502,SECOND DAY AIR,2nd Day Air / Expedited,2DA,Expedited,Domestic,Yes,660,1,12,13,647,SAMPLE_2025_05_TnT.xlsx,Shipper View
2025,5,May,202505,Q2,2025-05-01,0009100013|VEN003,0009100013,Vendor Programs,No,VEN003,Vendor Programs - Print,Aurora,IL,60502,SECOND DAY EARLY AM,2nd Day Air Early A.M.,2DA AM,Expedited,Domestic,Yes,23,0,0,0,23,SAMPLE_2025_05_TnT.xlsx,Shipper View
2025,5,May,202505,Q2,2025-05-01,0009100013|VEN003,0009100013,Vendor Programs,No,VEN003,Vendor Programs - Print,Aurora,IL,60502,NEXT DAY AIR SAVER,Next Day Air Saver,NDA Saver,Premium,Domestic,Yes,234,0,6,6,228,SAMPLE_2025_05_TnT.xlsx,Shipper View
2025,5,May,202505,Q2,2025-05-01,0009100013|VEN003,0009100013,Vendor Programs,No,VEN003,Vendor Programs - Print,Aurora,IL,60502,NEXT DAY AIR,Next Day Air / Express,NDA,Premium,Domestic,Yes,848,1,26,27,821,SAMPLE_2025_05_TnT.xlsx,Shipper View
2025,5,May,202505,Q2,2025-05-01,0009100013|VEN003,0009100013,Vendor Programs,No,VEN003,Vendor Programs - Print,Aurora,IL,60502,UPS EXPRESS EARLY,Next Day Air Early,NDA Early,Premium,Domestic,Yes,2,0,0,0,2,SAMPLE_2025_05_TnT.xlsx,Shipper View
2025,5,May,202505,Q2,2025-05-01,0009100013|VEN003,0009100013,Vendor Programs,No,VEN003,Vendor Programs - Print,Aurora,IL,60502,INTERNATIONAL EXPRESS,International Express,Intl Express,Premium,International,Yes,4,0,0,0,4,SAMPLE_2025_05_TnT.xlsx,Shipper View
2025,5,May,202505,Q2,2025-05-01,0009100013|VEN003,0009100013,Vendor Programs,No,VEN003,Vendor Programs - Print,Aurora,IL,60502,INTERNATIONAL EXPRESS SAVER,International Express Saver,Intl Saver,Premium,International,Yes,3,0,0,0,3,SAMPLE_2025_05_TnT.xlsx,Shipper View
2025,5,May,202505,Q2,2025-05-01,0009100013|VEN004,0009100013,Vendor Programs,No,VEN004,Vendor Programs - Fulfilment,Aurora,IL,60502,GROUND,Ground,Ground,Deferred,Domestic,Yes,4221,14,167,181,4040,SAMPLE_2025_05_TnT.xlsx,Shipper View
2025,5,May,202505,Q2,2025-05-01,0009100013|VEN004,0009100013,Vendor Programs,No,VEN004,Vendor Programs - Fulfilment,Aurora,IL,60502,THREE DAY SELECT,3 Day Select,3DS,Deferred,Domestic,Yes,57,0,0,0,57,SAMPLE_2025_05_TnT.xlsx,Shipper View
2025,5,May,202505,Q2,2025-05-01,0009100013|VEN004,0009100013,Vendor Programs,No,VEN004,Vendor Programs - Fulfilment,Aurora,IL,60502,SECOND DAY AIR,2nd Day Air / Expedited,2DA,Expedited,Domestic,Yes,427,0,9,9,418,SAMPLE_2025_05_TnT.xlsx,Shipper View
2025,5,May,202505,Q2,2025-05-01,0009100013|VEN004,0009100013,Vendor Programs,No,VEN004,Vendor Programs - Fulfilment,Aurora,IL,60502,SECOND DAY EARLY AM,2nd Day Air Early A.M.,2DA AM,Expedited,Domestic,Yes,20,0,0,0,20,SAMPLE_2025_05_TnT.xlsx,Shipper View
2025,5,May,202505,Q2,2025-05-01,0009100013|VEN004,0009100013,Vendor Programs,No,VEN004,Vendor Programs - Fulfilment,Aurora,IL,60502,NEXT DAY AIR SAVER,Next Day Air Saver,NDA Saver,Premium,Domestic,Yes,187,0,4,4,183,SAMPLE_2025_05_TnT.xlsx,Shipper View
2025,5,May,202505,Q2,2025-05-01,0009100013|VEN004,0009100013,Vendor Programs,No,VEN004,Vendor Programs - Fulfilment,Aurora,IL,60502,NEXT DAY AIR,Next Day Air / Express,NDA,Premium,Domestic,Yes,624,0,20,20,604,SAMPLE_2025_05_TnT.xlsx,Shipper View
2025,5,May,202505,Q2,2025-05-01,0009100013|VEN004,0009100013,Vendor Programs,No,VEN004,Vendor Programs - Fulfilment,Aurora,IL,60502,UPS EXPRESS EARLY,Next Day Air Early,NDA Early,Premium,Domestic,Yes,2,0,0,0,2,SAMPLE_2025_05_TnT.xlsx,Shipper View
2025,5,May,202505,Q2,2025-05-01,0009100013|VEN004,0009100013,Vendor Programs,No,VEN004,Vendor Programs - Fulfilment,Aurora,IL,60502,INTERNATIONAL EXPRESS,International Express,Intl Express,Premium,International,Yes,2,0,0,0,2,SAMPLE_2025_05_TnT.xlsx,Shipper View
2025,5,May,202505,Q2,2025-05-01,0009100013|VEN004,0009100013,Vendor Programs,No,VEN004,Vendor Programs - Fulfilment,Aurora,IL,60502,INTERNATIONAL EXPRESS SAVER,International Express Saver,Intl Saver,Premium,International,Yes,2,0,0,0,2,SAMPLE_2025_05_TnT.xlsx,Shipper View
2025,5,May,202505,Q2,2025-05-01,0009100014|FLD005,0009100014,Field Administration,No,FLD005,Field Administration - North,Madison,WI,53703,GROUND,Ground,Ground,Deferred,Domestic,Yes,6126,25,208,233,5893,SAMPLE_2025_05_TnT.xlsx,Shipper View
2025,5,May,202505,Q2,2025-05-01,0009100014|FLD005,0009100014,Field Administration,No,FLD005,Field Administration - North,Madison,WI,53703,THREE DAY SELECT,3 Day Select,3DS,Deferred,Domestic,Yes,77,0,0,0,77,SAMPLE_2025_05_TnT.xlsx,Shipper View
2025,5,May,202505,Q2,2025-05-01,0009100014|FLD005,0009100014,Field Administration,No,FLD005,Field Administration - North,Madison,WI,53703,SECOND DAY AIR,2nd Day Air / Expedited,2DA,Expedited,Domestic,Yes,738,0,14,14,724,SAMPLE_2025_05_TnT.xlsx,Shipper View
2025,5,May,202505,Q2,2025-05-01,0009100014|FLD005,0009100014,Field Administration,No,FLD005,Field Administration - North,Madison,WI,53703,SECOND DAY EARLY AM,2nd Day Air Early A.M.,2DA AM,Expedited,Domestic,Yes,40,0,1,1,39,SAMPLE_2025_05_TnT.xlsx,Shipper View
2025,5,May,202505,Q2,2025-05-01,0009100014|FLD005,0009100014,Field Administration,No,FLD005,Field Administration - North,Madison,WI,53703,NEXT DAY AIR SAVER,Next Day Air Saver,NDA Saver,Premium,Domestic,Yes,338,0,8,8,330,SAMPLE_2025_05_TnT.xlsx,Shipper View
2025,5,May,202505,Q2,2025-05-01,0009100014|FLD005,0009100014,Field Administration,No,FLD005,Field Administration - North,Madison,WI,53703,NEXT DAY AIR,Next Day Air / Express,NDA,Premium,Domestic,Yes,1204,0,42,42,1162,SAMPLE_2025_05_TnT.xlsx,Shipper View
2025,5,May,202505,Q2,2025-05-01,0009100014|FLD005,0009100014,Field Administration,No,FLD005,Field Administration - North,Madison,WI,53703,UPS EXPRESS EARLY,Next Day Air Early,NDA Early,Premium,Domestic,Yes,3,0,0,0,3,SAMPLE_2025_05_TnT.xlsx,Shipper View
2025,5,May,202505,Q2,2025-05-01,0009100014|FLD005,0009100014,Field Administration,No,FLD005,Field Administration - North,Madison,WI,53703,INTERNATIONAL EXPRESS,International Express,Intl Express,Premium,International,Yes,5,0,0,0,5,SAMPLE_2025_05_TnT.xlsx,Shipper View
2025,5,May,202505,Q2,2025-05-01,0009100014|FLD005,0009100014,Field Administration,No,FLD005,Field Administration - North,Madison,WI,53703,INTERNATIONAL EXPRESS SAVER,International Express Saver,Intl Saver,Premium,International,Yes,2,0,0,0,2,SAMPLE_2025_05_TnT.xlsx,Shipper View
2025,5,May,202505,Q2,2025-05-01,0009100014|FLD005,0009100014,Field Administration,No,FLD005,Field Administration - North,Madison,WI,53703,INTERNATIONAL EXPEDITED,International Expedited,Intl Expedited,Expedited,International,Yes,1,0,0,0,1,SAMPLE_2025_05_TnT.xlsx,Shipper View
2025,5,May,202505,Q2,2025-05-01,0009100015|HQX006,0009100015,Corporate HQ,No,HQX006,Corporate HQ - Facilities,Columbus,OH,43004,GROUND,Ground,Ground,Deferred,Domestic,Yes,1902,4,65,69,1833,SAMPLE_2025_05_TnT.xlsx,Shipper View
2025,5,May,202505,Q2,2025-05-01,0009100015|HQX006,0009100015,Corporate HQ,No,HQX006,Corporate HQ - Facilities,Columbus,OH,43004,THREE DAY SELECT,3 Day Select,3DS,Deferred,Domestic,Yes,27,0,0,0,27,SAMPLE_2025_05_TnT.xlsx,Shipper View
2025,5,May,202505,Q2,2025-05-01,0009100015|HQX006,0009100015,Corporate HQ,No,HQX006,Corporate HQ - Facilities,Columbus,OH,43004,SECOND DAY AIR,2nd Day Air / Expedited,2DA,Expedited,Domestic,Yes,299,0,5,5,294,SAMPLE_2025_05_TnT.xlsx,Shipper View
2025,5,May,202505,Q2,2025-05-01,0009100015|HQX006,0009100015,Corporate HQ,No,HQX006,Corporate HQ - Facilities,Columbus,OH,43004,SECOND DAY EARLY AM,2nd Day Air Early A.M.,2DA AM,Expedited,Domestic,Yes,9,0,0,0,9,SAMPLE_2025_05_TnT.xlsx,Shipper View
2025,5,May,202505,Q2,2025-05-01,0009100015|HQX006,0009100015,Corporate HQ,No,HQX006,Corporate HQ - Facilities,Columbus,OH,43004,NEXT DAY AIR SAVER,Next Day Air Saver,NDA Saver,Premium,Domestic,Yes,117,0,3,3,114,SAMPLE_2025_05_TnT.xlsx,Shipper View
2025,5,May,202505,Q2,2025-05-01,0009100015|HQX006,0009100015,Corporate HQ,No,HQX006,Corporate HQ - Facilities,Columbus,OH,43004,NEXT DAY AIR,Next Day Air / Express,NDA,Premium,Domestic,Yes,419,0,12,12,407,SAMPLE_2025_05_TnT.xlsx,Shipper View
2025,5,May,202505,Q2,2025-05-01,0009100015|HQX006,0009100015,Corporate HQ,No,HQX006,Corporate HQ - Facilities,Columbus,OH,43004,INTERNATIONAL EXPRESS,International Express,Intl Express,Premium,International,Yes,1,0,0,0,1,SAMPLE_2025_05_TnT.xlsx,Shipper View
2025,5,May,202505,Q2,2025-05-01,0009100016|RTL007,0009100016,Retail Partner Network,No,RTL007,Retail Partner Network - Stores,Phoenix,AZ,85004,GROUND,Ground,Ground,Deferred,Domestic,Yes,9021,17,318,335,8686,SAMPLE_2025_05_TnT.xlsx,Shipper View
2025,5,May,202505,Q2,2025-05-01,0009100016|RTL007,0009100016,Retail Partner Network,No,RTL007,Retail Partner Network - Stores,Phoenix,AZ,85004,THREE DAY SELECT,3 Day Select,3DS,Deferred,Domestic,Yes,145,0,1,1,144,SAMPLE_2025_05_TnT.xlsx,Shipper View
2025,5,May,202505,Q2,2025-05-01,0009100016|RTL007,0009100016,Retail Partner Network,No,RTL007,Retail Partner Network - Stores,Phoenix,AZ,85004,SECOND DAY AIR,2nd Day Air / Expedited,2DA,Expedited,Domestic,Yes,1104,0,18,18,1086,SAMPLE_2025_05_TnT.xlsx,Shipper View
2025,5,May,202505,Q2,2025-05-01,0009100016|RTL007,0009100016,Retail Partner Network,No,RTL007,Retail Partner Network - Stores,Phoenix,AZ,85004,SECOND DAY EARLY AM,2nd Day Air Early A.M.,2DA AM,Expedited,Domestic,Yes,51,0,1,1,50,SAMPLE_2025_05_TnT.xlsx,Shipper View
2025,5,May,202505,Q2,2025-05-01,0009100016|RTL007,0009100016,Retail Partner Network,No,RTL007,Retail Partner Network - Stores,Phoenix,AZ,85004,NEXT DAY AIR SAVER,Next Day Air Saver,NDA Saver,Premium,Domestic,Yes,532,0,11,11,521,SAMPLE_2025_05_TnT.xlsx,Shipper View
2025,5,May,202505,Q2,2025-05-01,0009100016|RTL007,0009100016,Retail Partner Network,No,RTL007,Retail Partner Network - Stores,Phoenix,AZ,85004,NEXT DAY AIR,Next Day Air / Express,NDA,Premium,Domestic,Yes,1744,5,48,53,1691,SAMPLE_2025_05_TnT.xlsx,Shipper View
2025,5,May,202505,Q2,2025-05-01,0009100016|RTL007,0009100016,Retail Partner Network,No,RTL007,Retail Partner Network - Stores,Phoenix,AZ,85004,UPS EXPRESS EARLY,Next Day Air Early,NDA Early,Premium,Domestic,Yes,9,0,0,0,9,SAMPLE_2025_05_TnT.xlsx,Shipper View
2025,5,May,202505,Q2,2025-05-01,0009100016|RTL007,0009100016,Retail Partner Network,No,RTL007,Retail Partner Network - Stores,Phoenix,AZ,85004,INTERNATIONAL EXPRESS,International Express,Intl Express,Premium,International,Yes,10,0,0,0,10,SAMPLE_2025_05_TnT.xlsx,Shipper View
2025,5,May,202505,Q2,2025-05-01,0009100016|RTL007,0009100016,Retail Partner Network,No,RTL007,Retail Partner Network - Stores,Phoenix,AZ,85004,INTERNATIONAL EXPRESS SAVER,International Express Saver,Intl Saver,Premium,International,Yes,7,0,0,0,7,SAMPLE_2025_05_TnT.xlsx,Shipper View
2025,5,May,202505,Q2,2025-05-01,0009100016|RTL007,0009100016,Retail Partner Network,No,RTL007,Retail Partner Network - Stores,Phoenix,AZ,85004,INTERNATIONAL EXPEDITED,International Expedited,Intl Expedited,Expedited,International,Yes,1,0,0,0,1,SAMPLE_2025_05_TnT.xlsx,Shipper View
2025,5,May,202505,Q2,2025-05-01,0009100017|CSH008,0009100017,Cash Operations,No,CSH008,Cash Operations - Processing,Newark,NJ,07102,GROUND,Ground,Ground,Deferred,Domestic,Yes,4142,3,152,155,3987,SAMPLE_2025_05_TnT.xlsx,Shipper View
2025,5,May,202505,Q2,2025-05-01,0009100017|CSH008,0009100017,Cash Operations,No,CSH008,Cash Operations - Processing,Newark,NJ,07102,THREE DAY SELECT,3 Day Select,3DS,Deferred,Domestic,Yes,51,0,0,0,51,SAMPLE_2025_05_TnT.xlsx,Shipper View
2025,5,May,202505,Q2,2025-05-01,0009100017|CSH008,0009100017,Cash Operations,No,CSH008,Cash Operations - Processing,Newark,NJ,07102,SECOND DAY AIR,2nd Day Air / Expedited,2DA,Expedited,Domestic,Yes,549,0,10,10,539,SAMPLE_2025_05_TnT.xlsx,Shipper View
2025,5,May,202505,Q2,2025-05-01,0009100017|CSH008,0009100017,Cash Operations,No,CSH008,Cash Operations - Processing,Newark,NJ,07102,SECOND DAY EARLY AM,2nd Day Air Early A.M.,2DA AM,Expedited,Domestic,Yes,24,0,1,1,23,SAMPLE_2025_05_TnT.xlsx,Shipper View
2025,5,May,202505,Q2,2025-05-01,0009100017|CSH008,0009100017,Cash Operations,No,CSH008,Cash Operations - Processing,Newark,NJ,07102,NEXT DAY AIR SAVER,Next Day Air Saver,NDA Saver,Premium,Domestic,Yes,173,0,4,4,169,SAMPLE_2025_05_TnT.xlsx,Shipper View
2025,5,May,202505,Q2,2025-05-01,0009100017|CSH008,0009100017,Cash Operations,No,CSH008,Cash Operations - Processing,Newark,NJ,07102,NEXT DAY AIR,Next Day Air / Express,NDA,Premium,Domestic,Yes,631,1,18,19,612,SAMPLE_2025_05_TnT.xlsx,Shipper View
2025,5,May,202505,Q2,2025-05-01,0009100017|CSH008,0009100017,Cash Operations,No,CSH008,Cash Operations - Processing,Newark,NJ,07102,UPS EXPRESS EARLY,Next Day Air Early,NDA Early,Premium,Domestic,Yes,2,0,0,0,2,SAMPLE_2025_05_TnT.xlsx,Shipper View
2025,5,May,202505,Q2,2025-05-01,0009100017|CSH008,0009100017,Cash Operations,No,CSH008,Cash Operations - Processing,Newark,NJ,07102,INTERNATIONAL EXPRESS,International Express,Intl Express,Premium,International,Yes,3,0,0,0,3,SAMPLE_2025_05_TnT.xlsx,Shipper View
2025,5,May,202505,Q2,2025-05-01,0009100017|CSH008,0009100017,Cash Operations,No,CSH008,Cash Operations - Processing,Newark,NJ,07102,INTERNATIONAL EXPRESS SAVER,International Express Saver,Intl Saver,Premium,International,Yes,2,0,0,0,2,SAMPLE_2025_05_TnT.xlsx,Shipper View
2025,5,May,202505,Q2,2025-05-01,@@|TCO009,@@,Unassigned Sub-Parent,Yes,TCO009,Transfer Co Operations,Whippany,NJ,07981,GROUND,Ground,Ground,Deferred,Domestic,Yes,473,0,19,19,454,SAMPLE_2025_05_TnT.xlsx,Shipper View
2025,5,May,202505,Q2,2025-05-01,@@|TCO009,@@,Unassigned Sub-Parent,Yes,TCO009,Transfer Co Operations,Whippany,NJ,07981,THREE DAY SELECT,3 Day Select,3DS,Deferred,Domestic,Yes,6,0,0,0,6,SAMPLE_2025_05_TnT.xlsx,Shipper View
2025,5,May,202505,Q2,2025-05-01,@@|TCO009,@@,Unassigned Sub-Parent,Yes,TCO009,Transfer Co Operations,Whippany,NJ,07981,SECOND DAY AIR,2nd Day Air / Expedited,2DA,Expedited,Domestic,Yes,70,0,1,1,69,SAMPLE_2025_05_TnT.xlsx,Shipper View
2025,5,May,202505,Q2,2025-05-01,@@|TCO009,@@,Unassigned Sub-Parent,Yes,TCO009,Transfer Co Operations,Whippany,NJ,07981,SECOND DAY EARLY AM,2nd Day Air Early A.M.,2DA AM,Expedited,Domestic,Yes,1,0,0,0,1,SAMPLE_2025_05_TnT.xlsx,Shipper View
2025,5,May,202505,Q2,2025-05-01,@@|TCO009,@@,Unassigned Sub-Parent,Yes,TCO009,Transfer Co Operations,Whippany,NJ,07981,NEXT DAY AIR SAVER,Next Day Air Saver,NDA Saver,Premium,Domestic,Yes,29,0,1,1,28,SAMPLE_2025_05_TnT.xlsx,Shipper View
2025,5,May,202505,Q2,2025-05-01,@@|TCO009,@@,Unassigned Sub-Parent,Yes,TCO009,Transfer Co Operations,Whippany,NJ,07981,NEXT DAY AIR,Next Day Air / Express,NDA,Premium,Domestic,Yes,104,0,3,3,101,SAMPLE_2025_05_TnT.xlsx,Shipper View
2025,6,Jun,202506,Q2,2025-06-01,0009100011|TCH001,0009100011,Technology Operations,No,TCH001,Technology Operations - Central,Columbus,OH,43004,GROUND,Ground,Ground,Deferred,Domestic,Yes,19428,32,741,773,18655,SAMPLE_2025_06_TnT.xlsx,Shipper View
2025,6,Jun,202506,Q2,2025-06-01,0009100011|TCH001,0009100011,Technology Operations,No,TCH001,Technology Operations - Central,Columbus,OH,43004,THREE DAY SELECT,3 Day Select,3DS,Deferred,Domestic,Yes,211,0,1,1,210,SAMPLE_2025_06_TnT.xlsx,Shipper View
2025,6,Jun,202506,Q2,2025-06-01,0009100011|TCH001,0009100011,Technology Operations,No,TCH001,Technology Operations - Central,Columbus,OH,43004,SECOND DAY AIR,2nd Day Air / Expedited,2DA,Expedited,Domestic,Yes,2110,4,34,38,2072,SAMPLE_2025_06_TnT.xlsx,Shipper View
2025,6,Jun,202506,Q2,2025-06-01,0009100011|TCH001,0009100011,Technology Operations,No,TCH001,Technology Operations - Central,Columbus,OH,43004,SECOND DAY EARLY AM,2nd Day Air Early A.M.,2DA AM,Expedited,Domestic,Yes,116,0,3,3,113,SAMPLE_2025_06_TnT.xlsx,Shipper View
2025,6,Jun,202506,Q2,2025-06-01,0009100011|TCH001,0009100011,Technology Operations,No,TCH001,Technology Operations - Central,Columbus,OH,43004,NEXT DAY AIR SAVER,Next Day Air Saver,NDA Saver,Premium,Domestic,Yes,882,2,19,21,861,SAMPLE_2025_06_TnT.xlsx,Shipper View
2025,6,Jun,202506,Q2,2025-06-01,0009100011|TCH001,0009100011,Technology Operations,No,TCH001,Technology Operations - Central,Columbus,OH,43004,NEXT DAY AIR,Next Day Air / Express,NDA,Premium,Domestic,Yes,3410,10,104,114,3296,SAMPLE_2025_06_TnT.xlsx,Shipper View
2025,6,Jun,202506,Q2,2025-06-01,0009100011|TCH001,0009100011,Technology Operations,No,TCH001,Technology Operations - Central,Columbus,OH,43004,UPS EXPRESS EARLY,Next Day Air Early,NDA Early,Premium,Domestic,Yes,13,0,0,0,13,SAMPLE_2025_06_TnT.xlsx,Shipper View
2025,6,Jun,202506,Q2,2025-06-01,0009100011|TCH001,0009100011,Technology Operations,No,TCH001,Technology Operations - Central,Columbus,OH,43004,INTERNATIONAL EXPRESS,International Express,Intl Express,Premium,International,Yes,14,0,1,1,13,SAMPLE_2025_06_TnT.xlsx,Shipper View
2025,6,Jun,202506,Q2,2025-06-01,0009100011|TCH001,0009100011,Technology Operations,No,TCH001,Technology Operations - Central,Columbus,OH,43004,INTERNATIONAL EXPRESS SAVER,International Express Saver,Intl Saver,Premium,International,Yes,8,0,0,0,8,SAMPLE_2025_06_TnT.xlsx,Shipper View
2025,6,Jun,202506,Q2,2025-06-01,0009100011|TCH001,0009100011,Technology Operations,No,TCH001,Technology Operations - Central,Columbus,OH,43004,INTERNATIONAL EXPEDITED,International Expedited,Intl Expedited,Expedited,International,Yes,2,0,0,0,2,SAMPLE_2025_06_TnT.xlsx,Shipper View
2025,6,Jun,202506,Q2,2025-06-01,0009100012|MAI002,0009100012,Mail Services,No,MAI002,Mail Services - Regional,Kansas City,MO,64108,GROUND,Ground,Ground,Deferred,Domestic,Yes,2513,10,95,105,2408,SAMPLE_2025_06_TnT.xlsx,Shipper View
2025,6,Jun,202506,Q2,2025-06-01,0009100012|MAI002,0009100012,Mail Services,No,MAI002,Mail Services - Regional,Kansas City,MO,64108,THREE DAY SELECT,3 Day Select,3DS,Deferred,Domestic,Yes,32,0,0,0,32,SAMPLE_2025_06_TnT.xlsx,Shipper View
2025,6,Jun,202506,Q2,2025-06-01,0009100012|MAI002,0009100012,Mail Services,No,MAI002,Mail Services - Regional,Kansas City,MO,64108,SECOND DAY AIR,2nd Day Air / Expedited,2DA,Expedited,Domestic,Yes,375,0,7,7,368,SAMPLE_2025_06_TnT.xlsx,Shipper View
2025,6,Jun,202506,Q2,2025-06-01,0009100012|MAI002,0009100012,Mail Services,No,MAI002,Mail Services - Regional,Kansas City,MO,64108,SECOND DAY EARLY AM,2nd Day Air Early A.M.,2DA AM,Expedited,Domestic,Yes,14,0,0,0,14,SAMPLE_2025_06_TnT.xlsx,Shipper View
2025,6,Jun,202506,Q2,2025-06-01,0009100012|MAI002,0009100012,Mail Services,No,MAI002,Mail Services - Regional,Kansas City,MO,64108,NEXT DAY AIR SAVER,Next Day Air Saver,NDA Saver,Premium,Domestic,Yes,158,0,4,4,154,SAMPLE_2025_06_TnT.xlsx,Shipper View
2025,6,Jun,202506,Q2,2025-06-01,0009100012|MAI002,0009100012,Mail Services,No,MAI002,Mail Services - Regional,Kansas City,MO,64108,NEXT DAY AIR,Next Day Air / Express,NDA,Premium,Domestic,Yes,572,1,17,18,554,SAMPLE_2025_06_TnT.xlsx,Shipper View
2025,6,Jun,202506,Q2,2025-06-01,0009100012|MAI002,0009100012,Mail Services,No,MAI002,Mail Services - Regional,Kansas City,MO,64108,UPS EXPRESS EARLY,Next Day Air Early,NDA Early,Premium,Domestic,Yes,1,0,0,0,1,SAMPLE_2025_06_TnT.xlsx,Shipper View
2025,6,Jun,202506,Q2,2025-06-01,0009100012|MAI002,0009100012,Mail Services,No,MAI002,Mail Services - Regional,Kansas City,MO,64108,INTERNATIONAL EXPRESS,International Express,Intl Express,Premium,International,Yes,1,0,0,0,1,SAMPLE_2025_06_TnT.xlsx,Shipper View
2025,6,Jun,202506,Q2,2025-06-01,0009100013|VEN003,0009100013,Vendor Programs,No,VEN003,Vendor Programs - Print,Aurora,IL,60502,GROUND,Ground,Ground,Deferred,Domestic,Yes,5057,1,217,218,4839,SAMPLE_2025_06_TnT.xlsx,Shipper View
2025,6,Jun,202506,Q2,2025-06-01,0009100013|VEN003,0009100013,Vendor Programs,No,VEN003,Vendor Programs - Print,Aurora,IL,60502,THREE DAY SELECT,3 Day Select,3DS,Deferred,Domestic,Yes,63,0,0,0,63,SAMPLE_2025_06_TnT.xlsx,Shipper View
2025,6,Jun,202506,Q2,2025-06-01,0009100013|VEN003,0009100013,Vendor Programs,No,VEN003,Vendor Programs - Print,Aurora,IL,60502,SECOND DAY AIR,2nd Day Air / Expedited,2DA,Expedited,Domestic,Yes,591,0,10,10,581,SAMPLE_2025_06_TnT.xlsx,Shipper View
2025,6,Jun,202506,Q2,2025-06-01,0009100013|VEN003,0009100013,Vendor Programs,No,VEN003,Vendor Programs - Print,Aurora,IL,60502,SECOND DAY EARLY AM,2nd Day Air Early A.M.,2DA AM,Expedited,Domestic,Yes,23,0,0,0,23,SAMPLE_2025_06_TnT.xlsx,Shipper View
2025,6,Jun,202506,Q2,2025-06-01,0009100013|VEN003,0009100013,Vendor Programs,No,VEN003,Vendor Programs - Print,Aurora,IL,60502,NEXT DAY AIR SAVER,Next Day Air Saver,NDA Saver,Premium,Domestic,Yes,239,0,6,6,233,SAMPLE_2025_06_TnT.xlsx,Shipper View
2025,6,Jun,202506,Q2,2025-06-01,0009100013|VEN003,0009100013,Vendor Programs,No,VEN003,Vendor Programs - Print,Aurora,IL,60502,NEXT DAY AIR,Next Day Air / Express,NDA,Premium,Domestic,Yes,788,0,26,26,762,SAMPLE_2025_06_TnT.xlsx,Shipper View
2025,6,Jun,202506,Q2,2025-06-01,0009100013|VEN003,0009100013,Vendor Programs,No,VEN003,Vendor Programs - Print,Aurora,IL,60502,UPS EXPRESS EARLY,Next Day Air Early,NDA Early,Premium,Domestic,Yes,3,0,0,0,3,SAMPLE_2025_06_TnT.xlsx,Shipper View
2025,6,Jun,202506,Q2,2025-06-01,0009100013|VEN003,0009100013,Vendor Programs,No,VEN003,Vendor Programs - Print,Aurora,IL,60502,INTERNATIONAL EXPRESS,International Express,Intl Express,Premium,International,Yes,3,0,0,0,3,SAMPLE_2025_06_TnT.xlsx,Shipper View
2025,6,Jun,202506,Q2,2025-06-01,0009100013|VEN003,0009100013,Vendor Programs,No,VEN003,Vendor Programs - Print,Aurora,IL,60502,INTERNATIONAL EXPRESS SAVER,International Express Saver,Intl Saver,Premium,International,Yes,1,0,0,0,1,SAMPLE_2025_06_TnT.xlsx,Shipper View
2025,6,Jun,202506,Q2,2025-06-01,0009100013|VEN004,0009100013,Vendor Programs,No,VEN004,Vendor Programs - Fulfilment,Aurora,IL,60502,GROUND,Ground,Ground,Deferred,Domestic,Yes,3696,4,134,138,3558,SAMPLE_2025_06_TnT.xlsx,Shipper View
2025,6,Jun,202506,Q2,2025-06-01,0009100013|VEN004,0009100013,Vendor Programs,No,VEN004,Vendor Programs - Fulfilment,Aurora,IL,60502,THREE DAY SELECT,3 Day Select,3DS,Deferred,Domestic,Yes,58,0,0,0,58,SAMPLE_2025_06_TnT.xlsx,Shipper View
2025,6,Jun,202506,Q2,2025-06-01,0009100013|VEN004,0009100013,Vendor Programs,No,VEN004,Vendor Programs - Fulfilment,Aurora,IL,60502,SECOND DAY AIR,2nd Day Air / Expedited,2DA,Expedited,Domestic,Yes,471,0,9,9,462,SAMPLE_2025_06_TnT.xlsx,Shipper View
2025,6,Jun,202506,Q2,2025-06-01,0009100013|VEN004,0009100013,Vendor Programs,No,VEN004,Vendor Programs - Fulfilment,Aurora,IL,60502,SECOND DAY EARLY AM,2nd Day Air Early A.M.,2DA AM,Expedited,Domestic,Yes,23,0,0,0,23,SAMPLE_2025_06_TnT.xlsx,Shipper View
2025,6,Jun,202506,Q2,2025-06-01,0009100013|VEN004,0009100013,Vendor Programs,No,VEN004,Vendor Programs - Fulfilment,Aurora,IL,60502,NEXT DAY AIR SAVER,Next Day Air Saver,NDA Saver,Premium,Domestic,Yes,182,0,4,4,178,SAMPLE_2025_06_TnT.xlsx,Shipper View
2025,6,Jun,202506,Q2,2025-06-01,0009100013|VEN004,0009100013,Vendor Programs,No,VEN004,Vendor Programs - Fulfilment,Aurora,IL,60502,NEXT DAY AIR,Next Day Air / Express,NDA,Premium,Domestic,Yes,698,2,20,22,676,SAMPLE_2025_06_TnT.xlsx,Shipper View
2025,6,Jun,202506,Q2,2025-06-01,0009100013|VEN004,0009100013,Vendor Programs,No,VEN004,Vendor Programs - Fulfilment,Aurora,IL,60502,UPS EXPRESS EARLY,Next Day Air Early,NDA Early,Premium,Domestic,Yes,2,0,0,0,2,SAMPLE_2025_06_TnT.xlsx,Shipper View
2025,6,Jun,202506,Q2,2025-06-01,0009100013|VEN004,0009100013,Vendor Programs,No,VEN004,Vendor Programs - Fulfilment,Aurora,IL,60502,INTERNATIONAL EXPRESS,International Express,Intl Express,Premium,International,Yes,1,0,0,0,1,SAMPLE_2025_06_TnT.xlsx,Shipper View
2025,6,Jun,202506,Q2,2025-06-01,0009100013|VEN004,0009100013,Vendor Programs,No,VEN004,Vendor Programs - Fulfilment,Aurora,IL,60502,INTERNATIONAL EXPRESS SAVER,International Express Saver,Intl Saver,Premium,International,Yes,1,0,0,0,1,SAMPLE_2025_06_TnT.xlsx,Shipper View
2025,6,Jun,202506,Q2,2025-06-01,0009100014|FLD005,0009100014,Field Administration,No,FLD005,Field Administration - North,Madison,WI,53703,GROUND,Ground,Ground,Deferred,Domestic,Yes,5989,6,227,233,5756,SAMPLE_2025_06_TnT.xlsx,Shipper View
2025,6,Jun,202506,Q2,2025-06-01,0009100014|FLD005,0009100014,Field Administration,No,FLD005,Field Administration - North,Madison,WI,53703,THREE DAY SELECT,3 Day Select,3DS,Deferred,Domestic,Yes,101,0,0,0,101,SAMPLE_2025_06_TnT.xlsx,Shipper View
2025,6,Jun,202506,Q2,2025-06-01,0009100014|FLD005,0009100014,Field Administration,No,FLD005,Field Administration - North,Madison,WI,53703,SECOND DAY AIR,2nd Day Air / Expedited,2DA,Expedited,Domestic,Yes,899,0,14,14,885,SAMPLE_2025_06_TnT.xlsx,Shipper View
2025,6,Jun,202506,Q2,2025-06-01,0009100014|FLD005,0009100014,Field Administration,No,FLD005,Field Administration - North,Madison,WI,53703,SECOND DAY EARLY AM,2nd Day Air Early A.M.,2DA AM,Expedited,Domestic,Yes,35,0,1,1,34,SAMPLE_2025_06_TnT.xlsx,Shipper View
2025,6,Jun,202506,Q2,2025-06-01,0009100014|FLD005,0009100014,Field Administration,No,FLD005,Field Administration - North,Madison,WI,53703,NEXT DAY AIR SAVER,Next Day Air Saver,NDA Saver,Premium,Domestic,Yes,315,0,8,8,307,SAMPLE_2025_06_TnT.xlsx,Shipper View
2025,6,Jun,202506,Q2,2025-06-01,0009100014|FLD005,0009100014,Field Administration,No,FLD005,Field Administration - North,Madison,WI,53703,NEXT DAY AIR,Next Day Air / Express,NDA,Premium,Domestic,Yes,1381,0,43,43,1338,SAMPLE_2025_06_TnT.xlsx,Shipper View
2025,6,Jun,202506,Q2,2025-06-01,0009100014|FLD005,0009100014,Field Administration,No,FLD005,Field Administration - North,Madison,WI,53703,UPS EXPRESS EARLY,Next Day Air Early,NDA Early,Premium,Domestic,Yes,5,0,0,0,5,SAMPLE_2025_06_TnT.xlsx,Shipper View
2025,6,Jun,202506,Q2,2025-06-01,0009100014|FLD005,0009100014,Field Administration,No,FLD005,Field Administration - North,Madison,WI,53703,INTERNATIONAL EXPRESS,International Express,Intl Express,Premium,International,Yes,5,0,0,0,5,SAMPLE_2025_06_TnT.xlsx,Shipper View
2025,6,Jun,202506,Q2,2025-06-01,0009100014|FLD005,0009100014,Field Administration,No,FLD005,Field Administration - North,Madison,WI,53703,INTERNATIONAL EXPRESS SAVER,International Express Saver,Intl Saver,Premium,International,Yes,4,0,0,0,4,SAMPLE_2025_06_TnT.xlsx,Shipper View
2025,6,Jun,202506,Q2,2025-06-01,0009100015|HQX006,0009100015,Corporate HQ,No,HQX006,Corporate HQ - Facilities,Columbus,OH,43004,GROUND,Ground,Ground,Deferred,Domestic,Yes,1995,5,76,81,1914,SAMPLE_2025_06_TnT.xlsx,Shipper View
2025,6,Jun,202506,Q2,2025-06-01,0009100015|HQX006,0009100015,Corporate HQ,No,HQX006,Corporate HQ - Facilities,Columbus,OH,43004,THREE DAY SELECT,3 Day Select,3DS,Deferred,Domestic,Yes,31,0,0,0,31,SAMPLE_2025_06_TnT.xlsx,Shipper View
2025,6,Jun,202506,Q2,2025-06-01,0009100015|HQX006,0009100015,Corporate HQ,No,HQX006,Corporate HQ - Facilities,Columbus,OH,43004,SECOND DAY AIR,2nd Day Air / Expedited,2DA,Expedited,Domestic,Yes,206,0,4,4,202,SAMPLE_2025_06_TnT.xlsx,Shipper View
2025,6,Jun,202506,Q2,2025-06-01,0009100015|HQX006,0009100015,Corporate HQ,No,HQX006,Corporate HQ - Facilities,Columbus,OH,43004,SECOND DAY EARLY AM,2nd Day Air Early A.M.,2DA AM,Expedited,Domestic,Yes,8,0,0,0,8,SAMPLE_2025_06_TnT.xlsx,Shipper View
2025,6,Jun,202506,Q2,2025-06-01,0009100015|HQX006,0009100015,Corporate HQ,No,HQX006,Corporate HQ - Facilities,Columbus,OH,43004,NEXT DAY AIR SAVER,Next Day Air Saver,NDA Saver,Premium,Domestic,Yes,94,0,2,2,92,SAMPLE_2025_06_TnT.xlsx,Shipper View
2025,6,Jun,202506,Q2,2025-06-01,0009100015|HQX006,0009100015,Corporate HQ,No,HQX006,Corporate HQ - Facilities,Columbus,OH,43004,NEXT DAY AIR,Next Day Air / Express,NDA,Premium,Domestic,Yes,432,0,14,14,418,SAMPLE_2025_06_TnT.xlsx,Shipper View
2025,6,Jun,202506,Q2,2025-06-01,0009100015|HQX006,0009100015,Corporate HQ,No,HQX006,Corporate HQ - Facilities,Columbus,OH,43004,INTERNATIONAL EXPRESS,International Express,Intl Express,Premium,International,Yes,1,0,0,0,1,SAMPLE_2025_06_TnT.xlsx,Shipper View
2025,6,Jun,202506,Q2,2025-06-01,0009100016|RTL007,0009100016,Retail Partner Network,No,RTL007,Retail Partner Network - Stores,Phoenix,AZ,85004,GROUND,Ground,Ground,Deferred,Domestic,Yes,10630,23,361,384,10246,SAMPLE_2025_06_TnT.xlsx,Shipper View
2025,6,Jun,202506,Q2,2025-06-01,0009100016|RTL007,0009100016,Retail Partner Network,No,RTL007,Retail Partner Network - Stores,Phoenix,AZ,85004,THREE DAY SELECT,3 Day Select,3DS,Deferred,Domestic,Yes,150,0,1,1,149,SAMPLE_2025_06_TnT.xlsx,Shipper View
2025,6,Jun,202506,Q2,2025-06-01,0009100016|RTL007,0009100016,Retail Partner Network,No,RTL007,Retail Partner Network - Stores,Phoenix,AZ,85004,SECOND DAY AIR,2nd Day Air / Expedited,2DA,Expedited,Domestic,Yes,1399,2,25,27,1372,SAMPLE_2025_06_TnT.xlsx,Shipper View
2025,6,Jun,202506,Q2,2025-06-01,0009100016|RTL007,0009100016,Retail Partner Network,No,RTL007,Retail Partner Network - Stores,Phoenix,AZ,85004,SECOND DAY EARLY AM,2nd Day Air Early A.M.,2DA AM,Expedited,Domestic,Yes,60,0,1,1,59,SAMPLE_2025_06_TnT.xlsx,Shipper View
2025,6,Jun,202506,Q2,2025-06-01,0009100016|RTL007,0009100016,Retail Partner Network,No,RTL007,Retail Partner Network - Stores,Phoenix,AZ,85004,NEXT DAY AIR SAVER,Next Day Air Saver,NDA Saver,Premium,Domestic,Yes,496,0,11,11,485,SAMPLE_2025_06_TnT.xlsx,Shipper View
2025,6,Jun,202506,Q2,2025-06-01,0009100016|RTL007,0009100016,Retail Partner Network,No,RTL007,Retail Partner Network - Stores,Phoenix,AZ,85004,NEXT DAY AIR,Next Day Air / Express,NDA,Premium,Domestic,Yes,1877,3,60,63,1814,SAMPLE_2025_06_TnT.xlsx,Shipper View
2025,6,Jun,202506,Q2,2025-06-01,0009100016|RTL007,0009100016,Retail Partner Network,No,RTL007,Retail Partner Network - Stores,Phoenix,AZ,85004,UPS EXPRESS EARLY,Next Day Air Early,NDA Early,Premium,Domestic,Yes,5,0,0,0,5,SAMPLE_2025_06_TnT.xlsx,Shipper View
2025,6,Jun,202506,Q2,2025-06-01,0009100016|RTL007,0009100016,Retail Partner Network,No,RTL007,Retail Partner Network - Stores,Phoenix,AZ,85004,INTERNATIONAL EXPRESS,International Express,Intl Express,Premium,International,Yes,6,0,0,0,6,SAMPLE_2025_06_TnT.xlsx,Shipper View
2025,6,Jun,202506,Q2,2025-06-01,0009100016|RTL007,0009100016,Retail Partner Network,No,RTL007,Retail Partner Network - Stores,Phoenix,AZ,85004,INTERNATIONAL EXPRESS SAVER,International Express Saver,Intl Saver,Premium,International,Yes,5,0,0,0,5,SAMPLE_2025_06_TnT.xlsx,Shipper View
2025,6,Jun,202506,Q2,2025-06-01,0009100016|RTL007,0009100016,Retail Partner Network,No,RTL007,Retail Partner Network - Stores,Phoenix,AZ,85004,INTERNATIONAL EXPEDITED,International Expedited,Intl Expedited,Expedited,International,Yes,2,0,0,0,2,SAMPLE_2025_06_TnT.xlsx,Shipper View
2025,6,Jun,202506,Q2,2025-06-01,0009100017|CSH008,0009100017,Cash Operations,No,CSH008,Cash Operations - Processing,Newark,NJ,07102,GROUND,Ground,Ground,Deferred,Domestic,Yes,3284,8,118,126,3158,SAMPLE_2025_06_TnT.xlsx,Shipper View
2025,6,Jun,202506,Q2,2025-06-01,0009100017|CSH008,0009100017,Cash Operations,No,CSH008,Cash Operations - Processing,Newark,NJ,07102,THREE DAY SELECT,3 Day Select,3DS,Deferred,Domestic,Yes,40,0,0,0,40,SAMPLE_2025_06_TnT.xlsx,Shipper View
2025,6,Jun,202506,Q2,2025-06-01,0009100017|CSH008,0009100017,Cash Operations,No,CSH008,Cash Operations - Processing,Newark,NJ,07102,SECOND DAY AIR,2nd Day Air / Expedited,2DA,Expedited,Domestic,Yes,499,0,10,10,489,SAMPLE_2025_06_TnT.xlsx,Shipper View
2025,6,Jun,202506,Q2,2025-06-01,0009100017|CSH008,0009100017,Cash Operations,No,CSH008,Cash Operations - Processing,Newark,NJ,07102,SECOND DAY EARLY AM,2nd Day Air Early A.M.,2DA AM,Expedited,Domestic,Yes,16,0,0,0,16,SAMPLE_2025_06_TnT.xlsx,Shipper View
2025,6,Jun,202506,Q2,2025-06-01,0009100017|CSH008,0009100017,Cash Operations,No,CSH008,Cash Operations - Processing,Newark,NJ,07102,NEXT DAY AIR SAVER,Next Day Air Saver,NDA Saver,Premium,Domestic,Yes,164,0,4,4,160,SAMPLE_2025_06_TnT.xlsx,Shipper View
2025,6,Jun,202506,Q2,2025-06-01,0009100017|CSH008,0009100017,Cash Operations,No,CSH008,Cash Operations - Processing,Newark,NJ,07102,NEXT DAY AIR,Next Day Air / Express,NDA,Premium,Domestic,Yes,709,0,21,21,688,SAMPLE_2025_06_TnT.xlsx,Shipper View
2025,6,Jun,202506,Q2,2025-06-01,0009100017|CSH008,0009100017,Cash Operations,No,CSH008,Cash Operations - Processing,Newark,NJ,07102,UPS EXPRESS EARLY,Next Day Air Early,NDA Early,Premium,Domestic,Yes,1,0,0,0,1,SAMPLE_2025_06_TnT.xlsx,Shipper View
2025,6,Jun,202506,Q2,2025-06-01,0009100017|CSH008,0009100017,Cash Operations,No,CSH008,Cash Operations - Processing,Newark,NJ,07102,INTERNATIONAL EXPRESS,International Express,Intl Express,Premium,International,Yes,2,0,0,0,2,SAMPLE_2025_06_TnT.xlsx,Shipper View
2025,6,Jun,202506,Q2,2025-06-01,0009100017|CSH008,0009100017,Cash Operations,No,CSH008,Cash Operations - Processing,Newark,NJ,07102,INTERNATIONAL EXPRESS SAVER,International Express Saver,Intl Saver,Premium,International,Yes,1,0,0,0,1,SAMPLE_2025_06_TnT.xlsx,Shipper View
2025,6,Jun,202506,Q2,2025-06-01,@@|TCO009,@@,Unassigned Sub-Parent,Yes,TCO009,Transfer Co Operations,Whippany,NJ,07981,GROUND,Ground,Ground,Deferred,Domestic,Yes,506,2,19,21,485,SAMPLE_2025_06_TnT.xlsx,Shipper View
2025,6,Jun,202506,Q2,2025-06-01,@@|TCO009,@@,Unassigned Sub-Parent,Yes,TCO009,Transfer Co Operations,Whippany,NJ,07981,THREE DAY SELECT,3 Day Select,3DS,Deferred,Domestic,Yes,6,0,0,0,6,SAMPLE_2025_06_TnT.xlsx,Shipper View
2025,6,Jun,202506,Q2,2025-06-01,@@|TCO009,@@,Unassigned Sub-Parent,Yes,TCO009,Transfer Co Operations,Whippany,NJ,07981,SECOND DAY AIR,2nd Day Air / Expedited,2DA,Expedited,Domestic,Yes,50,0,1,1,49,SAMPLE_2025_06_TnT.xlsx,Shipper View
2025,6,Jun,202506,Q2,2025-06-01,@@|TCO009,@@,Unassigned Sub-Parent,Yes,TCO009,Transfer Co Operations,Whippany,NJ,07981,SECOND DAY EARLY AM,2nd Day Air Early A.M.,2DA AM,Expedited,Domestic,Yes,1,0,0,0,1,SAMPLE_2025_06_TnT.xlsx,Shipper View
2025,6,Jun,202506,Q2,2025-06-01,@@|TCO009,@@,Unassigned Sub-Parent,Yes,TCO009,Transfer Co Operations,Whippany,NJ,07981,NEXT DAY AIR SAVER,Next Day Air Saver,NDA Saver,Premium,Domestic,Yes,21,0,0,0,21,SAMPLE_2025_06_TnT.xlsx,Shipper View
2025,6,Jun,202506,Q2,2025-06-01,@@|TCO009,@@,Unassigned Sub-Parent,Yes,TCO009,Transfer Co Operations,Whippany,NJ,07981,NEXT DAY AIR,Next Day Air / Express,NDA,Premium,Domestic,Yes,96,0,3,3,93,SAMPLE_2025_06_TnT.xlsx,Shipper View
2025,7,Jul,202507,Q3,2025-07-01,0009100011|TCH001,0009100011,Technology Operations,No,TCH001,Technology Operations - Central,Columbus,OH,43004,GROUND,Ground,Ground,Deferred,Domestic,Yes,18139,25,656,681,17458,SAMPLE_2025_07_TnT.xlsx,Shipper View
2025,7,Jul,202507,Q3,2025-07-01,0009100011|TCH001,0009100011,Technology Operations,No,TCH001,Technology Operations - Central,Columbus,OH,43004,THREE DAY SELECT,3 Day Select,3DS,Deferred,Domestic,Yes,265,0,2,2,263,SAMPLE_2025_07_TnT.xlsx,Shipper View
2025,7,Jul,202507,Q3,2025-07-01,0009100011|TCH001,0009100011,Technology Operations,No,TCH001,Technology Operations - Central,Columbus,OH,43004,SECOND DAY AIR,2nd Day Air / Expedited,2DA,Expedited,Domestic,Yes,1904,0,36,36,1868,SAMPLE_2025_07_TnT.xlsx,Shipper View
2025,7,Jul,202507,Q3,2025-07-01,0009100011|TCH001,0009100011,Technology Operations,No,TCH001,Technology Operations - Central,Columbus,OH,43004,SECOND DAY EARLY AM,2nd Day Air Early A.M.,2DA AM,Expedited,Domestic,Yes,107,0,2,2,105,SAMPLE_2025_07_TnT.xlsx,Shipper View
2025,7,Jul,202507,Q3,2025-07-01,0009100011|TCH001,0009100011,Technology Operations,No,TCH001,Technology Operations - Central,Columbus,OH,43004,NEXT DAY AIR SAVER,Next Day Air Saver,NDA Saver,Premium,Domestic,Yes,855,0,21,21,834,SAMPLE_2025_07_TnT.xlsx,Shipper View
2025,7,Jul,202507,Q3,2025-07-01,0009100011|TCH001,0009100011,Technology Operations,No,TCH001,Technology Operations - Central,Columbus,OH,43004,NEXT DAY AIR,Next Day Air / Express,NDA,Premium,Domestic,Yes,3173,2,95,97,3076,SAMPLE_2025_07_TnT.xlsx,Shipper View
2025,7,Jul,202507,Q3,2025-07-01,0009100011|TCH001,0009100011,Technology Operations,No,TCH001,Technology Operations - Central,Columbus,OH,43004,UPS EXPRESS EARLY,Next Day Air Early,NDA Early,Premium,Domestic,Yes,12,0,0,0,12,SAMPLE_2025_07_TnT.xlsx,Shipper View
2025,7,Jul,202507,Q3,2025-07-01,0009100011|TCH001,0009100011,Technology Operations,No,TCH001,Technology Operations - Central,Columbus,OH,43004,INTERNATIONAL EXPRESS,International Express,Intl Express,Premium,International,Yes,13,0,1,1,12,SAMPLE_2025_07_TnT.xlsx,Shipper View
2025,7,Jul,202507,Q3,2025-07-01,0009100011|TCH001,0009100011,Technology Operations,No,TCH001,Technology Operations - Central,Columbus,OH,43004,INTERNATIONAL EXPRESS SAVER,International Express Saver,Intl Saver,Premium,International,Yes,9,0,0,0,9,SAMPLE_2025_07_TnT.xlsx,Shipper View
2025,7,Jul,202507,Q3,2025-07-01,0009100011|TCH001,0009100011,Technology Operations,No,TCH001,Technology Operations - Central,Columbus,OH,43004,INTERNATIONAL EXPEDITED,International Expedited,Intl Expedited,Expedited,International,Yes,3,0,0,0,3,SAMPLE_2025_07_TnT.xlsx,Shipper View
2025,7,Jul,202507,Q3,2025-07-01,0009100012|MAI002,0009100012,Mail Services,No,MAI002,Mail Services - Regional,Kansas City,MO,64108,GROUND,Ground,Ground,Deferred,Domestic,Yes,2378,2,97,99,2279,SAMPLE_2025_07_TnT.xlsx,Shipper View
2025,7,Jul,202507,Q3,2025-07-01,0009100012|MAI002,0009100012,Mail Services,No,MAI002,Mail Services - Regional,Kansas City,MO,64108,THREE DAY SELECT,3 Day Select,3DS,Deferred,Domestic,Yes,42,0,0,0,42,SAMPLE_2025_07_TnT.xlsx,Shipper View
2025,7,Jul,202507,Q3,2025-07-01,0009100012|MAI002,0009100012,Mail Services,No,MAI002,Mail Services - Regional,Kansas City,MO,64108,SECOND DAY AIR,2nd Day Air / Expedited,2DA,Expedited,Domestic,Yes,332,0,6,6,326,SAMPLE_2025_07_TnT.xlsx,Shipper View
2025,7,Jul,202507,Q3,2025-07-01,0009100012|MAI002,0009100012,Mail Services,No,MAI002,Mail Services - Regional,Kansas City,MO,64108,SECOND DAY EARLY AM,2nd Day Air Early A.M.,2DA AM,Expedited,Domestic,Yes,13,0,0,0,13,SAMPLE_2025_07_TnT.xlsx,Shipper View
2025,7,Jul,202507,Q3,2025-07-01,0009100012|MAI002,0009100012,Mail Services,No,MAI002,Mail Services - Regional,Kansas City,MO,64108,NEXT DAY AIR SAVER,Next Day Air Saver,NDA Saver,Premium,Domestic,Yes,150,0,4,4,146,SAMPLE_2025_07_TnT.xlsx,Shipper View
2025,7,Jul,202507,Q3,2025-07-01,0009100012|MAI002,0009100012,Mail Services,No,MAI002,Mail Services - Regional,Kansas City,MO,64108,NEXT DAY AIR,Next Day Air / Express,NDA,Premium,Domestic,Yes,521,0,15,15,506,SAMPLE_2025_07_TnT.xlsx,Shipper View
2025,7,Jul,202507,Q3,2025-07-01,0009100012|MAI002,0009100012,Mail Services,No,MAI002,Mail Services - Regional,Kansas City,MO,64108,UPS EXPRESS EARLY,Next Day Air Early,NDA Early,Premium,Domestic,Yes,2,0,0,0,2,SAMPLE_2025_07_TnT.xlsx,Shipper View
2025,7,Jul,202507,Q3,2025-07-01,0009100012|MAI002,0009100012,Mail Services,No,MAI002,Mail Services - Regional,Kansas City,MO,64108,INTERNATIONAL EXPRESS,International Express,Intl Express,Premium,International,Yes,1,0,0,0,1,SAMPLE_2025_07_TnT.xlsx,Shipper View
2025,7,Jul,202507,Q3,2025-07-01,0009100012|MAI002,0009100012,Mail Services,No,MAI002,Mail Services - Regional,Kansas City,MO,64108,INTERNATIONAL EXPRESS SAVER,International Express Saver,Intl Saver,Premium,International,Yes,1,0,0,0,1,SAMPLE_2025_07_TnT.xlsx,Shipper View
2025,7,Jul,202507,Q3,2025-07-01,0009100013|VEN003,0009100013,Vendor Programs,No,VEN003,Vendor Programs - Print,Aurora,IL,60502,GROUND,Ground,Ground,Deferred,Domestic,Yes,4057,14,143,157,3900,SAMPLE_2025_07_TnT.xlsx,Shipper View
2025,7,Jul,202507,Q3,2025-07-01,0009100013|VEN003,0009100013,Vendor Programs,No,VEN003,Vendor Programs - Print,Aurora,IL,60502,THREE DAY SELECT,3 Day Select,3DS,Deferred,Domestic,Yes,65,0,0,0,65,SAMPLE_2025_07_TnT.xlsx,Shipper View
2025,7,Jul,202507,Q3,2025-07-01,0009100013|VEN003,0009100013,Vendor Programs,No,VEN003,Vendor Programs - Print,Aurora,IL,60502,SECOND DAY AIR,2nd Day Air / Expedited,2DA,Expedited,Domestic,Yes,615,0,12,12,603,SAMPLE_2025_07_TnT.xlsx,Shipper View
2025,7,Jul,202507,Q3,2025-07-01,0009100013|VEN003,0009100013,Vendor Programs,No,VEN003,Vendor Programs - Print,Aurora,IL,60502,SECOND DAY EARLY AM,2nd Day Air Early A.M.,2DA AM,Expedited,Domestic,Yes,21,0,1,1,20,SAMPLE_2025_07_TnT.xlsx,Shipper View
2025,7,Jul,202507,Q3,2025-07-01,0009100013|VEN003,0009100013,Vendor Programs,No,VEN003,Vendor Programs - Print,Aurora,IL,60502,NEXT DAY AIR SAVER,Next Day Air Saver,NDA Saver,Premium,Domestic,Yes,193,0,5,5,188,SAMPLE_2025_07_TnT.xlsx,Shipper View
2025,7,Jul,202507,Q3,2025-07-01,0009100013|VEN003,0009100013,Vendor Programs,No,VEN003,Vendor Programs - Print,Aurora,IL,60502,NEXT DAY AIR,Next Day Air / Express,NDA,Premium,Domestic,Yes,804,1,23,24,780,SAMPLE_2025_07_TnT.xlsx,Shipper View
2025,7,Jul,202507,Q3,2025-07-01,0009100013|VEN003,0009100013,Vendor Programs,No,VEN003,Vendor Programs - Print,Aurora,IL,60502,UPS EXPRESS EARLY,Next Day Air Early,NDA Early,Premium,Domestic,Yes,2,0,0,0,2,SAMPLE_2025_07_TnT.xlsx,Shipper View
2025,7,Jul,202507,Q3,2025-07-01,0009100013|VEN003,0009100013,Vendor Programs,No,VEN003,Vendor Programs - Print,Aurora,IL,60502,INTERNATIONAL EXPRESS,International Express,Intl Express,Premium,International,Yes,4,0,0,0,4,SAMPLE_2025_07_TnT.xlsx,Shipper View
2025,7,Jul,202507,Q3,2025-07-01,0009100013|VEN003,0009100013,Vendor Programs,No,VEN003,Vendor Programs - Print,Aurora,IL,60502,INTERNATIONAL EXPRESS SAVER,International Express Saver,Intl Saver,Premium,International,Yes,2,0,0,0,2,SAMPLE_2025_07_TnT.xlsx,Shipper View
2025,7,Jul,202507,Q3,2025-07-01,0009100013|VEN004,0009100013,Vendor Programs,No,VEN004,Vendor Programs - Fulfilment,Aurora,IL,60502,GROUND,Ground,Ground,Deferred,Domestic,Yes,3167,9,112,121,3046,SAMPLE_2025_07_TnT.xlsx,Shipper View
2025,7,Jul,202507,Q3,2025-07-01,0009100013|VEN004,0009100013,Vendor Programs,No,VEN004,Vendor Programs - Fulfilment,Aurora,IL,60502,THREE DAY SELECT,3 Day Select,3DS,Deferred,Domestic,Yes,42,0,0,0,42,SAMPLE_2025_07_TnT.xlsx,Shipper View
2025,7,Jul,202507,Q3,2025-07-01,0009100013|VEN004,0009100013,Vendor Programs,No,VEN004,Vendor Programs - Fulfilment,Aurora,IL,60502,SECOND DAY AIR,2nd Day Air / Expedited,2DA,Expedited,Domestic,Yes,463,0,8,8,455,SAMPLE_2025_07_TnT.xlsx,Shipper View
2025,7,Jul,202507,Q3,2025-07-01,0009100013|VEN004,0009100013,Vendor Programs,No,VEN004,Vendor Programs - Fulfilment,Aurora,IL,60502,SECOND DAY EARLY AM,2nd Day Air Early A.M.,2DA AM,Expedited,Domestic,Yes,20,0,0,0,20,SAMPLE_2025_07_TnT.xlsx,Shipper View
2025,7,Jul,202507,Q3,2025-07-01,0009100013|VEN004,0009100013,Vendor Programs,No,VEN004,Vendor Programs - Fulfilment,Aurora,IL,60502,NEXT DAY AIR SAVER,Next Day Air Saver,NDA Saver,Premium,Domestic,Yes,137,0,3,3,134,SAMPLE_2025_07_TnT.xlsx,Shipper View
2025,7,Jul,202507,Q3,2025-07-01,0009100013|VEN004,0009100013,Vendor Programs,No,VEN004,Vendor Programs - Fulfilment,Aurora,IL,60502,NEXT DAY AIR,Next Day Air / Express,NDA,Premium,Domestic,Yes,585,1,15,16,569,SAMPLE_2025_07_TnT.xlsx,Shipper View
2025,7,Jul,202507,Q3,2025-07-01,0009100013|VEN004,0009100013,Vendor Programs,No,VEN004,Vendor Programs - Fulfilment,Aurora,IL,60502,UPS EXPRESS EARLY,Next Day Air Early,NDA Early,Premium,Domestic,Yes,1,0,0,0,1,SAMPLE_2025_07_TnT.xlsx,Shipper View
2025,7,Jul,202507,Q3,2025-07-01,0009100013|VEN004,0009100013,Vendor Programs,No,VEN004,Vendor Programs - Fulfilment,Aurora,IL,60502,INTERNATIONAL EXPRESS,International Express,Intl Express,Premium,International,Yes,2,0,0,0,2,SAMPLE_2025_07_TnT.xlsx,Shipper View
2025,7,Jul,202507,Q3,2025-07-01,0009100013|VEN004,0009100013,Vendor Programs,No,VEN004,Vendor Programs - Fulfilment,Aurora,IL,60502,INTERNATIONAL EXPRESS SAVER,International Express Saver,Intl Saver,Premium,International,Yes,1,0,0,0,1,SAMPLE_2025_07_TnT.xlsx,Shipper View
2025,7,Jul,202507,Q3,2025-07-01,0009100014|FLD005,0009100014,Field Administration,No,FLD005,Field Administration - North,Madison,WI,53703,GROUND,Ground,Ground,Deferred,Domestic,Yes,6620,14,262,276,6344,SAMPLE_2025_07_TnT.xlsx,Shipper View
2025,7,Jul,202507,Q3,2025-07-01,0009100014|FLD005,0009100014,Field Administration,No,FLD005,Field Administration - North,Madison,WI,53703,THREE DAY SELECT,3 Day Select,3DS,Deferred,Domestic,Yes,74,0,0,0,74,SAMPLE_2025_07_TnT.xlsx,Shipper View
2025,7,Jul,202507,Q3,2025-07-01,0009100014|FLD005,0009100014,Field Administration,No,FLD005,Field Administration - North,Madison,WI,53703,SECOND DAY AIR,2nd Day Air / Expedited,2DA,Expedited,Domestic,Yes,772,0,12,12,760,SAMPLE_2025_07_TnT.xlsx,Shipper View
2025,7,Jul,202507,Q3,2025-07-01,0009100014|FLD005,0009100014,Field Administration,No,FLD005,Field Administration - North,Madison,WI,53703,SECOND DAY EARLY AM,2nd Day Air Early A.M.,2DA AM,Expedited,Domestic,Yes,31,0,1,1,30,SAMPLE_2025_07_TnT.xlsx,Shipper View
2025,7,Jul,202507,Q3,2025-07-01,0009100014|FLD005,0009100014,Field Administration,No,FLD005,Field Administration - North,Madison,WI,53703,NEXT DAY AIR SAVER,Next Day Air Saver,NDA Saver,Premium,Domestic,Yes,262,0,6,6,256,SAMPLE_2025_07_TnT.xlsx,Shipper View
2025,7,Jul,202507,Q3,2025-07-01,0009100014|FLD005,0009100014,Field Administration,No,FLD005,Field Administration - North,Madison,WI,53703,NEXT DAY AIR,Next Day Air / Express,NDA,Premium,Domestic,Yes,1090,0,35,35,1055,SAMPLE_2025_07_TnT.xlsx,Shipper View
2025,7,Jul,202507,Q3,2025-07-01,0009100014|FLD005,0009100014,Field Administration,No,FLD005,Field Administration - North,Madison,WI,53703,UPS EXPRESS EARLY,Next Day Air Early,NDA Early,Premium,Domestic,Yes,4,0,0,0,4,SAMPLE_2025_07_TnT.xlsx,Shipper View
2025,7,Jul,202507,Q3,2025-07-01,0009100014|FLD005,0009100014,Field Administration,No,FLD005,Field Administration - North,Madison,WI,53703,INTERNATIONAL EXPRESS,International Express,Intl Express,Premium,International,Yes,5,0,0,0,5,SAMPLE_2025_07_TnT.xlsx,Shipper View
2025,7,Jul,202507,Q3,2025-07-01,0009100014|FLD005,0009100014,Field Administration,No,FLD005,Field Administration - North,Madison,WI,53703,INTERNATIONAL EXPRESS SAVER,International Express Saver,Intl Saver,Premium,International,Yes,4,0,0,0,4,SAMPLE_2025_07_TnT.xlsx,Shipper View
2025,7,Jul,202507,Q3,2025-07-01,0009100014|FLD005,0009100014,Field Administration,No,FLD005,Field Administration - North,Madison,WI,53703,INTERNATIONAL EXPEDITED,International Expedited,Intl Expedited,Expedited,International,Yes,1,0,0,0,1,SAMPLE_2025_07_TnT.xlsx,Shipper View
2025,7,Jul,202507,Q3,2025-07-01,0009100015|HQX006,0009100015,Corporate HQ,No,HQX006,Corporate HQ - Facilities,Columbus,OH,43004,GROUND,Ground,Ground,Deferred,Domestic,Yes,1593,7,59,66,1527,SAMPLE_2025_07_TnT.xlsx,Shipper View
2025,7,Jul,202507,Q3,2025-07-01,0009100015|HQX006,0009100015,Corporate HQ,No,HQX006,Corporate HQ - Facilities,Columbus,OH,43004,THREE DAY SELECT,3 Day Select,3DS,Deferred,Domestic,Yes,20,0,0,0,20,SAMPLE_2025_07_TnT.xlsx,Shipper View
2025,7,Jul,202507,Q3,2025-07-01,0009100015|HQX006,0009100015,Corporate HQ,No,HQX006,Corporate HQ - Facilities,Columbus,OH,43004,SECOND DAY AIR,2nd Day Air / Expedited,2DA,Expedited,Domestic,Yes,230,0,5,5,225,SAMPLE_2025_07_TnT.xlsx,Shipper View
2025,7,Jul,202507,Q3,2025-07-01,0009100015|HQX006,0009100015,Corporate HQ,No,HQX006,Corporate HQ - Facilities,Columbus,OH,43004,SECOND DAY EARLY AM,2nd Day Air Early A.M.,2DA AM,Expedited,Domestic,Yes,10,0,0,0,10,SAMPLE_2025_07_TnT.xlsx,Shipper View
2025,7,Jul,202507,Q3,2025-07-01,0009100015|HQX006,0009100015,Corporate HQ,No,HQX006,Corporate HQ - Facilities,Columbus,OH,43004,NEXT DAY AIR SAVER,Next Day Air Saver,NDA Saver,Premium,Domestic,Yes,108,0,2,2,106,SAMPLE_2025_07_TnT.xlsx,Shipper View
2025,7,Jul,202507,Q3,2025-07-01,0009100015|HQX006,0009100015,Corporate HQ,No,HQX006,Corporate HQ - Facilities,Columbus,OH,43004,NEXT DAY AIR,Next Day Air / Express,NDA,Premium,Domestic,Yes,385,0,11,11,374,SAMPLE_2025_07_TnT.xlsx,Shipper View
2025,7,Jul,202507,Q3,2025-07-01,0009100015|HQX006,0009100015,Corporate HQ,No,HQX006,Corporate HQ - Facilities,Columbus,OH,43004,UPS EXPRESS EARLY,Next Day Air Early,NDA Early,Premium,Domestic,Yes,1,0,0,0,1,SAMPLE_2025_07_TnT.xlsx,Shipper View
2025,7,Jul,202507,Q3,2025-07-01,0009100016|RTL007,0009100016,Retail Partner Network,No,RTL007,Retail Partner Network - Stores,Phoenix,AZ,85004,GROUND,Ground,Ground,Deferred,Domestic,Yes,10844,16,372,388,10456,SAMPLE_2025_07_TnT.xlsx,Shipper View
2025,7,Jul,202507,Q3,2025-07-01,0009100016|RTL007,0009100016,Retail Partner Network,No,RTL007,Retail Partner Network - Stores,Phoenix,AZ,85004,THREE DAY SELECT,3 Day Select,3DS,Deferred,Domestic,Yes,106,0,1,1,105,SAMPLE_2025_07_TnT.xlsx,Shipper View
2025,7,Jul,202507,Q3,2025-07-01,0009100016|RTL007,0009100016,Retail Partner Network,No,RTL007,Retail Partner Network - Stores,Phoenix,AZ,85004,SECOND DAY AIR,2nd Day Air / Expedited,2DA,Expedited,Domestic,Yes,1287,1,23,24,1263,SAMPLE_2025_07_TnT.xlsx,Shipper View
2025,7,Jul,202507,Q3,2025-07-01,0009100016|RTL007,0009100016,Retail Partner Network,No,RTL007,Retail Partner Network - Stores,Phoenix,AZ,85004,SECOND DAY EARLY AM,2nd Day Air Early A.M.,2DA AM,Expedited,Domestic,Yes,46,0,1,1,45,SAMPLE_2025_07_TnT.xlsx,Shipper View
2025,7,Jul,202507,Q3,2025-07-01,0009100016|RTL007,0009100016,Retail Partner Network,No,RTL007,Retail Partner Network - Stores,Phoenix,AZ,85004,NEXT DAY AIR SAVER,Next Day Air Saver,NDA Saver,Premium,Domestic,Yes,431,0,11,11,420,SAMPLE_2025_07_TnT.xlsx,Shipper View
2025,7,Jul,202507,Q3,2025-07-01,0009100016|RTL007,0009100016,Retail Partner Network,No,RTL007,Retail Partner Network - Stores,Phoenix,AZ,85004,NEXT DAY AIR,Next Day Air / Express,NDA,Premium,Domestic,Yes,1869,4,58,62,1807,SAMPLE_2025_07_TnT.xlsx,Shipper View
2025,7,Jul,202507,Q3,2025-07-01,0009100016|RTL007,0009100016,Retail Partner Network,No,RTL007,Retail Partner Network - Stores,Phoenix,AZ,85004,UPS EXPRESS EARLY,Next Day Air Early,NDA Early,Premium,Domestic,Yes,5,0,0,0,5,SAMPLE_2025_07_TnT.xlsx,Shipper View
2025,7,Jul,202507,Q3,2025-07-01,0009100016|RTL007,0009100016,Retail Partner Network,No,RTL007,Retail Partner Network - Stores,Phoenix,AZ,85004,INTERNATIONAL EXPRESS,International Express,Intl Express,Premium,International,Yes,10,0,0,0,10,SAMPLE_2025_07_TnT.xlsx,Shipper View
2025,7,Jul,202507,Q3,2025-07-01,0009100016|RTL007,0009100016,Retail Partner Network,No,RTL007,Retail Partner Network - Stores,Phoenix,AZ,85004,INTERNATIONAL EXPRESS SAVER,International Express Saver,Intl Saver,Premium,International,Yes,6,0,0,0,6,SAMPLE_2025_07_TnT.xlsx,Shipper View
2025,7,Jul,202507,Q3,2025-07-01,0009100016|RTL007,0009100016,Retail Partner Network,No,RTL007,Retail Partner Network - Stores,Phoenix,AZ,85004,INTERNATIONAL EXPEDITED,International Expedited,Intl Expedited,Expedited,International,Yes,1,0,0,0,1,SAMPLE_2025_07_TnT.xlsx,Shipper View
2025,7,Jul,202507,Q3,2025-07-01,0009100017|CSH008,0009100017,Cash Operations,No,CSH008,Cash Operations - Processing,Newark,NJ,07102,GROUND,Ground,Ground,Deferred,Domestic,Yes,2993,9,112,121,2872,SAMPLE_2025_07_TnT.xlsx,Shipper View
2025,7,Jul,202507,Q3,2025-07-01,0009100017|CSH008,0009100017,Cash Operations,No,CSH008,Cash Operations - Processing,Newark,NJ,07102,THREE DAY SELECT,3 Day Select,3DS,Deferred,Domestic,Yes,51,0,0,0,51,SAMPLE_2025_07_TnT.xlsx,Shipper View
2025,7,Jul,202507,Q3,2025-07-01,0009100017|CSH008,0009100017,Cash Operations,No,CSH008,Cash Operations - Processing,Newark,NJ,07102,SECOND DAY AIR,2nd Day Air / Expedited,2DA,Expedited,Domestic,Yes,468,0,10,10,458,SAMPLE_2025_07_TnT.xlsx,Shipper View
2025,7,Jul,202507,Q3,2025-07-01,0009100017|CSH008,0009100017,Cash Operations,No,CSH008,Cash Operations - Processing,Newark,NJ,07102,SECOND DAY EARLY AM,2nd Day Air Early A.M.,2DA AM,Expedited,Domestic,Yes,21,0,0,0,21,SAMPLE_2025_07_TnT.xlsx,Shipper View
2025,7,Jul,202507,Q3,2025-07-01,0009100017|CSH008,0009100017,Cash Operations,No,CSH008,Cash Operations - Processing,Newark,NJ,07102,NEXT DAY AIR SAVER,Next Day Air Saver,NDA Saver,Premium,Domestic,Yes,159,0,4,4,155,SAMPLE_2025_07_TnT.xlsx,Shipper View
2025,7,Jul,202507,Q3,2025-07-01,0009100017|CSH008,0009100017,Cash Operations,No,CSH008,Cash Operations - Processing,Newark,NJ,07102,NEXT DAY AIR,Next Day Air / Express,NDA,Premium,Domestic,Yes,600,2,17,19,581,SAMPLE_2025_07_TnT.xlsx,Shipper View
2025,7,Jul,202507,Q3,2025-07-01,0009100017|CSH008,0009100017,Cash Operations,No,CSH008,Cash Operations - Processing,Newark,NJ,07102,UPS EXPRESS EARLY,Next Day Air Early,NDA Early,Premium,Domestic,Yes,1,0,0,0,1,SAMPLE_2025_07_TnT.xlsx,Shipper View
2025,7,Jul,202507,Q3,2025-07-01,0009100017|CSH008,0009100017,Cash Operations,No,CSH008,Cash Operations - Processing,Newark,NJ,07102,INTERNATIONAL EXPRESS,International Express,Intl Express,Premium,International,Yes,2,0,0,0,2,SAMPLE_2025_07_TnT.xlsx,Shipper View
2025,7,Jul,202507,Q3,2025-07-01,0009100017|CSH008,0009100017,Cash Operations,No,CSH008,Cash Operations - Processing,Newark,NJ,07102,INTERNATIONAL EXPRESS SAVER,International Express Saver,Intl Saver,Premium,International,Yes,1,0,0,0,1,SAMPLE_2025_07_TnT.xlsx,Shipper View
2025,7,Jul,202507,Q3,2025-07-01,@@|TCO009,@@,Unassigned Sub-Parent,Yes,TCO009,Transfer Co Operations,Whippany,NJ,07981,GROUND,Ground,Ground,Deferred,Domestic,Yes,529,0,23,23,506,SAMPLE_2025_07_TnT.xlsx,Shipper View
2025,7,Jul,202507,Q3,2025-07-01,@@|TCO009,@@,Unassigned Sub-Parent,Yes,TCO009,Transfer Co Operations,Whippany,NJ,07981,THREE DAY SELECT,3 Day Select,3DS,Deferred,Domestic,Yes,5,0,0,0,5,SAMPLE_2025_07_TnT.xlsx,Shipper View
2025,7,Jul,202507,Q3,2025-07-01,@@|TCO009,@@,Unassigned Sub-Parent,Yes,TCO009,Transfer Co Operations,Whippany,NJ,07981,SECOND DAY AIR,2nd Day Air / Expedited,2DA,Expedited,Domestic,Yes,49,0,1,1,48,SAMPLE_2025_07_TnT.xlsx,Shipper View
2025,7,Jul,202507,Q3,2025-07-01,@@|TCO009,@@,Unassigned Sub-Parent,Yes,TCO009,Transfer Co Operations,Whippany,NJ,07981,SECOND DAY EARLY AM,2nd Day Air Early A.M.,2DA AM,Expedited,Domestic,Yes,2,0,0,0,2,SAMPLE_2025_07_TnT.xlsx,Shipper View
2025,7,Jul,202507,Q3,2025-07-01,@@|TCO009,@@,Unassigned Sub-Parent,Yes,TCO009,Transfer Co Operations,Whippany,NJ,07981,NEXT DAY AIR SAVER,Next Day Air Saver,NDA Saver,Premium,Domestic,Yes,23,0,1,1,22,SAMPLE_2025_07_TnT.xlsx,Shipper View
2025,7,Jul,202507,Q3,2025-07-01,@@|TCO009,@@,Unassigned Sub-Parent,Yes,TCO009,Transfer Co Operations,Whippany,NJ,07981,NEXT DAY AIR,Next Day Air / Express,NDA,Premium,Domestic,Yes,91,0,3,3,88,SAMPLE_2025_07_TnT.xlsx,Shipper View
2025,8,Aug,202508,Q3,2025-08-01,0009100011|TCH001,0009100011,Technology Operations,No,TCH001,Technology Operations - Central,Columbus,OH,43004,GROUND,Ground,Ground,Deferred,Domestic,Yes,14510,44,540,584,13926,SAMPLE_2025_08_TnT.xlsx,Shipper View
2025,8,Aug,202508,Q3,2025-08-01,0009100011|TCH001,0009100011,Technology Operations,No,TCH001,Technology Operations - Central,Columbus,OH,43004,THREE DAY SELECT,3 Day Select,3DS,Deferred,Domestic,Yes,203,0,1,1,202,SAMPLE_2025_08_TnT.xlsx,Shipper View
2025,8,Aug,202508,Q3,2025-08-01,0009100011|TCH001,0009100011,Technology Operations,No,TCH001,Technology Operations - Central,Columbus,OH,43004,SECOND DAY AIR,2nd Day Air / Expedited,2DA,Expedited,Domestic,Yes,2419,1,36,37,2382,SAMPLE_2025_08_TnT.xlsx,Shipper View
2025,8,Aug,202508,Q3,2025-08-01,0009100011|TCH001,0009100011,Technology Operations,No,TCH001,Technology Operations - Central,Columbus,OH,43004,SECOND DAY EARLY AM,2nd Day Air Early A.M.,2DA AM,Expedited,Domestic,Yes,116,0,2,2,114,SAMPLE_2025_08_TnT.xlsx,Shipper View
2025,8,Aug,202508,Q3,2025-08-01,0009100011|TCH001,0009100011,Technology Operations,No,TCH001,Technology Operations - Central,Columbus,OH,43004,NEXT DAY AIR SAVER,Next Day Air Saver,NDA Saver,Premium,Domestic,Yes,925,0,24,24,901,SAMPLE_2025_08_TnT.xlsx,Shipper View
2025,8,Aug,202508,Q3,2025-08-01,0009100011|TCH001,0009100011,Technology Operations,No,TCH001,Technology Operations - Central,Columbus,OH,43004,NEXT DAY AIR,Next Day Air / Express,NDA,Premium,Domestic,Yes,3809,9,108,117,3692,SAMPLE_2025_08_TnT.xlsx,Shipper View
2025,8,Aug,202508,Q3,2025-08-01,0009100011|TCH001,0009100011,Technology Operations,No,TCH001,Technology Operations - Central,Columbus,OH,43004,UPS EXPRESS EARLY,Next Day Air Early,NDA Early,Premium,Domestic,Yes,11,0,0,0,11,SAMPLE_2025_08_TnT.xlsx,Shipper View
2025,8,Aug,202508,Q3,2025-08-01,0009100011|TCH001,0009100011,Technology Operations,No,TCH001,Technology Operations - Central,Columbus,OH,43004,INTERNATIONAL EXPRESS,International Express,Intl Express,Premium,International,Yes,16,0,1,1,15,SAMPLE_2025_08_TnT.xlsx,Shipper View
2025,8,Aug,202508,Q3,2025-08-01,0009100011|TCH001,0009100011,Technology Operations,No,TCH001,Technology Operations - Central,Columbus,OH,43004,INTERNATIONAL EXPRESS SAVER,International Express Saver,Intl Saver,Premium,International,Yes,9,0,0,0,9,SAMPLE_2025_08_TnT.xlsx,Shipper View
2025,8,Aug,202508,Q3,2025-08-01,0009100011|TCH001,0009100011,Technology Operations,No,TCH001,Technology Operations - Central,Columbus,OH,43004,INTERNATIONAL EXPEDITED,International Expedited,Intl Expedited,Expedited,International,Yes,4,0,0,0,4,SAMPLE_2025_08_TnT.xlsx,Shipper View
2025,8,Aug,202508,Q3,2025-08-01,0009100012|MAI002,0009100012,Mail Services,No,MAI002,Mail Services - Regional,Kansas City,MO,64108,GROUND,Ground,Ground,Deferred,Domestic,Yes,3364,6,122,128,3236,SAMPLE_2025_08_TnT.xlsx,Shipper View
2025,8,Aug,202508,Q3,2025-08-01,0009100012|MAI002,0009100012,Mail Services,No,MAI002,Mail Services - Regional,Kansas City,MO,64108,THREE DAY SELECT,3 Day Select,3DS,Deferred,Domestic,Yes,45,0,0,0,45,SAMPLE_2025_08_TnT.xlsx,Shipper View
2025,8,Aug,202508,Q3,2025-08-01,0009100012|MAI002,0009100012,Mail Services,No,MAI002,Mail Services - Regional,Kansas City,MO,64108,SECOND DAY AIR,2nd Day Air / Expedited,2DA,Expedited,Domestic,Yes,437,0,7,7,430,SAMPLE_2025_08_TnT.xlsx,Shipper View
2025,8,Aug,202508,Q3,2025-08-01,0009100012|MAI002,0009100012,Mail Services,No,MAI002,Mail Services - Regional,Kansas City,MO,64108,SECOND DAY EARLY AM,2nd Day Air Early A.M.,2DA AM,Expedited,Domestic,Yes,14,0,0,0,14,SAMPLE_2025_08_TnT.xlsx,Shipper View
2025,8,Aug,202508,Q3,2025-08-01,0009100012|MAI002,0009100012,Mail Services,No,MAI002,Mail Services - Regional,Kansas City,MO,64108,NEXT DAY AIR SAVER,Next Day Air Saver,NDA Saver,Premium,Domestic,Yes,153,0,3,3,150,SAMPLE_2025_08_TnT.xlsx,Shipper View
2025,8,Aug,202508,Q3,2025-08-01,0009100012|MAI002,0009100012,Mail Services,No,MAI002,Mail Services - Regional,Kansas City,MO,64108,NEXT DAY AIR,Next Day Air / Express,NDA,Premium,Domestic,Yes,560,1,15,16,544,SAMPLE_2025_08_TnT.xlsx,Shipper View
2025,8,Aug,202508,Q3,2025-08-01,0009100012|MAI002,0009100012,Mail Services,No,MAI002,Mail Services - Regional,Kansas City,MO,64108,UPS EXPRESS EARLY,Next Day Air Early,NDA Early,Premium,Domestic,Yes,1,0,0,0,1,SAMPLE_2025_08_TnT.xlsx,Shipper View
2025,8,Aug,202508,Q3,2025-08-01,0009100012|MAI002,0009100012,Mail Services,No,MAI002,Mail Services - Regional,Kansas City,MO,64108,INTERNATIONAL EXPRESS,International Express,Intl Express,Premium,International,Yes,2,0,0,0,2,SAMPLE_2025_08_TnT.xlsx,Shipper View
2025,8,Aug,202508,Q3,2025-08-01,0009100012|MAI002,0009100012,Mail Services,No,MAI002,Mail Services - Regional,Kansas City,MO,64108,INTERNATIONAL EXPRESS SAVER,International Express Saver,Intl Saver,Premium,International,Yes,1,0,0,0,1,SAMPLE_2025_08_TnT.xlsx,Shipper View
2025,8,Aug,202508,Q3,2025-08-01,0009100013|VEN003,0009100013,Vendor Programs,No,VEN003,Vendor Programs - Print,Aurora,IL,60502,GROUND,Ground,Ground,Deferred,Domestic,Yes,4736,9,185,194,4542,SAMPLE_2025_08_TnT.xlsx,Shipper View
2025,8,Aug,202508,Q3,2025-08-01,0009100013|VEN003,0009100013,Vendor Programs,No,VEN003,Vendor Programs - Print,Aurora,IL,60502,THREE DAY SELECT,3 Day Select,3DS,Deferred,Domestic,Yes,57,0,0,0,57,SAMPLE_2025_08_TnT.xlsx,Shipper View
2025,8,Aug,202508,Q3,2025-08-01,0009100013|VEN003,0009100013,Vendor Programs,No,VEN003,Vendor Programs - Print,Aurora,IL,60502,SECOND DAY AIR,2nd Day Air / Expedited,2DA,Expedited,Domestic,Yes,667,0,12,12,655,SAMPLE_2025_08_TnT.xlsx,Shipper View
2025,8,Aug,202508,Q3,2025-08-01,0009100013|VEN003,0009100013,Vendor Programs,No,VEN003,Vendor Programs - Print,Aurora,IL,60502,SECOND DAY EARLY AM,2nd Day Air Early A.M.,2DA AM,Expedited,Domestic,Yes,28,0,1,1,27,SAMPLE_2025_08_TnT.xlsx,Shipper View
2025,8,Aug,202508,Q3,2025-08-01,0009100013|VEN003,0009100013,Vendor Programs,No,VEN003,Vendor Programs - Print,Aurora,IL,60502,NEXT DAY AIR SAVER,Next Day Air Saver,NDA Saver,Premium,Domestic,Yes,208,0,5,5,203,SAMPLE_2025_08_TnT.xlsx,Shipper View
2025,8,Aug,202508,Q3,2025-08-01,0009100013|VEN003,0009100013,Vendor Programs,No,VEN003,Vendor Programs - Print,Aurora,IL,60502,NEXT DAY AIR,Next Day Air / Express,NDA,Premium,Domestic,Yes,926,0,30,30,896,SAMPLE_2025_08_TnT.xlsx,Shipper View
2025,8,Aug,202508,Q3,2025-08-01,0009100013|VEN003,0009100013,Vendor Programs,No,VEN003,Vendor Programs - Print,Aurora,IL,60502,UPS EXPRESS EARLY,Next Day Air Early,NDA Early,Premium,Domestic,Yes,2,0,0,0,2,SAMPLE_2025_08_TnT.xlsx,Shipper View
2025,8,Aug,202508,Q3,2025-08-01,0009100013|VEN003,0009100013,Vendor Programs,No,VEN003,Vendor Programs - Print,Aurora,IL,60502,INTERNATIONAL EXPRESS,International Express,Intl Express,Premium,International,Yes,4,0,0,0,4,SAMPLE_2025_08_TnT.xlsx,Shipper View
2025,8,Aug,202508,Q3,2025-08-01,0009100013|VEN003,0009100013,Vendor Programs,No,VEN003,Vendor Programs - Print,Aurora,IL,60502,INTERNATIONAL EXPRESS SAVER,International Express Saver,Intl Saver,Premium,International,Yes,2,0,0,0,2,SAMPLE_2025_08_TnT.xlsx,Shipper View
2025,8,Aug,202508,Q3,2025-08-01,0009100013|VEN004,0009100013,Vendor Programs,No,VEN004,Vendor Programs - Fulfilment,Aurora,IL,60502,GROUND,Ground,Ground,Deferred,Domestic,Yes,3951,4,153,157,3794,SAMPLE_2025_08_TnT.xlsx,Shipper View
2025,8,Aug,202508,Q3,2025-08-01,0009100013|VEN004,0009100013,Vendor Programs,No,VEN004,Vendor Programs - Fulfilment,Aurora,IL,60502,THREE DAY SELECT,3 Day Select,3DS,Deferred,Domestic,Yes,43,0,0,0,43,SAMPLE_2025_08_TnT.xlsx,Shipper View
2025,8,Aug,202508,Q3,2025-08-01,0009100013|VEN004,0009100013,Vendor Programs,No,VEN004,Vendor Programs - Fulfilment,Aurora,IL,60502,SECOND DAY AIR,2nd Day Air / Expedited,2DA,Expedited,Domestic,Yes,463,0,8,8,455,SAMPLE_2025_08_TnT.xlsx,Shipper View
2025,8,Aug,202508,Q3,2025-08-01,0009100013|VEN004,0009100013,Vendor Programs,No,VEN004,Vendor Programs - Fulfilment,Aurora,IL,60502,SECOND DAY EARLY AM,2nd Day Air Early A.M.,2DA AM,Expedited,Domestic,Yes,16,0,0,0,16,SAMPLE_2025_08_TnT.xlsx,Shipper View
2025,8,Aug,202508,Q3,2025-08-01,0009100013|VEN004,0009100013,Vendor Programs,No,VEN004,Vendor Programs - Fulfilment,Aurora,IL,60502,NEXT DAY AIR SAVER,Next Day Air Saver,NDA Saver,Premium,Domestic,Yes,190,0,4,4,186,SAMPLE_2025_08_TnT.xlsx,Shipper View
2025,8,Aug,202508,Q3,2025-08-01,0009100013|VEN004,0009100013,Vendor Programs,No,VEN004,Vendor Programs - Fulfilment,Aurora,IL,60502,NEXT DAY AIR,Next Day Air / Express,NDA,Premium,Domestic,Yes,751,1,21,22,729,SAMPLE_2025_08_TnT.xlsx,Shipper View
2025,8,Aug,202508,Q3,2025-08-01,0009100013|VEN004,0009100013,Vendor Programs,No,VEN004,Vendor Programs - Fulfilment,Aurora,IL,60502,UPS EXPRESS EARLY,Next Day Air Early,NDA Early,Premium,Domestic,Yes,2,0,0,0,2,SAMPLE_2025_08_TnT.xlsx,Shipper View
2025,8,Aug,202508,Q3,2025-08-01,0009100013|VEN004,0009100013,Vendor Programs,No,VEN004,Vendor Programs - Fulfilment,Aurora,IL,60502,INTERNATIONAL EXPRESS,International Express,Intl Express,Premium,International,Yes,3,0,0,0,3,SAMPLE_2025_08_TnT.xlsx,Shipper View
2025,8,Aug,202508,Q3,2025-08-01,0009100013|VEN004,0009100013,Vendor Programs,No,VEN004,Vendor Programs - Fulfilment,Aurora,IL,60502,INTERNATIONAL EXPRESS SAVER,International Express Saver,Intl Saver,Premium,International,Yes,2,0,0,0,2,SAMPLE_2025_08_TnT.xlsx,Shipper View
2025,8,Aug,202508,Q3,2025-08-01,0009100014|FLD005,0009100014,Field Administration,No,FLD005,Field Administration - North,Madison,WI,53703,GROUND,Ground,Ground,Deferred,Domestic,Yes,7526,4,284,288,7238,SAMPLE_2025_08_TnT.xlsx,Shipper View
2025,8,Aug,202508,Q3,2025-08-01,0009100014|FLD005,0009100014,Field Administration,No,FLD005,Field Administration - North,Madison,WI,53703,THREE DAY SELECT,3 Day Select,3DS,Deferred,Domestic,Yes,114,0,0,0,114,SAMPLE_2025_08_TnT.xlsx,Shipper View
2025,8,Aug,202508,Q3,2025-08-01,0009100014|FLD005,0009100014,Field Administration,No,FLD005,Field Administration - North,Madison,WI,53703,SECOND DAY AIR,2nd Day Air / Expedited,2DA,Expedited,Domestic,Yes,733,0,12,12,721,SAMPLE_2025_08_TnT.xlsx,Shipper View
2025,8,Aug,202508,Q3,2025-08-01,0009100014|FLD005,0009100014,Field Administration,No,FLD005,Field Administration - North,Madison,WI,53703,SECOND DAY EARLY AM,2nd Day Air Early A.M.,2DA AM,Expedited,Domestic,Yes,41,0,1,1,40,SAMPLE_2025_08_TnT.xlsx,Shipper View
2025,8,Aug,202508,Q3,2025-08-01,0009100014|FLD005,0009100014,Field Administration,No,FLD005,Field Administration - North,Madison,WI,53703,NEXT DAY AIR SAVER,Next Day Air Saver,NDA Saver,Premium,Domestic,Yes,282,0,7,7,275,SAMPLE_2025_08_TnT.xlsx,Shipper View
2025,8,Aug,202508,Q3,2025-08-01,0009100014|FLD005,0009100014,Field Administration,No,FLD005,Field Administration - North,Madison,WI,53703,NEXT DAY AIR,Next Day Air / Express,NDA,Premium,Domestic,Yes,1243,3,34,37,1206,SAMPLE_2025_08_TnT.xlsx,Shipper View
2025,8,Aug,202508,Q3,2025-08-01,0009100014|FLD005,0009100014,Field Administration,No,FLD005,Field Administration - North,Madison,WI,53703,UPS EXPRESS EARLY,Next Day Air Early,NDA Early,Premium,Domestic,Yes,4,0,0,0,4,SAMPLE_2025_08_TnT.xlsx,Shipper View
2025,8,Aug,202508,Q3,2025-08-01,0009100014|FLD005,0009100014,Field Administration,No,FLD005,Field Administration - North,Madison,WI,53703,INTERNATIONAL EXPRESS,International Express,Intl Express,Premium,International,Yes,5,0,0,0,5,SAMPLE_2025_08_TnT.xlsx,Shipper View
2025,8,Aug,202508,Q3,2025-08-01,0009100014|FLD005,0009100014,Field Administration,No,FLD005,Field Administration - North,Madison,WI,53703,INTERNATIONAL EXPRESS SAVER,International Express Saver,Intl Saver,Premium,International,Yes,3,0,0,0,3,SAMPLE_2025_08_TnT.xlsx,Shipper View
2025,8,Aug,202508,Q3,2025-08-01,0009100015|HQX006,0009100015,Corporate HQ,No,HQX006,Corporate HQ - Facilities,Columbus,OH,43004,GROUND,Ground,Ground,Deferred,Domestic,Yes,1953,3,72,75,1878,SAMPLE_2025_08_TnT.xlsx,Shipper View
2025,8,Aug,202508,Q3,2025-08-01,0009100015|HQX006,0009100015,Corporate HQ,No,HQX006,Corporate HQ - Facilities,Columbus,OH,43004,THREE DAY SELECT,3 Day Select,3DS,Deferred,Domestic,Yes,26,0,0,0,26,SAMPLE_2025_08_TnT.xlsx,Shipper View
2025,8,Aug,202508,Q3,2025-08-01,0009100015|HQX006,0009100015,Corporate HQ,No,HQX006,Corporate HQ - Facilities,Columbus,OH,43004,SECOND DAY AIR,2nd Day Air / Expedited,2DA,Expedited,Domestic,Yes,257,0,4,4,253,SAMPLE_2025_08_TnT.xlsx,Shipper View
2025,8,Aug,202508,Q3,2025-08-01,0009100015|HQX006,0009100015,Corporate HQ,No,HQX006,Corporate HQ - Facilities,Columbus,OH,43004,SECOND DAY EARLY AM,2nd Day Air Early A.M.,2DA AM,Expedited,Domestic,Yes,10,0,0,0,10,SAMPLE_2025_08_TnT.xlsx,Shipper View
2025,8,Aug,202508,Q3,2025-08-01,0009100015|HQX006,0009100015,Corporate HQ,No,HQX006,Corporate HQ - Facilities,Columbus,OH,43004,NEXT DAY AIR SAVER,Next Day Air Saver,NDA Saver,Premium,Domestic,Yes,96,0,2,2,94,SAMPLE_2025_08_TnT.xlsx,Shipper View
2025,8,Aug,202508,Q3,2025-08-01,0009100015|HQX006,0009100015,Corporate HQ,No,HQX006,Corporate HQ - Facilities,Columbus,OH,43004,NEXT DAY AIR,Next Day Air / Express,NDA,Premium,Domestic,Yes,361,0,12,12,349,SAMPLE_2025_08_TnT.xlsx,Shipper View
2025,8,Aug,202508,Q3,2025-08-01,0009100015|HQX006,0009100015,Corporate HQ,No,HQX006,Corporate HQ - Facilities,Columbus,OH,43004,INTERNATIONAL EXPRESS,International Express,Intl Express,Premium,International,Yes,1,0,0,0,1,SAMPLE_2025_08_TnT.xlsx,Shipper View
2025,8,Aug,202508,Q3,2025-08-01,0009100016|RTL007,0009100016,Retail Partner Network,No,RTL007,Retail Partner Network - Stores,Phoenix,AZ,85004,GROUND,Ground,Ground,Deferred,Domestic,Yes,8382,28,297,325,8057,SAMPLE_2025_08_TnT.xlsx,Shipper View
2025,8,Aug,202508,Q3,2025-08-01,0009100016|RTL007,0009100016,Retail Partner Network,No,RTL007,Retail Partner Network - Stores,Phoenix,AZ,85004,THREE DAY SELECT,3 Day Select,3DS,Deferred,Domestic,Yes,164,0,1,1,163,SAMPLE_2025_08_TnT.xlsx,Shipper View
2025,8,Aug,202508,Q3,2025-08-01,0009100016|RTL007,0009100016,Retail Partner Network,No,RTL007,Retail Partner Network - Stores,Phoenix,AZ,85004,SECOND DAY AIR,2nd Day Air / Expedited,2DA,Expedited,Domestic,Yes,1198,0,24,24,1174,SAMPLE_2025_08_TnT.xlsx,Shipper View
2025,8,Aug,202508,Q3,2025-08-01,0009100016|RTL007,0009100016,Retail Partner Network,No,RTL007,Retail Partner Network - Stores,Phoenix,AZ,85004,SECOND DAY EARLY AM,2nd Day Air Early A.M.,2DA AM,Expedited,Domestic,Yes,49,0,1,1,48,SAMPLE_2025_08_TnT.xlsx,Shipper View
2025,8,Aug,202508,Q3,2025-08-01,0009100016|RTL007,0009100016,Retail Partner Network,No,RTL007,Retail Partner Network - Stores,Phoenix,AZ,85004,NEXT DAY AIR SAVER,Next Day Air Saver,NDA Saver,Premium,Domestic,Yes,539,1,13,14,525,SAMPLE_2025_08_TnT.xlsx,Shipper View
2025,8,Aug,202508,Q3,2025-08-01,0009100016|RTL007,0009100016,Retail Partner Network,No,RTL007,Retail Partner Network - Stores,Phoenix,AZ,85004,NEXT DAY AIR,Next Day Air / Express,NDA,Premium,Domestic,Yes,1681,5,53,58,1623,SAMPLE_2025_08_TnT.xlsx,Shipper View
2025,8,Aug,202508,Q3,2025-08-01,0009100016|RTL007,0009100016,Retail Partner Network,No,RTL007,Retail Partner Network - Stores,Phoenix,AZ,85004,UPS EXPRESS EARLY,Next Day Air Early,NDA Early,Premium,Domestic,Yes,7,0,0,0,7,SAMPLE_2025_08_TnT.xlsx,Shipper View
2025,8,Aug,202508,Q3,2025-08-01,0009100016|RTL007,0009100016,Retail Partner Network,No,RTL007,Retail Partner Network - Stores,Phoenix,AZ,85004,INTERNATIONAL EXPRESS,International Express,Intl Express,Premium,International,Yes,10,0,0,0,10,SAMPLE_2025_08_TnT.xlsx,Shipper View
2025,8,Aug,202508,Q3,2025-08-01,0009100016|RTL007,0009100016,Retail Partner Network,No,RTL007,Retail Partner Network - Stores,Phoenix,AZ,85004,INTERNATIONAL EXPRESS SAVER,International Express Saver,Intl Saver,Premium,International,Yes,6,0,0,0,6,SAMPLE_2025_08_TnT.xlsx,Shipper View
2025,8,Aug,202508,Q3,2025-08-01,0009100016|RTL007,0009100016,Retail Partner Network,No,RTL007,Retail Partner Network - Stores,Phoenix,AZ,85004,INTERNATIONAL EXPEDITED,International Expedited,Intl Expedited,Expedited,International,Yes,2,0,0,0,2,SAMPLE_2025_08_TnT.xlsx,Shipper View
2025,8,Aug,202508,Q3,2025-08-01,0009100017|CSH008,0009100017,Cash Operations,No,CSH008,Cash Operations - Processing,Newark,NJ,07102,GROUND,Ground,Ground,Deferred,Domestic,Yes,4314,10,175,185,4129,SAMPLE_2025_08_TnT.xlsx,Shipper View
2025,8,Aug,202508,Q3,2025-08-01,0009100017|CSH008,0009100017,Cash Operations,No,CSH008,Cash Operations - Processing,Newark,NJ,07102,THREE DAY SELECT,3 Day Select,3DS,Deferred,Domestic,Yes,53,0,0,0,53,SAMPLE_2025_08_TnT.xlsx,Shipper View
2025,8,Aug,202508,Q3,2025-08-01,0009100017|CSH008,0009100017,Cash Operations,No,CSH008,Cash Operations - Processing,Newark,NJ,07102,SECOND DAY AIR,2nd Day Air / Expedited,2DA,Expedited,Domestic,Yes,428,0,9,9,419,SAMPLE_2025_08_TnT.xlsx,Shipper View
2025,8,Aug,202508,Q3,2025-08-01,0009100017|CSH008,0009100017,Cash Operations,No,CSH008,Cash Operations - Processing,Newark,NJ,07102,SECOND DAY EARLY AM,2nd Day Air Early A.M.,2DA AM,Expedited,Domestic,Yes,15,0,0,0,15,SAMPLE_2025_08_TnT.xlsx,Shipper View
2025,8,Aug,202508,Q3,2025-08-01,0009100017|CSH008,0009100017,Cash Operations,No,CSH008,Cash Operations - Processing,Newark,NJ,07102,NEXT DAY AIR SAVER,Next Day Air Saver,NDA Saver,Premium,Domestic,Yes,187,0,4,4,183,SAMPLE_2025_08_TnT.xlsx,Shipper View
2025,8,Aug,202508,Q3,2025-08-01,0009100017|CSH008,0009100017,Cash Operations,No,CSH008,Cash Operations - Processing,Newark,NJ,07102,NEXT DAY AIR,Next Day Air / Express,NDA,Premium,Domestic,Yes,755,2,23,25,730,SAMPLE_2025_08_TnT.xlsx,Shipper View
2025,8,Aug,202508,Q3,2025-08-01,0009100017|CSH008,0009100017,Cash Operations,No,CSH008,Cash Operations - Processing,Newark,NJ,07102,UPS EXPRESS EARLY,Next Day Air Early,NDA Early,Premium,Domestic,Yes,1,0,0,0,1,SAMPLE_2025_08_TnT.xlsx,Shipper View
2025,8,Aug,202508,Q3,2025-08-01,0009100017|CSH008,0009100017,Cash Operations,No,CSH008,Cash Operations - Processing,Newark,NJ,07102,INTERNATIONAL EXPRESS,International Express,Intl Express,Premium,International,Yes,2,0,0,0,2,SAMPLE_2025_08_TnT.xlsx,Shipper View
2025,8,Aug,202508,Q3,2025-08-01,0009100017|CSH008,0009100017,Cash Operations,No,CSH008,Cash Operations - Processing,Newark,NJ,07102,INTERNATIONAL EXPRESS SAVER,International Express Saver,Intl Saver,Premium,International,Yes,1,0,0,0,1,SAMPLE_2025_08_TnT.xlsx,Shipper View
2025,8,Aug,202508,Q3,2025-08-01,@@|TCO009,@@,Unassigned Sub-Parent,Yes,TCO009,Transfer Co Operations,Whippany,NJ,07981,GROUND,Ground,Ground,Deferred,Domestic,Yes,443,0,18,18,425,SAMPLE_2025_08_TnT.xlsx,Shipper View
2025,8,Aug,202508,Q3,2025-08-01,@@|TCO009,@@,Unassigned Sub-Parent,Yes,TCO009,Transfer Co Operations,Whippany,NJ,07981,THREE DAY SELECT,3 Day Select,3DS,Deferred,Domestic,Yes,5,0,0,0,5,SAMPLE_2025_08_TnT.xlsx,Shipper View
2025,8,Aug,202508,Q3,2025-08-01,@@|TCO009,@@,Unassigned Sub-Parent,Yes,TCO009,Transfer Co Operations,Whippany,NJ,07981,SECOND DAY AIR,2nd Day Air / Expedited,2DA,Expedited,Domestic,Yes,61,0,1,1,60,SAMPLE_2025_08_TnT.xlsx,Shipper View
2025,8,Aug,202508,Q3,2025-08-01,@@|TCO009,@@,Unassigned Sub-Parent,Yes,TCO009,Transfer Co Operations,Whippany,NJ,07981,SECOND DAY EARLY AM,2nd Day Air Early A.M.,2DA AM,Expedited,Domestic,Yes,2,0,0,0,2,SAMPLE_2025_08_TnT.xlsx,Shipper View
2025,8,Aug,202508,Q3,2025-08-01,@@|TCO009,@@,Unassigned Sub-Parent,Yes,TCO009,Transfer Co Operations,Whippany,NJ,07981,NEXT DAY AIR SAVER,Next Day Air Saver,NDA Saver,Premium,Domestic,Yes,26,0,1,1,25,SAMPLE_2025_08_TnT.xlsx,Shipper View
2025,8,Aug,202508,Q3,2025-08-01,@@|TCO009,@@,Unassigned Sub-Parent,Yes,TCO009,Transfer Co Operations,Whippany,NJ,07981,NEXT DAY AIR,Next Day Air / Express,NDA,Premium,Domestic,Yes,90,0,3,3,87,SAMPLE_2025_08_TnT.xlsx,Shipper View
2025,9,Sep,202509,Q3,2025-09-01,0009100011|TCH001,0009100011,Technology Operations,No,TCH001,Technology Operations - Central,Columbus,OH,43004,GROUND,Ground,Ground,Deferred,Domestic,Yes,15301,57,551,608,14693,SAMPLE_2025_09_TnT.xlsx,Shipper View
2025,9,Sep,202509,Q3,2025-09-01,0009100011|TCH001,0009100011,Technology Operations,No,TCH001,Technology Operations - Central,Columbus,OH,43004,THREE DAY SELECT,3 Day Select,3DS,Deferred,Domestic,Yes,241,0,1,1,240,SAMPLE_2025_09_TnT.xlsx,Shipper View
2025,9,Sep,202509,Q3,2025-09-01,0009100011|TCH001,0009100011,Technology Operations,No,TCH001,Technology Operations - Central,Columbus,OH,43004,SECOND DAY AIR,2nd Day Air / Expedited,2DA,Expedited,Domestic,Yes,1799,2,31,33,1766,SAMPLE_2025_09_TnT.xlsx,Shipper View
2025,9,Sep,202509,Q3,2025-09-01,0009100011|TCH001,0009100011,Technology Operations,No,TCH001,Technology Operations - Central,Columbus,OH,43004,SECOND DAY EARLY AM,2nd Day Air Early A.M.,2DA AM,Expedited,Domestic,Yes,115,0,3,3,112,SAMPLE_2025_09_TnT.xlsx,Shipper View
2025,9,Sep,202509,Q3,2025-09-01,0009100011|TCH001,0009100011,Technology Operations,No,TCH001,Technology Operations - Central,Columbus,OH,43004,NEXT DAY AIR SAVER,Next Day Air Saver,NDA Saver,Premium,Domestic,Yes,843,0,19,19,824,SAMPLE_2025_09_TnT.xlsx,Shipper View
2025,9,Sep,202509,Q3,2025-09-01,0009100011|TCH001,0009100011,Technology Operations,No,TCH001,Technology Operations - Central,Columbus,OH,43004,NEXT DAY AIR,Next Day Air / Express,NDA,Premium,Domestic,Yes,3212,5,95,100,3112,SAMPLE_2025_09_TnT.xlsx,Shipper View
2025,9,Sep,202509,Q3,2025-09-01,0009100011|TCH001,0009100011,Technology Operations,No,TCH001,Technology Operations - Central,Columbus,OH,43004,UPS EXPRESS EARLY,Next Day Air Early,NDA Early,Premium,Domestic,Yes,17,0,0,0,17,SAMPLE_2025_09_TnT.xlsx,Shipper View
2025,9,Sep,202509,Q3,2025-09-01,0009100011|TCH001,0009100011,Technology Operations,No,TCH001,Technology Operations - Central,Columbus,OH,43004,INTERNATIONAL EXPRESS,International Express,Intl Express,Premium,International,Yes,13,0,1,1,12,SAMPLE_2025_09_TnT.xlsx,Shipper View
2025,9,Sep,202509,Q3,2025-09-01,0009100011|TCH001,0009100011,Technology Operations,No,TCH001,Technology Operations - Central,Columbus,OH,43004,INTERNATIONAL EXPRESS SAVER,International Express Saver,Intl Saver,Premium,International,Yes,9,0,0,0,9,SAMPLE_2025_09_TnT.xlsx,Shipper View
2025,9,Sep,202509,Q3,2025-09-01,0009100011|TCH001,0009100011,Technology Operations,No,TCH001,Technology Operations - Central,Columbus,OH,43004,INTERNATIONAL EXPEDITED,International Expedited,Intl Expedited,Expedited,International,Yes,3,0,0,0,3,SAMPLE_2025_09_TnT.xlsx,Shipper View
2025,9,Sep,202509,Q3,2025-09-01,0009100012|MAI002,0009100012,Mail Services,No,MAI002,Mail Services - Regional,Kansas City,MO,64108,GROUND,Ground,Ground,Deferred,Domestic,Yes,3765,14,146,160,3605,SAMPLE_2025_09_TnT.xlsx,Shipper View
2025,9,Sep,202509,Q3,2025-09-01,0009100012|MAI002,0009100012,Mail Services,No,MAI002,Mail Services - Regional,Kansas City,MO,64108,THREE DAY SELECT,3 Day Select,3DS,Deferred,Domestic,Yes,48,0,0,0,48,SAMPLE_2025_09_TnT.xlsx,Shipper View
2025,9,Sep,202509,Q3,2025-09-01,0009100012|MAI002,0009100012,Mail Services,No,MAI002,Mail Services - Regional,Kansas City,MO,64108,SECOND DAY AIR,2nd Day Air / Expedited,2DA,Expedited,Domestic,Yes,397,1,8,9,388,SAMPLE_2025_09_TnT.xlsx,Shipper View
2025,9,Sep,202509,Q3,2025-09-01,0009100012|MAI002,0009100012,Mail Services,No,MAI002,Mail Services - Regional,Kansas City,MO,64108,SECOND DAY EARLY AM,2nd Day Air Early A.M.,2DA AM,Expedited,Domestic,Yes,16,0,0,0,16,SAMPLE_2025_09_TnT.xlsx,Shipper View
2025,9,Sep,202509,Q3,2025-09-01,0009100012|MAI002,0009100012,Mail Services,No,MAI002,Mail Services - Regional,Kansas City,MO,64108,NEXT DAY AIR SAVER,Next Day Air Saver,NDA Saver,Premium,Domestic,Yes,138,0,3,3,135,SAMPLE_2025_09_TnT.xlsx,Shipper View
2025,9,Sep,202509,Q3,2025-09-01,0009100012|MAI002,0009100012,Mail Services,No,MAI002,Mail Services - Regional,Kansas City,MO,64108,NEXT DAY AIR,Next Day Air / Express,NDA,Premium,Domestic,Yes,614,0,18,18,596,SAMPLE_2025_09_TnT.xlsx,Shipper View
2025,9,Sep,202509,Q3,2025-09-01,0009100012|MAI002,0009100012,Mail Services,No,MAI002,Mail Services - Regional,Kansas City,MO,64108,UPS EXPRESS EARLY,Next Day Air Early,NDA Early,Premium,Domestic,Yes,1,0,0,0,1,SAMPLE_2025_09_TnT.xlsx,Shipper View
2025,9,Sep,202509,Q3,2025-09-01,0009100012|MAI002,0009100012,Mail Services,No,MAI002,Mail Services - Regional,Kansas City,MO,64108,INTERNATIONAL EXPRESS,International Express,Intl Express,Premium,International,Yes,2,0,0,0,2,SAMPLE_2025_09_TnT.xlsx,Shipper View
2025,9,Sep,202509,Q3,2025-09-01,0009100012|MAI002,0009100012,Mail Services,No,MAI002,Mail Services - Regional,Kansas City,MO,64108,INTERNATIONAL EXPRESS SAVER,International Express Saver,Intl Saver,Premium,International,Yes,1,0,0,0,1,SAMPLE_2025_09_TnT.xlsx,Shipper View
2025,9,Sep,202509,Q3,2025-09-01,0009100013|VEN003,0009100013,Vendor Programs,No,VEN003,Vendor Programs - Print,Aurora,IL,60502,GROUND,Ground,Ground,Deferred,Domestic,Yes,4203,8,152,160,4043,SAMPLE_2025_09_TnT.xlsx,Shipper View
2025,9,Sep,202509,Q3,2025-09-01,0009100013|VEN003,0009100013,Vendor Programs,No,VEN003,Vendor Programs - Print,Aurora,IL,60502,THREE DAY SELECT,3 Day Select,3DS,Deferred,Domestic,Yes,58,0,0,0,58,SAMPLE_2025_09_TnT.xlsx,Shipper View
2025,9,Sep,202509,Q3,2025-09-01,0009100013|VEN003,0009100013,Vendor Programs,No,VEN003,Vendor Programs - Print,Aurora,IL,60502,SECOND DAY AIR,2nd Day Air / Expedited,2DA,Expedited,Domestic,Yes,591,0,9,9,582,SAMPLE_2025_09_TnT.xlsx,Shipper View
2025,9,Sep,202509,Q3,2025-09-01,0009100013|VEN003,0009100013,Vendor Programs,No,VEN003,Vendor Programs - Print,Aurora,IL,60502,SECOND DAY EARLY AM,2nd Day Air Early A.M.,2DA AM,Expedited,Domestic,Yes,24,0,1,1,23,SAMPLE_2025_09_TnT.xlsx,Shipper View
2025,9,Sep,202509,Q3,2025-09-01,0009100013|VEN003,0009100013,Vendor Programs,No,VEN003,Vendor Programs - Print,Aurora,IL,60502,NEXT DAY AIR SAVER,Next Day Air Saver,NDA Saver,Premium,Domestic,Yes,205,0,5,5,200,SAMPLE_2025_09_TnT.xlsx,Shipper View
2025,9,Sep,202509,Q3,2025-09-01,0009100013|VEN003,0009100013,Vendor Programs,No,VEN003,Vendor Programs - Print,Aurora,IL,60502,NEXT DAY AIR,Next Day Air / Express,NDA,Premium,Domestic,Yes,796,0,26,26,770,SAMPLE_2025_09_TnT.xlsx,Shipper View
2025,9,Sep,202509,Q3,2025-09-01,0009100013|VEN003,0009100013,Vendor Programs,No,VEN003,Vendor Programs - Print,Aurora,IL,60502,UPS EXPRESS EARLY,Next Day Air Early,NDA Early,Premium,Domestic,Yes,2,0,0,0,2,SAMPLE_2025_09_TnT.xlsx,Shipper View
2025,9,Sep,202509,Q3,2025-09-01,0009100013|VEN003,0009100013,Vendor Programs,No,VEN003,Vendor Programs - Print,Aurora,IL,60502,INTERNATIONAL EXPRESS,International Express,Intl Express,Premium,International,Yes,3,0,0,0,3,SAMPLE_2025_09_TnT.xlsx,Shipper View
2025,9,Sep,202509,Q3,2025-09-01,0009100013|VEN003,0009100013,Vendor Programs,No,VEN003,Vendor Programs - Print,Aurora,IL,60502,INTERNATIONAL EXPRESS SAVER,International Express Saver,Intl Saver,Premium,International,Yes,2,0,0,0,2,SAMPLE_2025_09_TnT.xlsx,Shipper View
2025,9,Sep,202509,Q3,2025-09-01,0009100013|VEN004,0009100013,Vendor Programs,No,VEN004,Vendor Programs - Fulfilment,Aurora,IL,60502,GROUND,Ground,Ground,Deferred,Domestic,Yes,3280,9,125,134,3146,SAMPLE_2025_09_TnT.xlsx,Shipper View
2025,9,Sep,202509,Q3,2025-09-01,0009100013|VEN004,0009100013,Vendor Programs,No,VEN004,Vendor Programs - Fulfilment,Aurora,IL,60502,THREE DAY SELECT,3 Day Select,3DS,Deferred,Domestic,Yes,45,0,0,0,45,SAMPLE_2025_09_TnT.xlsx,Shipper View
2025,9,Sep,202509,Q3,2025-09-01,0009100013|VEN004,0009100013,Vendor Programs,No,VEN004,Vendor Programs - Fulfilment,Aurora,IL,60502,SECOND DAY AIR,2nd Day Air / Expedited,2DA,Expedited,Domestic,Yes,449,0,7,7,442,SAMPLE_2025_09_TnT.xlsx,Shipper View
2025,9,Sep,202509,Q3,2025-09-01,0009100013|VEN004,0009100013,Vendor Programs,No,VEN004,Vendor Programs - Fulfilment,Aurora,IL,60502,SECOND DAY EARLY AM,2nd Day Air Early A.M.,2DA AM,Expedited,Domestic,Yes,16,0,0,0,16,SAMPLE_2025_09_TnT.xlsx,Shipper View
2025,9,Sep,202509,Q3,2025-09-01,0009100013|VEN004,0009100013,Vendor Programs,No,VEN004,Vendor Programs - Fulfilment,Aurora,IL,60502,NEXT DAY AIR SAVER,Next Day Air Saver,NDA Saver,Premium,Domestic,Yes,194,0,4,4,190,SAMPLE_2025_09_TnT.xlsx,Shipper View
2025,9,Sep,202509,Q3,2025-09-01,0009100013|VEN004,0009100013,Vendor Programs,No,VEN004,Vendor Programs - Fulfilment,Aurora,IL,60502,NEXT DAY AIR,Next Day Air / Express,NDA,Premium,Domestic,Yes,717,0,24,24,693,SAMPLE_2025_09_TnT.xlsx,Shipper View
2025,9,Sep,202509,Q3,2025-09-01,0009100013|VEN004,0009100013,Vendor Programs,No,VEN004,Vendor Programs - Fulfilment,Aurora,IL,60502,UPS EXPRESS EARLY,Next Day Air Early,NDA Early,Premium,Domestic,Yes,2,0,0,0,2,SAMPLE_2025_09_TnT.xlsx,Shipper View
2025,9,Sep,202509,Q3,2025-09-01,0009100013|VEN004,0009100013,Vendor Programs,No,VEN004,Vendor Programs - Fulfilment,Aurora,IL,60502,INTERNATIONAL EXPRESS,International Express,Intl Express,Premium,International,Yes,2,0,0,0,2,SAMPLE_2025_09_TnT.xlsx,Shipper View
2025,9,Sep,202509,Q3,2025-09-01,0009100013|VEN004,0009100013,Vendor Programs,No,VEN004,Vendor Programs - Fulfilment,Aurora,IL,60502,INTERNATIONAL EXPRESS SAVER,International Express Saver,Intl Saver,Premium,International,Yes,1,0,0,0,1,SAMPLE_2025_09_TnT.xlsx,Shipper View
2025,9,Sep,202509,Q3,2025-09-01,0009100014|FLD005,0009100014,Field Administration,No,FLD005,Field Administration - North,Madison,WI,53703,GROUND,Ground,Ground,Deferred,Domestic,Yes,7817,9,324,333,7484,SAMPLE_2025_09_TnT.xlsx,Shipper View
2025,9,Sep,202509,Q3,2025-09-01,0009100014|FLD005,0009100014,Field Administration,No,FLD005,Field Administration - North,Madison,WI,53703,THREE DAY SELECT,3 Day Select,3DS,Deferred,Domestic,Yes,103,0,1,1,102,SAMPLE_2025_09_TnT.xlsx,Shipper View
2025,9,Sep,202509,Q3,2025-09-01,0009100014|FLD005,0009100014,Field Administration,No,FLD005,Field Administration - North,Madison,WI,53703,SECOND DAY AIR,2nd Day Air / Expedited,2DA,Expedited,Domestic,Yes,757,0,13,13,744,SAMPLE_2025_09_TnT.xlsx,Shipper View
2025,9,Sep,202509,Q3,2025-09-01,0009100014|FLD005,0009100014,Field Administration,No,FLD005,Field Administration - North,Madison,WI,53703,SECOND DAY EARLY AM,2nd Day Air Early A.M.,2DA AM,Expedited,Domestic,Yes,37,0,1,1,36,SAMPLE_2025_09_TnT.xlsx,Shipper View
2025,9,Sep,202509,Q3,2025-09-01,0009100014|FLD005,0009100014,Field Administration,No,FLD005,Field Administration - North,Madison,WI,53703,NEXT DAY AIR SAVER,Next Day Air Saver,NDA Saver,Premium,Domestic,Yes,356,0,8,8,348,SAMPLE_2025_09_TnT.xlsx,Shipper View
2025,9,Sep,202509,Q3,2025-09-01,0009100014|FLD005,0009100014,Field Administration,No,FLD005,Field Administration - North,Madison,WI,53703,NEXT DAY AIR,Next Day Air / Express,NDA,Premium,Domestic,Yes,1376,3,42,45,1331,SAMPLE_2025_09_TnT.xlsx,Shipper View
2025,9,Sep,202509,Q3,2025-09-01,0009100014|FLD005,0009100014,Field Administration,No,FLD005,Field Administration - North,Madison,WI,53703,UPS EXPRESS EARLY,Next Day Air Early,NDA Early,Premium,Domestic,Yes,5,0,0,0,5,SAMPLE_2025_09_TnT.xlsx,Shipper View
2025,9,Sep,202509,Q3,2025-09-01,0009100014|FLD005,0009100014,Field Administration,No,FLD005,Field Administration - North,Madison,WI,53703,INTERNATIONAL EXPRESS,International Express,Intl Express,Premium,International,Yes,5,0,0,0,5,SAMPLE_2025_09_TnT.xlsx,Shipper View
2025,9,Sep,202509,Q3,2025-09-01,0009100014|FLD005,0009100014,Field Administration,No,FLD005,Field Administration - North,Madison,WI,53703,INTERNATIONAL EXPRESS SAVER,International Express Saver,Intl Saver,Premium,International,Yes,4,0,0,0,4,SAMPLE_2025_09_TnT.xlsx,Shipper View
2025,9,Sep,202509,Q3,2025-09-01,0009100014|FLD005,0009100014,Field Administration,No,FLD005,Field Administration - North,Madison,WI,53703,INTERNATIONAL EXPEDITED,International Expedited,Intl Expedited,Expedited,International,Yes,1,0,0,0,1,SAMPLE_2025_09_TnT.xlsx,Shipper View
2025,9,Sep,202509,Q3,2025-09-01,0009100015|HQX006,0009100015,Corporate HQ,No,HQX006,Corporate HQ - Facilities,Columbus,OH,43004,GROUND,Ground,Ground,Deferred,Domestic,Yes,2336,1,83,84,2252,SAMPLE_2025_09_TnT.xlsx,Shipper View
2025,9,Sep,202509,Q3,2025-09-01,0009100015|HQX006,0009100015,Corporate HQ,No,HQX006,Corporate HQ - Facilities,Columbus,OH,43004,THREE DAY SELECT,3 Day Select,3DS,Deferred,Domestic,Yes,31,0,0,0,31,SAMPLE_2025_09_TnT.xlsx,Shipper View
2025,9,Sep,202509,Q3,2025-09-01,0009100015|HQX006,0009100015,Corporate HQ,No,HQX006,Corporate HQ - Facilities,Columbus,OH,43004,SECOND DAY AIR,2nd Day Air / Expedited,2DA,Expedited,Domestic,Yes,282,0,5,5,277,SAMPLE_2025_09_TnT.xlsx,Shipper View
2025,9,Sep,202509,Q3,2025-09-01,0009100015|HQX006,0009100015,Corporate HQ,No,HQX006,Corporate HQ - Facilities,Columbus,OH,43004,SECOND DAY EARLY AM,2nd Day Air Early A.M.,2DA AM,Expedited,Domestic,Yes,10,0,0,0,10,SAMPLE_2025_09_TnT.xlsx,Shipper View
2025,9,Sep,202509,Q3,2025-09-01,0009100015|HQX006,0009100015,Corporate HQ,No,HQX006,Corporate HQ - Facilities,Columbus,OH,43004,NEXT DAY AIR SAVER,Next Day Air Saver,NDA Saver,Premium,Domestic,Yes,109,0,3,3,106,SAMPLE_2025_09_TnT.xlsx,Shipper View
2025,9,Sep,202509,Q3,2025-09-01,0009100015|HQX006,0009100015,Corporate HQ,No,HQX006,Corporate HQ - Facilities,Columbus,OH,43004,NEXT DAY AIR,Next Day Air / Express,NDA,Premium,Domestic,Yes,397,0,13,13,384,SAMPLE_2025_09_TnT.xlsx,Shipper View
2025,9,Sep,202509,Q3,2025-09-01,0009100015|HQX006,0009100015,Corporate HQ,No,HQX006,Corporate HQ - Facilities,Columbus,OH,43004,UPS EXPRESS EARLY,Next Day Air Early,NDA Early,Premium,Domestic,Yes,1,0,0,0,1,SAMPLE_2025_09_TnT.xlsx,Shipper View
2025,9,Sep,202509,Q3,2025-09-01,0009100016|RTL007,0009100016,Retail Partner Network,No,RTL007,Retail Partner Network - Stores,Phoenix,AZ,85004,GROUND,Ground,Ground,Deferred,Domestic,Yes,12317,0,460,460,11857,SAMPLE_2025_09_TnT.xlsx,Shipper View
2025,9,Sep,202509,Q3,2025-09-01,0009100016|RTL007,0009100016,Retail Partner Network,No,RTL007,Retail Partner Network - Stores,Phoenix,AZ,85004,THREE DAY SELECT,3 Day Select,3DS,Deferred,Domestic,Yes,144,0,1,1,143,SAMPLE_2025_09_TnT.xlsx,Shipper View
2025,9,Sep,202509,Q3,2025-09-01,0009100016|RTL007,0009100016,Retail Partner Network,No,RTL007,Retail Partner Network - Stores,Phoenix,AZ,85004,SECOND DAY AIR,2nd Day Air / Expedited,2DA,Expedited,Domestic,Yes,1228,0,21,21,1207,SAMPLE_2025_09_TnT.xlsx,Shipper View
2025,9,Sep,202509,Q3,2025-09-01,0009100016|RTL007,0009100016,Retail Partner Network,No,RTL007,Retail Partner Network - Stores,Phoenix,AZ,85004,SECOND DAY EARLY AM,2nd Day Air Early A.M.,2DA AM,Expedited,Domestic,Yes,51,0,1,1,50,SAMPLE_2025_09_TnT.xlsx,Shipper View
2025,9,Sep,202509,Q3,2025-09-01,0009100016|RTL007,0009100016,Retail Partner Network,No,RTL007,Retail Partner Network - Stores,Phoenix,AZ,85004,NEXT DAY AIR SAVER,Next Day Air Saver,NDA Saver,Premium,Domestic,Yes,417,0,10,10,407,SAMPLE_2025_09_TnT.xlsx,Shipper View
2025,9,Sep,202509,Q3,2025-09-01,0009100016|RTL007,0009100016,Retail Partner Network,No,RTL007,Retail Partner Network - Stores,Phoenix,AZ,85004,NEXT DAY AIR,Next Day Air / Express,NDA,Premium,Domestic,Yes,1755,4,50,54,1701,SAMPLE_2025_09_TnT.xlsx,Shipper View
2025,9,Sep,202509,Q3,2025-09-01,0009100016|RTL007,0009100016,Retail Partner Network,No,RTL007,Retail Partner Network - Stores,Phoenix,AZ,85004,UPS EXPRESS EARLY,Next Day Air Early,NDA Early,Premium,Domestic,Yes,6,0,0,0,6,SAMPLE_2025_09_TnT.xlsx,Shipper View
2025,9,Sep,202509,Q3,2025-09-01,0009100016|RTL007,0009100016,Retail Partner Network,No,RTL007,Retail Partner Network - Stores,Phoenix,AZ,85004,INTERNATIONAL EXPRESS,International Express,Intl Express,Premium,International,Yes,9,0,0,0,9,SAMPLE_2025_09_TnT.xlsx,Shipper View
2025,9,Sep,202509,Q3,2025-09-01,0009100016|RTL007,0009100016,Retail Partner Network,No,RTL007,Retail Partner Network - Stores,Phoenix,AZ,85004,INTERNATIONAL EXPRESS SAVER,International Express Saver,Intl Saver,Premium,International,Yes,7,0,0,0,7,SAMPLE_2025_09_TnT.xlsx,Shipper View
2025,9,Sep,202509,Q3,2025-09-01,0009100016|RTL007,0009100016,Retail Partner Network,No,RTL007,Retail Partner Network - Stores,Phoenix,AZ,85004,INTERNATIONAL EXPEDITED,International Expedited,Intl Expedited,Expedited,International,Yes,1,0,0,0,1,SAMPLE_2025_09_TnT.xlsx,Shipper View
2025,9,Sep,202509,Q3,2025-09-01,0009100017|CSH008,0009100017,Cash Operations,No,CSH008,Cash Operations - Processing,Newark,NJ,07102,GROUND,Ground,Ground,Deferred,Domestic,Yes,4117,12,140,152,3965,SAMPLE_2025_09_TnT.xlsx,Shipper View
2025,9,Sep,202509,Q3,2025-09-01,0009100017|CSH008,0009100017,Cash Operations,No,CSH008,Cash Operations - Processing,Newark,NJ,07102,THREE DAY SELECT,3 Day Select,3DS,Deferred,Domestic,Yes,48,0,0,0,48,SAMPLE_2025_09_TnT.xlsx,Shipper View
2025,9,Sep,202509,Q3,2025-09-01,0009100017|CSH008,0009100017,Cash Operations,No,CSH008,Cash Operations - Processing,Newark,NJ,07102,SECOND DAY AIR,2nd Day Air / Expedited,2DA,Expedited,Domestic,Yes,510,0,8,8,502,SAMPLE_2025_09_TnT.xlsx,Shipper View
2025,9,Sep,202509,Q3,2025-09-01,0009100017|CSH008,0009100017,Cash Operations,No,CSH008,Cash Operations - Processing,Newark,NJ,07102,SECOND DAY EARLY AM,2nd Day Air Early A.M.,2DA AM,Expedited,Domestic,Yes,21,0,0,0,21,SAMPLE_2025_09_TnT.xlsx,Shipper View
2025,9,Sep,202509,Q3,2025-09-01,0009100017|CSH008,0009100017,Cash Operations,No,CSH008,Cash Operations - Processing,Newark,NJ,07102,NEXT DAY AIR SAVER,Next Day Air Saver,NDA Saver,Premium,Domestic,Yes,192,0,4,4,188,SAMPLE_2025_09_TnT.xlsx,Shipper View
2025,9,Sep,202509,Q3,2025-09-01,0009100017|CSH008,0009100017,Cash Operations,No,CSH008,Cash Operations - Processing,Newark,NJ,07102,NEXT DAY AIR,Next Day Air / Express,NDA,Premium,Domestic,Yes,586,0,19,19,567,SAMPLE_2025_09_TnT.xlsx,Shipper View
2025,9,Sep,202509,Q3,2025-09-01,0009100017|CSH008,0009100017,Cash Operations,No,CSH008,Cash Operations - Processing,Newark,NJ,07102,UPS EXPRESS EARLY,Next Day Air Early,NDA Early,Premium,Domestic,Yes,1,0,0,0,1,SAMPLE_2025_09_TnT.xlsx,Shipper View
2025,9,Sep,202509,Q3,2025-09-01,0009100017|CSH008,0009100017,Cash Operations,No,CSH008,Cash Operations - Processing,Newark,NJ,07102,INTERNATIONAL EXPRESS,International Express,Intl Express,Premium,International,Yes,2,0,0,0,2,SAMPLE_2025_09_TnT.xlsx,Shipper View
2025,9,Sep,202509,Q3,2025-09-01,0009100017|CSH008,0009100017,Cash Operations,No,CSH008,Cash Operations - Processing,Newark,NJ,07102,INTERNATIONAL EXPRESS SAVER,International Express Saver,Intl Saver,Premium,International,Yes,1,0,0,0,1,SAMPLE_2025_09_TnT.xlsx,Shipper View
2025,9,Sep,202509,Q3,2025-09-01,@@|TCO009,@@,Unassigned Sub-Parent,Yes,TCO009,Transfer Co Operations,Whippany,NJ,07981,GROUND,Ground,Ground,Deferred,Domestic,Yes,502,1,19,20,482,SAMPLE_2025_09_TnT.xlsx,Shipper View
2025,9,Sep,202509,Q3,2025-09-01,@@|TCO009,@@,Unassigned Sub-Parent,Yes,TCO009,Transfer Co Operations,Whippany,NJ,07981,THREE DAY SELECT,3 Day Select,3DS,Deferred,Domestic,Yes,6,0,0,0,6,SAMPLE_2025_09_TnT.xlsx,Shipper View
2025,9,Sep,202509,Q3,2025-09-01,@@|TCO009,@@,Unassigned Sub-Parent,Yes,TCO009,Transfer Co Operations,Whippany,NJ,07981,SECOND DAY AIR,2nd Day Air / Expedited,2DA,Expedited,Domestic,Yes,61,0,1,1,60,SAMPLE_2025_09_TnT.xlsx,Shipper View
2025,9,Sep,202509,Q3,2025-09-01,@@|TCO009,@@,Unassigned Sub-Parent,Yes,TCO009,Transfer Co Operations,Whippany,NJ,07981,SECOND DAY EARLY AM,2nd Day Air Early A.M.,2DA AM,Expedited,Domestic,Yes,2,0,0,0,2,SAMPLE_2025_09_TnT.xlsx,Shipper View
2025,9,Sep,202509,Q3,2025-09-01,@@|TCO009,@@,Unassigned Sub-Parent,Yes,TCO009,Transfer Co Operations,Whippany,NJ,07981,NEXT DAY AIR SAVER,Next Day Air Saver,NDA Saver,Premium,Domestic,Yes,27,0,1,1,26,SAMPLE_2025_09_TnT.xlsx,Shipper View
2025,9,Sep,202509,Q3,2025-09-01,@@|TCO009,@@,Unassigned Sub-Parent,Yes,TCO009,Transfer Co Operations,Whippany,NJ,07981,NEXT DAY AIR,Next Day Air / Express,NDA,Premium,Domestic,Yes,91,0,3,3,88,SAMPLE_2025_09_TnT.xlsx,Shipper View
2025,10,Oct,202510,Q4,2025-10-01,0009100011|TCH001,0009100011,Technology Operations,No,TCH001,Technology Operations - Central,Columbus,OH,43004,GROUND,Ground,Ground,Deferred,Domestic,Yes,16486,15,677,692,15794,SAMPLE_2025_10_TnT.xlsx,Shipper View
2025,10,Oct,202510,Q4,2025-10-01,0009100011|TCH001,0009100011,Technology Operations,No,TCH001,Technology Operations - Central,Columbus,OH,43004,THREE DAY SELECT,3 Day Select,3DS,Deferred,Domestic,Yes,254,0,1,1,253,SAMPLE_2025_10_TnT.xlsx,Shipper View
2025,10,Oct,202510,Q4,2025-10-01,0009100011|TCH001,0009100011,Technology Operations,No,TCH001,Technology Operations - Central,Columbus,OH,43004,SECOND DAY AIR,2nd Day Air / Expedited,2DA,Expedited,Domestic,Yes,1988,0,39,39,1949,SAMPLE_2025_10_TnT.xlsx,Shipper View
2025,10,Oct,202510,Q4,2025-10-01,0009100011|TCH001,0009100011,Technology Operations,No,TCH001,Technology Operations - Central,Columbus,OH,43004,SECOND DAY EARLY AM,2nd Day Air Early A.M.,2DA AM,Expedited,Domestic,Yes,107,0,2,2,105,SAMPLE_2025_10_TnT.xlsx,Shipper View
2025,10,Oct,202510,Q4,2025-10-01,0009100011|TCH001,0009100011,Technology Operations,No,TCH001,Technology Operations - Central,Columbus,OH,43004,NEXT DAY AIR SAVER,Next Day Air Saver,NDA Saver,Premium,Domestic,Yes,971,2,24,26,945,SAMPLE_2025_10_TnT.xlsx,Shipper View
2025,10,Oct,202510,Q4,2025-10-01,0009100011|TCH001,0009100011,Technology Operations,No,TCH001,Technology Operations - Central,Columbus,OH,43004,NEXT DAY AIR,Next Day Air / Express,NDA,Premium,Domestic,Yes,3895,13,120,133,3762,SAMPLE_2025_10_TnT.xlsx,Shipper View
2025,10,Oct,202510,Q4,2025-10-01,0009100011|TCH001,0009100011,Technology Operations,No,TCH001,Technology Operations - Central,Columbus,OH,43004,UPS EXPRESS EARLY,Next Day Air Early,NDA Early,Premium,Domestic,Yes,17,0,0,0,17,SAMPLE_2025_10_TnT.xlsx,Shipper View
2025,10,Oct,202510,Q4,2025-10-01,0009100011|TCH001,0009100011,Technology Operations,No,TCH001,Technology Operations - Central,Columbus,OH,43004,INTERNATIONAL EXPRESS,International Express,Intl Express,Premium,International,Yes,16,0,1,1,15,SAMPLE_2025_10_TnT.xlsx,Shipper View
2025,10,Oct,202510,Q4,2025-10-01,0009100011|TCH001,0009100011,Technology Operations,No,TCH001,Technology Operations - Central,Columbus,OH,43004,INTERNATIONAL EXPRESS SAVER,International Express Saver,Intl Saver,Premium,International,Yes,11,0,0,0,11,SAMPLE_2025_10_TnT.xlsx,Shipper View
2025,10,Oct,202510,Q4,2025-10-01,0009100011|TCH001,0009100011,Technology Operations,No,TCH001,Technology Operations - Central,Columbus,OH,43004,INTERNATIONAL EXPEDITED,International Expedited,Intl Expedited,Expedited,International,Yes,5,0,0,0,5,SAMPLE_2025_10_TnT.xlsx,Shipper View
2025,10,Oct,202510,Q4,2025-10-01,0009100012|MAI002,0009100012,Mail Services,No,MAI002,Mail Services - Regional,Kansas City,MO,64108,GROUND,Ground,Ground,Deferred,Domestic,Yes,3788,2,156,158,3630,SAMPLE_2025_10_TnT.xlsx,Shipper View
2025,10,Oct,202510,Q4,2025-10-01,0009100012|MAI002,0009100012,Mail Services,No,MAI002,Mail Services - Regional,Kansas City,MO,64108,THREE DAY SELECT,3 Day Select,3DS,Deferred,Domestic,Yes,48,0,0,0,48,SAMPLE_2025_10_TnT.xlsx,Shipper View
2025,10,Oct,202510,Q4,2025-10-01,0009100012|MAI002,0009100012,Mail Services,No,MAI002,Mail Services - Regional,Kansas City,MO,64108,SECOND DAY AIR,2nd Day Air / Expedited,2DA,Expedited,Domestic,Yes,364,0,7,7,357,SAMPLE_2025_10_TnT.xlsx,Shipper View
2025,10,Oct,202510,Q4,2025-10-01,0009100012|MAI002,0009100012,Mail Services,No,MAI002,Mail Services - Regional,Kansas City,MO,64108,SECOND DAY EARLY AM,2nd Day Air Early A.M.,2DA AM,Expedited,Domestic,Yes,16,0,0,0,16,SAMPLE_2025_10_TnT.xlsx,Shipper View
2025,10,Oct,202510,Q4,2025-10-01,0009100012|MAI002,0009100012,Mail Services,No,MAI002,Mail Services - Regional,Kansas City,MO,64108,NEXT DAY AIR SAVER,Next Day Air Saver,NDA Saver,Premium,Domestic,Yes,198,0,4,4,194,SAMPLE_2025_10_TnT.xlsx,Shipper View
2025,10,Oct,202510,Q4,2025-10-01,0009100012|MAI002,0009100012,Mail Services,No,MAI002,Mail Services - Regional,Kansas City,MO,64108,NEXT DAY AIR,Next Day Air / Express,NDA,Premium,Domestic,Yes,588,0,18,18,570,SAMPLE_2025_10_TnT.xlsx,Shipper View
2025,10,Oct,202510,Q4,2025-10-01,0009100012|MAI002,0009100012,Mail Services,No,MAI002,Mail Services - Regional,Kansas City,MO,64108,UPS EXPRESS EARLY,Next Day Air Early,NDA Early,Premium,Domestic,Yes,2,0,0,0,2,SAMPLE_2025_10_TnT.xlsx,Shipper View
2025,10,Oct,202510,Q4,2025-10-01,0009100012|MAI002,0009100012,Mail Services,No,MAI002,Mail Services - Regional,Kansas City,MO,64108,INTERNATIONAL EXPRESS,International Express,Intl Express,Premium,International,Yes,2,0,0,0,2,SAMPLE_2025_10_TnT.xlsx,Shipper View
2025,10,Oct,202510,Q4,2025-10-01,0009100012|MAI002,0009100012,Mail Services,No,MAI002,Mail Services - Regional,Kansas City,MO,64108,INTERNATIONAL EXPRESS SAVER,International Express Saver,Intl Saver,Premium,International,Yes,1,0,0,0,1,SAMPLE_2025_10_TnT.xlsx,Shipper View
2025,10,Oct,202510,Q4,2025-10-01,0009100013|VEN003,0009100013,Vendor Programs,No,VEN003,Vendor Programs - Print,Aurora,IL,60502,GROUND,Ground,Ground,Deferred,Domestic,Yes,5417,15,211,226,5191,SAMPLE_2025_10_TnT.xlsx,Shipper View
2025,10,Oct,202510,Q4,2025-10-01,0009100013|VEN003,0009100013,Vendor Programs,No,VEN003,Vendor Programs - Print,Aurora,IL,60502,THREE DAY SELECT,3 Day Select,3DS,Deferred,Domestic,Yes,82,0,0,0,82,SAMPLE_2025_10_TnT.xlsx,Shipper View
2025,10,Oct,202510,Q4,2025-10-01,0009100013|VEN003,0009100013,Vendor Programs,No,VEN003,Vendor Programs - Print,Aurora,IL,60502,SECOND DAY AIR,2nd Day Air / Expedited,2DA,Expedited,Domestic,Yes,697,1,10,11,686,SAMPLE_2025_10_TnT.xlsx,Shipper View
2025,10,Oct,202510,Q4,2025-10-01,0009100013|VEN003,0009100013,Vendor Programs,No,VEN003,Vendor Programs - Print,Aurora,IL,60502,SECOND DAY EARLY AM,2nd Day Air Early A.M.,2DA AM,Expedited,Domestic,Yes,24,0,1,1,23,SAMPLE_2025_10_TnT.xlsx,Shipper View
2025,10,Oct,202510,Q4,2025-10-01,0009100013|VEN003,0009100013,Vendor Programs,No,VEN003,Vendor Programs - Print,Aurora,IL,60502,NEXT DAY AIR SAVER,Next Day Air Saver,NDA Saver,Premium,Domestic,Yes,219,0,5,5,214,SAMPLE_2025_10_TnT.xlsx,Shipper View
2025,10,Oct,202510,Q4,2025-10-01,0009100013|VEN003,0009100013,Vendor Programs,No,VEN003,Vendor Programs - Print,Aurora,IL,60502,NEXT DAY AIR,Next Day Air / Express,NDA,Premium,Domestic,Yes,760,0,26,26,734,SAMPLE_2025_10_TnT.xlsx,Shipper View
2025,10,Oct,202510,Q4,2025-10-01,0009100013|VEN003,0009100013,Vendor Programs,No,VEN003,Vendor Programs - Print,Aurora,IL,60502,UPS EXPRESS EARLY,Next Day Air Early,NDA Early,Premium,Domestic,Yes,3,0,0,0,3,SAMPLE_2025_10_TnT.xlsx,Shipper View
2025,10,Oct,202510,Q4,2025-10-01,0009100013|VEN003,0009100013,Vendor Programs,No,VEN003,Vendor Programs - Print,Aurora,IL,60502,INTERNATIONAL EXPRESS,International Express,Intl Express,Premium,International,Yes,3,0,0,0,3,SAMPLE_2025_10_TnT.xlsx,Shipper View
2025,10,Oct,202510,Q4,2025-10-01,0009100013|VEN003,0009100013,Vendor Programs,No,VEN003,Vendor Programs - Print,Aurora,IL,60502,INTERNATIONAL EXPRESS SAVER,International Express Saver,Intl Saver,Premium,International,Yes,2,0,0,0,2,SAMPLE_2025_10_TnT.xlsx,Shipper View
2025,10,Oct,202510,Q4,2025-10-01,0009100013|VEN004,0009100013,Vendor Programs,No,VEN004,Vendor Programs - Fulfilment,Aurora,IL,60502,GROUND,Ground,Ground,Deferred,Domestic,Yes,3840,15,127,142,3698,SAMPLE_2025_10_TnT.xlsx,Shipper View
2025,10,Oct,202510,Q4,2025-10-01,0009100013|VEN004,0009100013,Vendor Programs,No,VEN004,Vendor Programs - Fulfilment,Aurora,IL,60502,THREE DAY SELECT,3 Day Select,3DS,Deferred,Domestic,Yes,52,0,0,0,52,SAMPLE_2025_10_TnT.xlsx,Shipper View
2025,10,Oct,202510,Q4,2025-10-01,0009100013|VEN004,0009100013,Vendor Programs,No,VEN004,Vendor Programs - Fulfilment,Aurora,IL,60502,SECOND DAY AIR,2nd Day Air / Expedited,2DA,Expedited,Domestic,Yes,462,0,9,9,453,SAMPLE_2025_10_TnT.xlsx,Shipper View
2025,10,Oct,202510,Q4,2025-10-01,0009100013|VEN004,0009100013,Vendor Programs,No,VEN004,Vendor Programs - Fulfilment,Aurora,IL,60502,SECOND DAY EARLY AM,2nd Day Air Early A.M.,2DA AM,Expedited,Domestic,Yes,20,0,0,0,20,SAMPLE_2025_10_TnT.xlsx,Shipper View
2025,10,Oct,202510,Q4,2025-10-01,0009100013|VEN004,0009100013,Vendor Programs,No,VEN004,Vendor Programs - Fulfilment,Aurora,IL,60502,NEXT DAY AIR SAVER,Next Day Air Saver,NDA Saver,Premium,Domestic,Yes,197,0,4,4,193,SAMPLE_2025_10_TnT.xlsx,Shipper View
2025,10,Oct,202510,Q4,2025-10-01,0009100013|VEN004,0009100013,Vendor Programs,No,VEN004,Vendor Programs - Fulfilment,Aurora,IL,60502,NEXT DAY AIR,Next Day Air / Express,NDA,Premium,Domestic,Yes,768,0,25,25,743,SAMPLE_2025_10_TnT.xlsx,Shipper View
2025,10,Oct,202510,Q4,2025-10-01,0009100013|VEN004,0009100013,Vendor Programs,No,VEN004,Vendor Programs - Fulfilment,Aurora,IL,60502,UPS EXPRESS EARLY,Next Day Air Early,NDA Early,Premium,Domestic,Yes,2,0,0,0,2,SAMPLE_2025_10_TnT.xlsx,Shipper View
2025,10,Oct,202510,Q4,2025-10-01,0009100013|VEN004,0009100013,Vendor Programs,No,VEN004,Vendor Programs - Fulfilment,Aurora,IL,60502,INTERNATIONAL EXPRESS,International Express,Intl Express,Premium,International,Yes,2,0,0,0,2,SAMPLE_2025_10_TnT.xlsx,Shipper View
2025,10,Oct,202510,Q4,2025-10-01,0009100013|VEN004,0009100013,Vendor Programs,No,VEN004,Vendor Programs - Fulfilment,Aurora,IL,60502,INTERNATIONAL EXPRESS SAVER,International Express Saver,Intl Saver,Premium,International,Yes,2,0,0,0,2,SAMPLE_2025_10_TnT.xlsx,Shipper View
2025,10,Oct,202510,Q4,2025-10-01,0009100014|FLD005,0009100014,Field Administration,No,FLD005,Field Administration - North,Madison,WI,53703,GROUND,Ground,Ground,Deferred,Domestic,Yes,7331,29,237,266,7065,SAMPLE_2025_10_TnT.xlsx,Shipper View
2025,10,Oct,202510,Q4,2025-10-01,0009100014|FLD005,0009100014,Field Administration,No,FLD005,Field Administration - North,Madison,WI,53703,THREE DAY SELECT,3 Day Select,3DS,Deferred,Domestic,Yes,89,0,0,0,89,SAMPLE_2025_10_TnT.xlsx,Shipper View
2025,10,Oct,202510,Q4,2025-10-01,0009100014|FLD005,0009100014,Field Administration,No,FLD005,Field Administration - North,Madison,WI,53703,SECOND DAY AIR,2nd Day Air / Expedited,2DA,Expedited,Domestic,Yes,1001,1,15,16,985,SAMPLE_2025_10_TnT.xlsx,Shipper View
2025,10,Oct,202510,Q4,2025-10-01,0009100014|FLD005,0009100014,Field Administration,No,FLD005,Field Administration - North,Madison,WI,53703,SECOND DAY EARLY AM,2nd Day Air Early A.M.,2DA AM,Expedited,Domestic,Yes,31,0,1,1,30,SAMPLE_2025_10_TnT.xlsx,Shipper View
2025,10,Oct,202510,Q4,2025-10-01,0009100014|FLD005,0009100014,Field Administration,No,FLD005,Field Administration - North,Madison,WI,53703,NEXT DAY AIR SAVER,Next Day Air Saver,NDA Saver,Premium,Domestic,Yes,313,0,8,8,305,SAMPLE_2025_10_TnT.xlsx,Shipper View
2025,10,Oct,202510,Q4,2025-10-01,0009100014|FLD005,0009100014,Field Administration,No,FLD005,Field Administration - North,Madison,WI,53703,NEXT DAY AIR,Next Day Air / Express,NDA,Premium,Domestic,Yes,1541,5,47,52,1489,SAMPLE_2025_10_TnT.xlsx,Shipper View
2025,10,Oct,202510,Q4,2025-10-01,0009100014|FLD005,0009100014,Field Administration,No,FLD005,Field Administration - North,Madison,WI,53703,UPS EXPRESS EARLY,Next Day Air Early,NDA Early,Premium,Domestic,Yes,4,0,0,0,4,SAMPLE_2025_10_TnT.xlsx,Shipper View
2025,10,Oct,202510,Q4,2025-10-01,0009100014|FLD005,0009100014,Field Administration,No,FLD005,Field Administration - North,Madison,WI,53703,INTERNATIONAL EXPRESS,International Express,Intl Express,Premium,International,Yes,5,0,0,0,5,SAMPLE_2025_10_TnT.xlsx,Shipper View
2025,10,Oct,202510,Q4,2025-10-01,0009100014|FLD005,0009100014,Field Administration,No,FLD005,Field Administration - North,Madison,WI,53703,INTERNATIONAL EXPRESS SAVER,International Express Saver,Intl Saver,Premium,International,Yes,4,0,0,0,4,SAMPLE_2025_10_TnT.xlsx,Shipper View
2025,10,Oct,202510,Q4,2025-10-01,0009100015|HQX006,0009100015,Corporate HQ,No,HQX006,Corporate HQ - Facilities,Columbus,OH,43004,GROUND,Ground,Ground,Deferred,Domestic,Yes,1930,2,78,80,1850,SAMPLE_2025_10_TnT.xlsx,Shipper View
2025,10,Oct,202510,Q4,2025-10-01,0009100015|HQX006,0009100015,Corporate HQ,No,HQX006,Corporate HQ - Facilities,Columbus,OH,43004,THREE DAY SELECT,3 Day Select,3DS,Deferred,Domestic,Yes,34,0,0,0,34,SAMPLE_2025_10_TnT.xlsx,Shipper View
2025,10,Oct,202510,Q4,2025-10-01,0009100015|HQX006,0009100015,Corporate HQ,No,HQX006,Corporate HQ - Facilities,Columbus,OH,43004,SECOND DAY AIR,2nd Day Air / Expedited,2DA,Expedited,Domestic,Yes,267,0,5,5,262,SAMPLE_2025_10_TnT.xlsx,Shipper View
2025,10,Oct,202510,Q4,2025-10-01,0009100015|HQX006,0009100015,Corporate HQ,No,HQX006,Corporate HQ - Facilities,Columbus,OH,43004,SECOND DAY EARLY AM,2nd Day Air Early A.M.,2DA AM,Expedited,Domestic,Yes,13,0,0,0,13,SAMPLE_2025_10_TnT.xlsx,Shipper View
2025,10,Oct,202510,Q4,2025-10-01,0009100015|HQX006,0009100015,Corporate HQ,No,HQX006,Corporate HQ - Facilities,Columbus,OH,43004,NEXT DAY AIR SAVER,Next Day Air Saver,NDA Saver,Premium,Domestic,Yes,132,0,3,3,129,SAMPLE_2025_10_TnT.xlsx,Shipper View
2025,10,Oct,202510,Q4,2025-10-01,0009100015|HQX006,0009100015,Corporate HQ,No,HQX006,Corporate HQ - Facilities,Columbus,OH,43004,NEXT DAY AIR,Next Day Air / Express,NDA,Premium,Domestic,Yes,419,0,13,13,406,SAMPLE_2025_10_TnT.xlsx,Shipper View
2025,10,Oct,202510,Q4,2025-10-01,0009100015|HQX006,0009100015,Corporate HQ,No,HQX006,Corporate HQ - Facilities,Columbus,OH,43004,UPS EXPRESS EARLY,Next Day Air Early,NDA Early,Premium,Domestic,Yes,1,0,0,0,1,SAMPLE_2025_10_TnT.xlsx,Shipper View
2025,10,Oct,202510,Q4,2025-10-01,0009100015|HQX006,0009100015,Corporate HQ,No,HQX006,Corporate HQ - Facilities,Columbus,OH,43004,INTERNATIONAL EXPRESS,International Express,Intl Express,Premium,International,Yes,1,0,0,0,1,SAMPLE_2025_10_TnT.xlsx,Shipper View
2025,10,Oct,202510,Q4,2025-10-01,0009100016|RTL007,0009100016,Retail Partner Network,No,RTL007,Retail Partner Network - Stores,Phoenix,AZ,85004,GROUND,Ground,Ground,Deferred,Domestic,Yes,9811,8,348,356,9455,SAMPLE_2025_10_TnT.xlsx,Shipper View
2025,10,Oct,202510,Q4,2025-10-01,0009100016|RTL007,0009100016,Retail Partner Network,No,RTL007,Retail Partner Network - Stores,Phoenix,AZ,85004,THREE DAY SELECT,3 Day Select,3DS,Deferred,Domestic,Yes,152,0,1,1,151,SAMPLE_2025_10_TnT.xlsx,Shipper View
2025,10,Oct,202510,Q4,2025-10-01,0009100016|RTL007,0009100016,Retail Partner Network,No,RTL007,Retail Partner Network - Stores,Phoenix,AZ,85004,SECOND DAY AIR,2nd Day Air / Expedited,2DA,Expedited,Domestic,Yes,1246,0,19,19,1227,SAMPLE_2025_10_TnT.xlsx,Shipper View
2025,10,Oct,202510,Q4,2025-10-01,0009100016|RTL007,0009100016,Retail Partner Network,No,RTL007,Retail Partner Network - Stores,Phoenix,AZ,85004,SECOND DAY EARLY AM,2nd Day Air Early A.M.,2DA AM,Expedited,Domestic,Yes,52,0,1,1,51,SAMPLE_2025_10_TnT.xlsx,Shipper View
2025,10,Oct,202510,Q4,2025-10-01,0009100016|RTL007,0009100016,Retail Partner Network,No,RTL007,Retail Partner Network - Stores,Phoenix,AZ,85004,NEXT DAY AIR SAVER,Next Day Air Saver,NDA Saver,Premium,Domestic,Yes,461,1,12,13,448,SAMPLE_2025_10_TnT.xlsx,Shipper View
2025,10,Oct,202510,Q4,2025-10-01,0009100016|RTL007,0009100016,Retail Partner Network,No,RTL007,Retail Partner Network - Stores,Phoenix,AZ,85004,NEXT DAY AIR,Next Day Air / Express,NDA,Premium,Domestic,Yes,1728,6,54,60,1668,SAMPLE_2025_10_TnT.xlsx,Shipper View
2025,10,Oct,202510,Q4,2025-10-01,0009100016|RTL007,0009100016,Retail Partner Network,No,RTL007,Retail Partner Network - Stores,Phoenix,AZ,85004,UPS EXPRESS EARLY,Next Day Air Early,NDA Early,Premium,Domestic,Yes,9,0,0,0,9,SAMPLE_2025_10_TnT.xlsx,Shipper View
2025,10,Oct,202510,Q4,2025-10-01,0009100016|RTL007,0009100016,Retail Partner Network,No,RTL007,Retail Partner Network - Stores,Phoenix,AZ,85004,INTERNATIONAL EXPRESS,International Express,Intl Express,Premium,International,Yes,9,0,0,0,9,SAMPLE_2025_10_TnT.xlsx,Shipper View
2025,10,Oct,202510,Q4,2025-10-01,0009100016|RTL007,0009100016,Retail Partner Network,No,RTL007,Retail Partner Network - Stores,Phoenix,AZ,85004,INTERNATIONAL EXPRESS SAVER,International Express Saver,Intl Saver,Premium,International,Yes,4,0,0,0,4,SAMPLE_2025_10_TnT.xlsx,Shipper View
2025,10,Oct,202510,Q4,2025-10-01,0009100016|RTL007,0009100016,Retail Partner Network,No,RTL007,Retail Partner Network - Stores,Phoenix,AZ,85004,INTERNATIONAL EXPEDITED,International Expedited,Intl Expedited,Expedited,International,Yes,2,0,0,0,2,SAMPLE_2025_10_TnT.xlsx,Shipper View
2025,10,Oct,202510,Q4,2025-10-01,0009100017|CSH008,0009100017,Cash Operations,No,CSH008,Cash Operations - Processing,Newark,NJ,07102,GROUND,Ground,Ground,Deferred,Domestic,Yes,4542,14,167,181,4361,SAMPLE_2025_10_TnT.xlsx,Shipper View
2025,10,Oct,202510,Q4,2025-10-01,0009100017|CSH008,0009100017,Cash Operations,No,CSH008,Cash Operations - Processing,Newark,NJ,07102,THREE DAY SELECT,3 Day Select,3DS,Deferred,Domestic,Yes,44,0,0,0,44,SAMPLE_2025_10_TnT.xlsx,Shipper View
2025,10,Oct,202510,Q4,2025-10-01,0009100017|CSH008,0009100017,Cash Operations,No,CSH008,Cash Operations - Processing,Newark,NJ,07102,SECOND DAY AIR,2nd Day Air / Expedited,2DA,Expedited,Domestic,Yes,440,0,9,9,431,SAMPLE_2025_10_TnT.xlsx,Shipper View
2025,10,Oct,202510,Q4,2025-10-01,0009100017|CSH008,0009100017,Cash Operations,No,CSH008,Cash Operations - Processing,Newark,NJ,07102,SECOND DAY EARLY AM,2nd Day Air Early A.M.,2DA AM,Expedited,Domestic,Yes,21,0,0,0,21,SAMPLE_2025_10_TnT.xlsx,Shipper View
2025,10,Oct,202510,Q4,2025-10-01,0009100017|CSH008,0009100017,Cash Operations,No,CSH008,Cash Operations - Processing,Newark,NJ,07102,NEXT DAY AIR SAVER,Next Day Air Saver,NDA Saver,Premium,Domestic,Yes,175,0,4,4,171,SAMPLE_2025_10_TnT.xlsx,Shipper View
2025,10,Oct,202510,Q4,2025-10-01,0009100017|CSH008,0009100017,Cash Operations,No,CSH008,Cash Operations - Processing,Newark,NJ,07102,NEXT DAY AIR,Next Day Air / Express,NDA,Premium,Domestic,Yes,652,0,20,20,632,SAMPLE_2025_10_TnT.xlsx,Shipper View
2025,10,Oct,202510,Q4,2025-10-01,0009100017|CSH008,0009100017,Cash Operations,No,CSH008,Cash Operations - Processing,Newark,NJ,07102,UPS EXPRESS EARLY,Next Day Air Early,NDA Early,Premium,Domestic,Yes,1,0,0,0,1,SAMPLE_2025_10_TnT.xlsx,Shipper View
2025,10,Oct,202510,Q4,2025-10-01,0009100017|CSH008,0009100017,Cash Operations,No,CSH008,Cash Operations - Processing,Newark,NJ,07102,INTERNATIONAL EXPRESS,International Express,Intl Express,Premium,International,Yes,3,0,0,0,3,SAMPLE_2025_10_TnT.xlsx,Shipper View
2025,10,Oct,202510,Q4,2025-10-01,0009100017|CSH008,0009100017,Cash Operations,No,CSH008,Cash Operations - Processing,Newark,NJ,07102,INTERNATIONAL EXPRESS SAVER,International Express Saver,Intl Saver,Premium,International,Yes,2,0,0,0,2,SAMPLE_2025_10_TnT.xlsx,Shipper View
2025,10,Oct,202510,Q4,2025-10-01,@@|TCO009,@@,Unassigned Sub-Parent,Yes,TCO009,Transfer Co Operations,Whippany,NJ,07981,GROUND,Ground,Ground,Deferred,Domestic,Yes,678,2,23,25,653,SAMPLE_2025_10_TnT.xlsx,Shipper View
2025,10,Oct,202510,Q4,2025-10-01,@@|TCO009,@@,Unassigned Sub-Parent,Yes,TCO009,Transfer Co Operations,Whippany,NJ,07981,THREE DAY SELECT,3 Day Select,3DS,Deferred,Domestic,Yes,8,0,0,0,8,SAMPLE_2025_10_TnT.xlsx,Shipper View
2025,10,Oct,202510,Q4,2025-10-01,@@|TCO009,@@,Unassigned Sub-Parent,Yes,TCO009,Transfer Co Operations,Whippany,NJ,07981,SECOND DAY AIR,2nd Day Air / Expedited,2DA,Expedited,Domestic,Yes,64,0,1,1,63,SAMPLE_2025_10_TnT.xlsx,Shipper View
2025,10,Oct,202510,Q4,2025-10-01,@@|TCO009,@@,Unassigned Sub-Parent,Yes,TCO009,Transfer Co Operations,Whippany,NJ,07981,SECOND DAY EARLY AM,2nd Day Air Early A.M.,2DA AM,Expedited,Domestic,Yes,2,0,0,0,2,SAMPLE_2025_10_TnT.xlsx,Shipper View
2025,10,Oct,202510,Q4,2025-10-01,@@|TCO009,@@,Unassigned Sub-Parent,Yes,TCO009,Transfer Co Operations,Whippany,NJ,07981,NEXT DAY AIR SAVER,Next Day Air Saver,NDA Saver,Premium,Domestic,Yes,24,0,1,1,23,SAMPLE_2025_10_TnT.xlsx,Shipper View
2025,10,Oct,202510,Q4,2025-10-01,@@|TCO009,@@,Unassigned Sub-Parent,Yes,TCO009,Transfer Co Operations,Whippany,NJ,07981,NEXT DAY AIR,Next Day Air / Express,NDA,Premium,Domestic,Yes,85,0,3,3,82,SAMPLE_2025_10_TnT.xlsx,Shipper View
2025,11,Nov,202511,Q4,2025-11-01,0009100011|TCH001,0009100011,Technology Operations,No,TCH001,Technology Operations - Central,Columbus,OH,43004,GROUND,Ground,Ground,Deferred,Domestic,Yes,16721,1,1048,1049,15672,SAMPLE_2025_11_TnT.xlsx,Shipper View
2025,11,Nov,202511,Q4,2025-11-01,0009100011|TCH001,0009100011,Technology Operations,No,TCH001,Technology Operations - Central,Columbus,OH,43004,THREE DAY SELECT,3 Day Select,3DS,Deferred,Domestic,Yes,330,0,1,1,329,SAMPLE_2025_11_TnT.xlsx,Shipper View
2025,11,Nov,202511,Q4,2025-11-01,0009100011|TCH001,0009100011,Technology Operations,No,TCH001,Technology Operations - Central,Columbus,OH,43004,SECOND DAY AIR,2nd Day Air / Expedited,2DA,Expedited,Domestic,Yes,2832,3,44,47,2785,SAMPLE_2025_11_TnT.xlsx,Shipper View
2025,11,Nov,202511,Q4,2025-11-01,0009100011|TCH001,0009100011,Technology Operations,No,TCH001,Technology Operations - Central,Columbus,OH,43004,SECOND DAY EARLY AM,2nd Day Air Early A.M.,2DA AM,Expedited,Domestic,Yes,137,0,3,3,134,SAMPLE_2025_11_TnT.xlsx,Shipper View
2025,11,Nov,202511,Q4,2025-11-01,0009100011|TCH001,0009100011,Technology Operations,No,TCH001,Technology Operations - Central,Columbus,OH,43004,NEXT DAY AIR SAVER,Next Day Air Saver,NDA Saver,Premium,Domestic,Yes,928,1,19,20,908,SAMPLE_2025_11_TnT.xlsx,Shipper View
2025,11,Nov,202511,Q4,2025-11-01,0009100011|TCH001,0009100011,Technology Operations,No,TCH001,Technology Operations - Central,Columbus,OH,43004,NEXT DAY AIR,Next Day Air / Express,NDA,Premium,Domestic,Yes,3936,13,104,117,3819,SAMPLE_2025_11_TnT.xlsx,Shipper View
2025,11,Nov,202511,Q4,2025-11-01,0009100011|TCH001,0009100011,Technology Operations,No,TCH001,Technology Operations - Central,Columbus,OH,43004,UPS EXPRESS EARLY,Next Day Air Early,NDA Early,Premium,Domestic,Yes,13,0,0,0,13,SAMPLE_2025_11_TnT.xlsx,Shipper View
2025,11,Nov,202511,Q4,2025-11-01,0009100011|TCH001,0009100011,Technology Operations,No,TCH001,Technology Operations - Central,Columbus,OH,43004,INTERNATIONAL EXPRESS,International Express,Intl Express,Premium,International,Yes,20,0,1,1,19,SAMPLE_2025_11_TnT.xlsx,Shipper View
2025,11,Nov,202511,Q4,2025-11-01,0009100011|TCH001,0009100011,Technology Operations,No,TCH001,Technology Operations - Central,Columbus,OH,43004,INTERNATIONAL EXPRESS SAVER,International Express Saver,Intl Saver,Premium,International,Yes,14,0,0,0,14,SAMPLE_2025_11_TnT.xlsx,Shipper View
2025,11,Nov,202511,Q4,2025-11-01,0009100011|TCH001,0009100011,Technology Operations,No,TCH001,Technology Operations - Central,Columbus,OH,43004,INTERNATIONAL EXPEDITED,International Expedited,Intl Expedited,Expedited,International,Yes,5,0,0,0,5,SAMPLE_2025_11_TnT.xlsx,Shipper View
2025,11,Nov,202511,Q4,2025-11-01,0009100012|MAI002,0009100012,Mail Services,No,MAI002,Mail Services - Regional,Kansas City,MO,64108,GROUND,Ground,Ground,Deferred,Domestic,Yes,4243,15,257,272,3971,SAMPLE_2025_11_TnT.xlsx,Shipper View
2025,11,Nov,202511,Q4,2025-11-01,0009100012|MAI002,0009100012,Mail Services,No,MAI002,Mail Services - Regional,Kansas City,MO,64108,THREE DAY SELECT,3 Day Select,3DS,Deferred,Domestic,Yes,45,0,0,0,45,SAMPLE_2025_11_TnT.xlsx,Shipper View
2025,11,Nov,202511,Q4,2025-11-01,0009100012|MAI002,0009100012,Mail Services,No,MAI002,Mail Services - Regional,Kansas City,MO,64108,SECOND DAY AIR,2nd Day Air / Expedited,2DA,Expedited,Domestic,Yes,492,0,8,8,484,SAMPLE_2025_11_TnT.xlsx,Shipper View
2025,11,Nov,202511,Q4,2025-11-01,0009100012|MAI002,0009100012,Mail Services,No,MAI002,Mail Services - Regional,Kansas City,MO,64108,SECOND DAY EARLY AM,2nd Day Air Early A.M.,2DA AM,Expedited,Domestic,Yes,21,0,0,0,21,SAMPLE_2025_11_TnT.xlsx,Shipper View
2025,11,Nov,202511,Q4,2025-11-01,0009100012|MAI002,0009100012,Mail Services,No,MAI002,Mail Services - Regional,Kansas City,MO,64108,NEXT DAY AIR SAVER,Next Day Air Saver,NDA Saver,Premium,Domestic,Yes,195,0,5,5,190,SAMPLE_2025_11_TnT.xlsx,Shipper View
2025,11,Nov,202511,Q4,2025-11-01,0009100012|MAI002,0009100012,Mail Services,No,MAI002,Mail Services - Regional,Kansas City,MO,64108,NEXT DAY AIR,Next Day Air / Express,NDA,Premium,Domestic,Yes,627,1,19,20,607,SAMPLE_2025_11_TnT.xlsx,Shipper View
2025,11,Nov,202511,Q4,2025-11-01,0009100012|MAI002,0009100012,Mail Services,No,MAI002,Mail Services - Regional,Kansas City,MO,64108,UPS EXPRESS EARLY,Next Day Air Early,NDA Early,Premium,Domestic,Yes,1,0,0,0,1,SAMPLE_2025_11_TnT.xlsx,Shipper View
2025,11,Nov,202511,Q4,2025-11-01,0009100012|MAI002,0009100012,Mail Services,No,MAI002,Mail Services - Regional,Kansas City,MO,64108,INTERNATIONAL EXPRESS,International Express,Intl Express,Premium,International,Yes,2,0,0,0,2,SAMPLE_2025_11_TnT.xlsx,Shipper View
2025,11,Nov,202511,Q4,2025-11-01,0009100012|MAI002,0009100012,Mail Services,No,MAI002,Mail Services - Regional,Kansas City,MO,64108,INTERNATIONAL EXPRESS SAVER,International Express Saver,Intl Saver,Premium,International,Yes,1,0,0,0,1,SAMPLE_2025_11_TnT.xlsx,Shipper View
2025,11,Nov,202511,Q4,2025-11-01,0009100013|VEN003,0009100013,Vendor Programs,No,VEN003,Vendor Programs - Print,Aurora,IL,60502,GROUND,Ground,Ground,Deferred,Domestic,Yes,4694,21,264,285,4409,SAMPLE_2025_11_TnT.xlsx,Shipper View
2025,11,Nov,202511,Q4,2025-11-01,0009100013|VEN003,0009100013,Vendor Programs,No,VEN003,Vendor Programs - Print,Aurora,IL,60502,THREE DAY SELECT,3 Day Select,3DS,Deferred,Domestic,Yes,76,0,0,0,76,SAMPLE_2025_11_TnT.xlsx,Shipper View
2025,11,Nov,202511,Q4,2025-11-01,0009100013|VEN003,0009100013,Vendor Programs,No,VEN003,Vendor Programs - Print,Aurora,IL,60502,SECOND DAY AIR,2nd Day Air / Expedited,2DA,Expedited,Domestic,Yes,631,1,9,10,621,SAMPLE_2025_11_TnT.xlsx,Shipper View
2025,11,Nov,202511,Q4,2025-11-01,0009100013|VEN003,0009100013,Vendor Programs,No,VEN003,Vendor Programs - Print,Aurora,IL,60502,SECOND DAY EARLY AM,2nd Day Air Early A.M.,2DA AM,Expedited,Domestic,Yes,32,0,1,1,31,SAMPLE_2025_11_TnT.xlsx,Shipper View
2025,11,Nov,202511,Q4,2025-11-01,0009100013|VEN003,0009100013,Vendor Programs,No,VEN003,Vendor Programs - Print,Aurora,IL,60502,NEXT DAY AIR SAVER,Next Day Air Saver,NDA Saver,Premium,Domestic,Yes,305,0,7,7,298,SAMPLE_2025_11_TnT.xlsx,Shipper View
2025,11,Nov,202511,Q4,2025-11-01,0009100013|VEN003,0009100013,Vendor Programs,No,VEN003,Vendor Programs - Print,Aurora,IL,60502,NEXT DAY AIR,Next Day Air / Express,NDA,Premium,Domestic,Yes,892,0,29,29,863,SAMPLE_2025_11_TnT.xlsx,Shipper View
2025,11,Nov,202511,Q4,2025-11-01,0009100013|VEN003,0009100013,Vendor Programs,No,VEN003,Vendor Programs - Print,Aurora,IL,60502,UPS EXPRESS EARLY,Next Day Air Early,NDA Early,Premium,Domestic,Yes,3,0,0,0,3,SAMPLE_2025_11_TnT.xlsx,Shipper View
2025,11,Nov,202511,Q4,2025-11-01,0009100013|VEN003,0009100013,Vendor Programs,No,VEN003,Vendor Programs - Print,Aurora,IL,60502,INTERNATIONAL EXPRESS,International Express,Intl Express,Premium,International,Yes,3,0,0,0,3,SAMPLE_2025_11_TnT.xlsx,Shipper View
2025,11,Nov,202511,Q4,2025-11-01,0009100013|VEN003,0009100013,Vendor Programs,No,VEN003,Vendor Programs - Print,Aurora,IL,60502,INTERNATIONAL EXPRESS SAVER,International Express Saver,Intl Saver,Premium,International,Yes,3,0,0,0,3,SAMPLE_2025_11_TnT.xlsx,Shipper View
2025,11,Nov,202511,Q4,2025-11-01,0009100013|VEN004,0009100013,Vendor Programs,No,VEN004,Vendor Programs - Fulfilment,Aurora,IL,60502,GROUND,Ground,Ground,Deferred,Domestic,Yes,3771,20,199,219,3552,SAMPLE_2025_11_TnT.xlsx,Shipper View
2025,11,Nov,202511,Q4,2025-11-01,0009100013|VEN004,0009100013,Vendor Programs,No,VEN004,Vendor Programs - Fulfilment,Aurora,IL,60502,THREE DAY SELECT,3 Day Select,3DS,Deferred,Domestic,Yes,62,0,1,1,61,SAMPLE_2025_11_TnT.xlsx,Shipper View
2025,11,Nov,202511,Q4,2025-11-01,0009100013|VEN004,0009100013,Vendor Programs,No,VEN004,Vendor Programs - Fulfilment,Aurora,IL,60502,SECOND DAY AIR,2nd Day Air / Expedited,2DA,Expedited,Domestic,Yes,518,0,9,9,509,SAMPLE_2025_11_TnT.xlsx,Shipper View
2025,11,Nov,202511,Q4,2025-11-01,0009100013|VEN004,0009100013,Vendor Programs,No,VEN004,Vendor Programs - Fulfilment,Aurora,IL,60502,SECOND DAY EARLY AM,2nd Day Air Early A.M.,2DA AM,Expedited,Domestic,Yes,23,0,0,0,23,SAMPLE_2025_11_TnT.xlsx,Shipper View
2025,11,Nov,202511,Q4,2025-11-01,0009100013|VEN004,0009100013,Vendor Programs,No,VEN004,Vendor Programs - Fulfilment,Aurora,IL,60502,NEXT DAY AIR SAVER,Next Day Air Saver,NDA Saver,Premium,Domestic,Yes,227,0,5,5,222,SAMPLE_2025_11_TnT.xlsx,Shipper View
2025,11,Nov,202511,Q4,2025-11-01,0009100013|VEN004,0009100013,Vendor Programs,No,VEN004,Vendor Programs - Fulfilment,Aurora,IL,60502,NEXT DAY AIR,Next Day Air / Express,NDA,Premium,Domestic,Yes,860,2,26,28,832,SAMPLE_2025_11_TnT.xlsx,Shipper View
2025,11,Nov,202511,Q4,2025-11-01,0009100013|VEN004,0009100013,Vendor Programs,No,VEN004,Vendor Programs - Fulfilment,Aurora,IL,60502,UPS EXPRESS EARLY,Next Day Air Early,NDA Early,Premium,Domestic,Yes,2,0,0,0,2,SAMPLE_2025_11_TnT.xlsx,Shipper View
2025,11,Nov,202511,Q4,2025-11-01,0009100013|VEN004,0009100013,Vendor Programs,No,VEN004,Vendor Programs - Fulfilment,Aurora,IL,60502,INTERNATIONAL EXPRESS,International Express,Intl Express,Premium,International,Yes,3,0,0,0,3,SAMPLE_2025_11_TnT.xlsx,Shipper View
2025,11,Nov,202511,Q4,2025-11-01,0009100013|VEN004,0009100013,Vendor Programs,No,VEN004,Vendor Programs - Fulfilment,Aurora,IL,60502,INTERNATIONAL EXPRESS SAVER,International Express Saver,Intl Saver,Premium,International,Yes,2,0,0,0,2,SAMPLE_2025_11_TnT.xlsx,Shipper View
2025,11,Nov,202511,Q4,2025-11-01,0009100014|FLD005,0009100014,Field Administration,No,FLD005,Field Administration - North,Madison,WI,53703,GROUND,Ground,Ground,Deferred,Domestic,Yes,7216,48,407,455,6761,SAMPLE_2025_11_TnT.xlsx,Shipper View
2025,11,Nov,202511,Q4,2025-11-01,0009100014|FLD005,0009100014,Field Administration,No,FLD005,Field Administration - North,Madison,WI,53703,THREE DAY SELECT,3 Day Select,3DS,Deferred,Domestic,Yes,124,0,0,0,124,SAMPLE_2025_11_TnT.xlsx,Shipper View
2025,11,Nov,202511,Q4,2025-11-01,0009100014|FLD005,0009100014,Field Administration,No,FLD005,Field Administration - North,Madison,WI,53703,SECOND DAY AIR,2nd Day Air / Expedited,2DA,Expedited,Domestic,Yes,942,0,17,17,925,SAMPLE_2025_11_TnT.xlsx,Shipper View
2025,11,Nov,202511,Q4,2025-11-01,0009100014|FLD005,0009100014,Field Administration,No,FLD005,Field Administration - North,Madison,WI,53703,SECOND DAY EARLY AM,2nd Day Air Early A.M.,2DA AM,Expedited,Domestic,Yes,45,0,1,1,44,SAMPLE_2025_11_TnT.xlsx,Shipper View
2025,11,Nov,202511,Q4,2025-11-01,0009100014|FLD005,0009100014,Field Administration,No,FLD005,Field Administration - North,Madison,WI,53703,NEXT DAY AIR SAVER,Next Day Air Saver,NDA Saver,Premium,Domestic,Yes,378,0,9,9,369,SAMPLE_2025_11_TnT.xlsx,Shipper View
2025,11,Nov,202511,Q4,2025-11-01,0009100014|FLD005,0009100014,Field Administration,No,FLD005,Field Administration - North,Madison,WI,53703,NEXT DAY AIR,Next Day Air / Express,NDA,Premium,Domestic,Yes,1435,0,47,47,1388,SAMPLE_2025_11_TnT.xlsx,Shipper View
2025,11,Nov,202511,Q4,2025-11-01,0009100014|FLD005,0009100014,Field Administration,No,FLD005,Field Administration - North,Madison,WI,53703,UPS EXPRESS EARLY,Next Day Air Early,NDA Early,Premium,Domestic,Yes,5,0,0,0,5,SAMPLE_2025_11_TnT.xlsx,Shipper View
2025,11,Nov,202511,Q4,2025-11-01,0009100014|FLD005,0009100014,Field Administration,No,FLD005,Field Administration - North,Madison,WI,53703,INTERNATIONAL EXPRESS,International Express,Intl Express,Premium,International,Yes,5,0,0,0,5,SAMPLE_2025_11_TnT.xlsx,Shipper View
2025,11,Nov,202511,Q4,2025-11-01,0009100014|FLD005,0009100014,Field Administration,No,FLD005,Field Administration - North,Madison,WI,53703,INTERNATIONAL EXPRESS SAVER,International Express Saver,Intl Saver,Premium,International,Yes,3,0,0,0,3,SAMPLE_2025_11_TnT.xlsx,Shipper View
2025,11,Nov,202511,Q4,2025-11-01,0009100014|FLD005,0009100014,Field Administration,No,FLD005,Field Administration - North,Madison,WI,53703,INTERNATIONAL EXPEDITED,International Expedited,Intl Expedited,Expedited,International,Yes,1,0,0,0,1,SAMPLE_2025_11_TnT.xlsx,Shipper View
2025,11,Nov,202511,Q4,2025-11-01,0009100015|HQX006,0009100015,Corporate HQ,No,HQX006,Corporate HQ - Facilities,Columbus,OH,43004,GROUND,Ground,Ground,Deferred,Domestic,Yes,2293,15,128,143,2150,SAMPLE_2025_11_TnT.xlsx,Shipper View
2025,11,Nov,202511,Q4,2025-11-01,0009100015|HQX006,0009100015,Corporate HQ,No,HQX006,Corporate HQ - Facilities,Columbus,OH,43004,THREE DAY SELECT,3 Day Select,3DS,Deferred,Domestic,Yes,38,0,0,0,38,SAMPLE_2025_11_TnT.xlsx,Shipper View
2025,11,Nov,202511,Q4,2025-11-01,0009100015|HQX006,0009100015,Corporate HQ,No,HQX006,Corporate HQ - Facilities,Columbus,OH,43004,SECOND DAY AIR,2nd Day Air / Expedited,2DA,Expedited,Domestic,Yes,335,0,7,7,328,SAMPLE_2025_11_TnT.xlsx,Shipper View
2025,11,Nov,202511,Q4,2025-11-01,0009100015|HQX006,0009100015,Corporate HQ,No,HQX006,Corporate HQ - Facilities,Columbus,OH,43004,SECOND DAY EARLY AM,2nd Day Air Early A.M.,2DA AM,Expedited,Domestic,Yes,14,0,0,0,14,SAMPLE_2025_11_TnT.xlsx,Shipper View
2025,11,Nov,202511,Q4,2025-11-01,0009100015|HQX006,0009100015,Corporate HQ,No,HQX006,Corporate HQ - Facilities,Columbus,OH,43004,NEXT DAY AIR SAVER,Next Day Air Saver,NDA Saver,Premium,Domestic,Yes,116,0,3,3,113,SAMPLE_2025_11_TnT.xlsx,Shipper View
2025,11,Nov,202511,Q4,2025-11-01,0009100015|HQX006,0009100015,Corporate HQ,No,HQX006,Corporate HQ - Facilities,Columbus,OH,43004,NEXT DAY AIR,Next Day Air / Express,NDA,Premium,Domestic,Yes,426,1,12,13,413,SAMPLE_2025_11_TnT.xlsx,Shipper View
2025,11,Nov,202511,Q4,2025-11-01,0009100015|HQX006,0009100015,Corporate HQ,No,HQX006,Corporate HQ - Facilities,Columbus,OH,43004,UPS EXPRESS EARLY,Next Day Air Early,NDA Early,Premium,Domestic,Yes,1,0,0,0,1,SAMPLE_2025_11_TnT.xlsx,Shipper View
2025,11,Nov,202511,Q4,2025-11-01,0009100015|HQX006,0009100015,Corporate HQ,No,HQX006,Corporate HQ - Facilities,Columbus,OH,43004,INTERNATIONAL EXPRESS,International Express,Intl Express,Premium,International,Yes,1,0,0,0,1,SAMPLE_2025_11_TnT.xlsx,Shipper View
2025,11,Nov,202511,Q4,2025-11-01,0009100016|RTL007,0009100016,Retail Partner Network,No,RTL007,Retail Partner Network - Stores,Phoenix,AZ,85004,GROUND,Ground,Ground,Deferred,Domestic,Yes,11727,83,638,721,11006,SAMPLE_2025_11_TnT.xlsx,Shipper View
2025,11,Nov,202511,Q4,2025-11-01,0009100016|RTL007,0009100016,Retail Partner Network,No,RTL007,Retail Partner Network - Stores,Phoenix,AZ,85004,THREE DAY SELECT,3 Day Select,3DS,Deferred,Domestic,Yes,166,0,1,1,165,SAMPLE_2025_11_TnT.xlsx,Shipper View
2025,11,Nov,202511,Q4,2025-11-01,0009100016|RTL007,0009100016,Retail Partner Network,No,RTL007,Retail Partner Network - Stores,Phoenix,AZ,85004,SECOND DAY AIR,2nd Day Air / Expedited,2DA,Expedited,Domestic,Yes,1322,0,22,22,1300,SAMPLE_2025_11_TnT.xlsx,Shipper View
2025,11,Nov,202511,Q4,2025-11-01,0009100016|RTL007,0009100016,Retail Partner Network,No,RTL007,Retail Partner Network - Stores,Phoenix,AZ,85004,SECOND DAY EARLY AM,2nd Day Air Early A.M.,2DA AM,Expedited,Domestic,Yes,52,0,1,1,51,SAMPLE_2025_11_TnT.xlsx,Shipper View
2025,11,Nov,202511,Q4,2025-11-01,0009100016|RTL007,0009100016,Retail Partner Network,No,RTL007,Retail Partner Network - Stores,Phoenix,AZ,85004,NEXT DAY AIR SAVER,Next Day Air Saver,NDA Saver,Premium,Domestic,Yes,618,0,14,14,604,SAMPLE_2025_11_TnT.xlsx,Shipper View
2025,11,Nov,202511,Q4,2025-11-01,0009100016|RTL007,0009100016,Retail Partner Network,No,RTL007,Retail Partner Network - Stores,Phoenix,AZ,85004,NEXT DAY AIR,Next Day Air / Express,NDA,Premium,Domestic,Yes,1775,0,55,55,1720,SAMPLE_2025_11_TnT.xlsx,Shipper View
2025,11,Nov,202511,Q4,2025-11-01,0009100016|RTL007,0009100016,Retail Partner Network,No,RTL007,Retail Partner Network - Stores,Phoenix,AZ,85004,UPS EXPRESS EARLY,Next Day Air Early,NDA Early,Premium,Domestic,Yes,7,0,0,0,7,SAMPLE_2025_11_TnT.xlsx,Shipper View
2025,11,Nov,202511,Q4,2025-11-01,0009100016|RTL007,0009100016,Retail Partner Network,No,RTL007,Retail Partner Network - Stores,Phoenix,AZ,85004,INTERNATIONAL EXPRESS,International Express,Intl Express,Premium,International,Yes,11,0,1,1,10,SAMPLE_2025_11_TnT.xlsx,Shipper View
2025,11,Nov,202511,Q4,2025-11-01,0009100016|RTL007,0009100016,Retail Partner Network,No,RTL007,Retail Partner Network - Stores,Phoenix,AZ,85004,INTERNATIONAL EXPRESS SAVER,International Express Saver,Intl Saver,Premium,International,Yes,5,0,0,0,5,SAMPLE_2025_11_TnT.xlsx,Shipper View
2025,11,Nov,202511,Q4,2025-11-01,0009100016|RTL007,0009100016,Retail Partner Network,No,RTL007,Retail Partner Network - Stores,Phoenix,AZ,85004,INTERNATIONAL EXPEDITED,International Expedited,Intl Expedited,Expedited,International,Yes,2,0,0,0,2,SAMPLE_2025_11_TnT.xlsx,Shipper View
2025,11,Nov,202511,Q4,2025-11-01,0009100017|CSH008,0009100017,Cash Operations,No,CSH008,Cash Operations - Processing,Newark,NJ,07102,GROUND,Ground,Ground,Deferred,Domestic,Yes,3701,12,222,234,3467,SAMPLE_2025_11_TnT.xlsx,Shipper View
2025,11,Nov,202511,Q4,2025-11-01,0009100017|CSH008,0009100017,Cash Operations,No,CSH008,Cash Operations - Processing,Newark,NJ,07102,THREE DAY SELECT,3 Day Select,3DS,Deferred,Domestic,Yes,64,0,0,0,64,SAMPLE_2025_11_TnT.xlsx,Shipper View
2025,11,Nov,202511,Q4,2025-11-01,0009100017|CSH008,0009100017,Cash Operations,No,CSH008,Cash Operations - Processing,Newark,NJ,07102,SECOND DAY AIR,2nd Day Air / Expedited,2DA,Expedited,Domestic,Yes,550,0,9,9,541,SAMPLE_2025_11_TnT.xlsx,Shipper View
2025,11,Nov,202511,Q4,2025-11-01,0009100017|CSH008,0009100017,Cash Operations,No,CSH008,Cash Operations - Processing,Newark,NJ,07102,SECOND DAY EARLY AM,2nd Day Air Early A.M.,2DA AM,Expedited,Domestic,Yes,17,0,0,0,17,SAMPLE_2025_11_TnT.xlsx,Shipper View
2025,11,Nov,202511,Q4,2025-11-01,0009100017|CSH008,0009100017,Cash Operations,No,CSH008,Cash Operations - Processing,Newark,NJ,07102,NEXT DAY AIR SAVER,Next Day Air Saver,NDA Saver,Premium,Domestic,Yes,195,0,5,5,190,SAMPLE_2025_11_TnT.xlsx,Shipper View
2025,11,Nov,202511,Q4,2025-11-01,0009100017|CSH008,0009100017,Cash Operations,No,CSH008,Cash Operations - Processing,Newark,NJ,07102,NEXT DAY AIR,Next Day Air / Express,NDA,Premium,Domestic,Yes,672,0,20,20,652,SAMPLE_2025_11_TnT.xlsx,Shipper View
2025,11,Nov,202511,Q4,2025-11-01,0009100017|CSH008,0009100017,Cash Operations,No,CSH008,Cash Operations - Processing,Newark,NJ,07102,UPS EXPRESS EARLY,Next Day Air Early,NDA Early,Premium,Domestic,Yes,2,0,0,0,2,SAMPLE_2025_11_TnT.xlsx,Shipper View
2025,11,Nov,202511,Q4,2025-11-01,0009100017|CSH008,0009100017,Cash Operations,No,CSH008,Cash Operations - Processing,Newark,NJ,07102,INTERNATIONAL EXPRESS,International Express,Intl Express,Premium,International,Yes,3,0,0,0,3,SAMPLE_2025_11_TnT.xlsx,Shipper View
2025,11,Nov,202511,Q4,2025-11-01,0009100017|CSH008,0009100017,Cash Operations,No,CSH008,Cash Operations - Processing,Newark,NJ,07102,INTERNATIONAL EXPRESS SAVER,International Express Saver,Intl Saver,Premium,International,Yes,1,0,0,0,1,SAMPLE_2025_11_TnT.xlsx,Shipper View
2025,11,Nov,202511,Q4,2025-11-01,@@|TCO009,@@,Unassigned Sub-Parent,Yes,TCO009,Transfer Co Operations,Whippany,NJ,07981,GROUND,Ground,Ground,Deferred,Domestic,Yes,571,2,33,35,536,SAMPLE_2025_11_TnT.xlsx,Shipper View
2025,11,Nov,202511,Q4,2025-11-01,@@|TCO009,@@,Unassigned Sub-Parent,Yes,TCO009,Transfer Co Operations,Whippany,NJ,07981,THREE DAY SELECT,3 Day Select,3DS,Deferred,Domestic,Yes,7,0,0,0,7,SAMPLE_2025_11_TnT.xlsx,Shipper View
2025,11,Nov,202511,Q4,2025-11-01,@@|TCO009,@@,Unassigned Sub-Parent,Yes,TCO009,Transfer Co Operations,Whippany,NJ,07981,SECOND DAY AIR,2nd Day Air / Expedited,2DA,Expedited,Domestic,Yes,86,0,1,1,85,SAMPLE_2025_11_TnT.xlsx,Shipper View
2025,11,Nov,202511,Q4,2025-11-01,@@|TCO009,@@,Unassigned Sub-Parent,Yes,TCO009,Transfer Co Operations,Whippany,NJ,07981,SECOND DAY EARLY AM,2nd Day Air Early A.M.,2DA AM,Expedited,Domestic,Yes,2,0,0,0,2,SAMPLE_2025_11_TnT.xlsx,Shipper View
2025,11,Nov,202511,Q4,2025-11-01,@@|TCO009,@@,Unassigned Sub-Parent,Yes,TCO009,Transfer Co Operations,Whippany,NJ,07981,NEXT DAY AIR SAVER,Next Day Air Saver,NDA Saver,Premium,Domestic,Yes,28,0,1,1,27,SAMPLE_2025_11_TnT.xlsx,Shipper View
2025,11,Nov,202511,Q4,2025-11-01,@@|TCO009,@@,Unassigned Sub-Parent,Yes,TCO009,Transfer Co Operations,Whippany,NJ,07981,NEXT DAY AIR,Next Day Air / Express,NDA,Premium,Domestic,Yes,123,0,4,4,119,SAMPLE_2025_11_TnT.xlsx,Shipper View
2025,12,Dec,202512,Q4,2025-12-01,0009100011|TCH001,0009100011,Technology Operations,No,TCH001,Technology Operations - Central,Columbus,OH,43004,GROUND,Ground,Ground,Deferred,Domestic,Yes,16713,47,658,705,16008,SAMPLE_2025_12_TnT.xlsx,Shipper View
2025,12,Dec,202512,Q4,2025-12-01,0009100011|TCH001,0009100011,Technology Operations,No,TCH001,Technology Operations - Central,Columbus,OH,43004,THREE DAY SELECT,3 Day Select,3DS,Deferred,Domestic,Yes,207,0,2,2,205,SAMPLE_2025_12_TnT.xlsx,Shipper View
2025,12,Dec,202512,Q4,2025-12-01,0009100011|TCH001,0009100011,Technology Operations,No,TCH001,Technology Operations - Central,Columbus,OH,43004,SECOND DAY AIR,2nd Day Air / Expedited,2DA,Expedited,Domestic,Yes,1882,3,36,39,1843,SAMPLE_2025_12_TnT.xlsx,Shipper View
2025,12,Dec,202512,Q4,2025-12-01,0009100011|TCH001,0009100011,Technology Operations,No,TCH001,Technology Operations - Central,Columbus,OH,43004,SECOND DAY EARLY AM,2nd Day Air Early A.M.,2DA AM,Expedited,Domestic,Yes,96,0,2,2,94,SAMPLE_2025_12_TnT.xlsx,Shipper View
2025,12,Dec,202512,Q4,2025-12-01,0009100011|TCH001,0009100011,Technology Operations,No,TCH001,Technology Operations - Central,Columbus,OH,43004,NEXT DAY AIR SAVER,Next Day Air Saver,NDA Saver,Premium,Domestic,Yes,799,1,16,17,782,SAMPLE_2025_12_TnT.xlsx,Shipper View
2025,12,Dec,202512,Q4,2025-12-01,0009100011|TCH001,0009100011,Technology Operations,No,TCH001,Technology Operations - Central,Columbus,OH,43004,NEXT DAY AIR,Next Day Air / Express,NDA,Premium,Domestic,Yes,3206,4,97,101,3105,SAMPLE_2025_12_TnT.xlsx,Shipper View
2025,12,Dec,202512,Q4,2025-12-01,0009100011|TCH001,0009100011,Technology Operations,No,TCH001,Technology Operations - Central,Columbus,OH,43004,UPS EXPRESS EARLY,Next Day Air Early,NDA Early,Premium,Domestic,Yes,10,0,0,0,10,SAMPLE_2025_12_TnT.xlsx,Shipper View
2025,12,Dec,202512,Q4,2025-12-01,0009100011|TCH001,0009100011,Technology Operations,No,TCH001,Technology Operations - Central,Columbus,OH,43004,INTERNATIONAL EXPRESS,International Express,Intl Express,Premium,International,Yes,17,0,1,1,16,SAMPLE_2025_12_TnT.xlsx,Shipper View
2025,12,Dec,202512,Q4,2025-12-01,0009100011|TCH001,0009100011,Technology Operations,No,TCH001,Technology Operations - Central,Columbus,OH,43004,INTERNATIONAL EXPRESS SAVER,International Express Saver,Intl Saver,Premium,International,Yes,8,0,0,0,8,SAMPLE_2025_12_TnT.xlsx,Shipper View
2025,12,Dec,202512,Q4,2025-12-01,0009100011|TCH001,0009100011,Technology Operations,No,TCH001,Technology Operations - Central,Columbus,OH,43004,INTERNATIONAL EXPEDITED,International Expedited,Intl Expedited,Expedited,International,Yes,3,0,0,0,3,SAMPLE_2025_12_TnT.xlsx,Shipper View
2025,12,Dec,202512,Q4,2025-12-01,0009100012|MAI002,0009100012,Mail Services,No,MAI002,Mail Services - Regional,Kansas City,MO,64108,GROUND,Ground,Ground,Deferred,Domestic,Yes,3197,7,115,122,3075,SAMPLE_2025_12_TnT.xlsx,Shipper View
2025,12,Dec,202512,Q4,2025-12-01,0009100012|MAI002,0009100012,Mail Services,No,MAI002,Mail Services - Regional,Kansas City,MO,64108,THREE DAY SELECT,3 Day Select,3DS,Deferred,Domestic,Yes,34,0,0,0,34,SAMPLE_2025_12_TnT.xlsx,Shipper View
2025,12,Dec,202512,Q4,2025-12-01,0009100012|MAI002,0009100012,Mail Services,No,MAI002,Mail Services - Regional,Kansas City,MO,64108,SECOND DAY AIR,2nd Day Air / Expedited,2DA,Expedited,Domestic,Yes,351,0,5,5,346,SAMPLE_2025_12_TnT.xlsx,Shipper View
2025,12,Dec,202512,Q4,2025-12-01,0009100012|MAI002,0009100012,Mail Services,No,MAI002,Mail Services - Regional,Kansas City,MO,64108,SECOND DAY EARLY AM,2nd Day Air Early A.M.,2DA AM,Expedited,Domestic,Yes,14,0,0,0,14,SAMPLE_2025_12_TnT.xlsx,Shipper View
2025,12,Dec,202512,Q4,2025-12-01,0009100012|MAI002,0009100012,Mail Services,No,MAI002,Mail Services - Regional,Kansas City,MO,64108,NEXT DAY AIR SAVER,Next Day Air Saver,NDA Saver,Premium,Domestic,Yes,123,0,3,3,120,SAMPLE_2025_12_TnT.xlsx,Shipper View
2025,12,Dec,202512,Q4,2025-12-01,0009100012|MAI002,0009100012,Mail Services,No,MAI002,Mail Services - Regional,Kansas City,MO,64108,NEXT DAY AIR,Next Day Air / Express,NDA,Premium,Domestic,Yes,442,0,13,13,429,SAMPLE_2025_12_TnT.xlsx,Shipper View
2025,12,Dec,202512,Q4,2025-12-01,0009100012|MAI002,0009100012,Mail Services,No,MAI002,Mail Services - Regional,Kansas City,MO,64108,INTERNATIONAL EXPRESS,International Express,Intl Express,Premium,International,Yes,1,0,0,0,1,SAMPLE_2025_12_TnT.xlsx,Shipper View
2025,12,Dec,202512,Q4,2025-12-01,0009100013|VEN003,0009100013,Vendor Programs,No,VEN003,Vendor Programs - Print,Aurora,IL,60502,GROUND,Ground,Ground,Deferred,Domestic,Yes,3838,14,152,166,3672,SAMPLE_2025_12_TnT.xlsx,Shipper View
2025,12,Dec,202512,Q4,2025-12-01,0009100013|VEN003,0009100013,Vendor Programs,No,VEN003,Vendor Programs - Print,Aurora,IL,60502,THREE DAY SELECT,3 Day Select,3DS,Deferred,Domestic,Yes,59,0,0,0,59,SAMPLE_2025_12_TnT.xlsx,Shipper View
2025,12,Dec,202512,Q4,2025-12-01,0009100013|VEN003,0009100013,Vendor Programs,No,VEN003,Vendor Programs - Print,Aurora,IL,60502,SECOND DAY AIR,2nd Day Air / Expedited,2DA,Expedited,Domestic,Yes,493,0,8,8,485,SAMPLE_2025_12_TnT.xlsx,Shipper View
2025,12,Dec,202512,Q4,2025-12-01,0009100013|VEN003,0009100013,Vendor Programs,No,VEN003,Vendor Programs - Print,Aurora,IL,60502,SECOND DAY EARLY AM,2nd Day Air Early A.M.,2DA AM,Expedited,Domestic,Yes,27,0,1,1,26,SAMPLE_2025_12_TnT.xlsx,Shipper View
2025,12,Dec,202512,Q4,2025-12-01,0009100013|VEN003,0009100013,Vendor Programs,No,VEN003,Vendor Programs - Print,Aurora,IL,60502,NEXT DAY AIR SAVER,Next Day Air Saver,NDA Saver,Premium,Domestic,Yes,175,0,4,4,171,SAMPLE_2025_12_TnT.xlsx,Shipper View
2025,12,Dec,202512,Q4,2025-12-01,0009100013|VEN003,0009100013,Vendor Programs,No,VEN003,Vendor Programs - Print,Aurora,IL,60502,NEXT DAY AIR,Next Day Air / Express,NDA,Premium,Domestic,Yes,814,0,26,26,788,SAMPLE_2025_12_TnT.xlsx,Shipper View
2025,12,Dec,202512,Q4,2025-12-01,0009100013|VEN003,0009100013,Vendor Programs,No,VEN003,Vendor Programs - Print,Aurora,IL,60502,UPS EXPRESS EARLY,Next Day Air Early,NDA Early,Premium,Domestic,Yes,1,0,0,0,1,SAMPLE_2025_12_TnT.xlsx,Shipper View
2025,12,Dec,202512,Q4,2025-12-01,0009100013|VEN003,0009100013,Vendor Programs,No,VEN003,Vendor Programs - Print,Aurora,IL,60502,INTERNATIONAL EXPRESS,International Express,Intl Express,Premium,International,Yes,3,0,0,0,3,SAMPLE_2025_12_TnT.xlsx,Shipper View
2025,12,Dec,202512,Q4,2025-12-01,0009100013|VEN003,0009100013,Vendor Programs,No,VEN003,Vendor Programs - Print,Aurora,IL,60502,INTERNATIONAL EXPRESS SAVER,International Express Saver,Intl Saver,Premium,International,Yes,2,0,0,0,2,SAMPLE_2025_12_TnT.xlsx,Shipper View
2025,12,Dec,202512,Q4,2025-12-01,0009100013|VEN004,0009100013,Vendor Programs,No,VEN004,Vendor Programs - Fulfilment,Aurora,IL,60502,GROUND,Ground,Ground,Deferred,Domestic,Yes,3738,16,127,143,3595,SAMPLE_2025_12_TnT.xlsx,Shipper View
2025,12,Dec,202512,Q4,2025-12-01,0009100013|VEN004,0009100013,Vendor Programs,No,VEN004,Vendor Programs - Fulfilment,Aurora,IL,60502,THREE DAY SELECT,3 Day Select,3DS,Deferred,Domestic,Yes,50,0,0,0,50,SAMPLE_2025_12_TnT.xlsx,Shipper View
2025,12,Dec,202512,Q4,2025-12-01,0009100013|VEN004,0009100013,Vendor Programs,No,VEN004,Vendor Programs - Fulfilment,Aurora,IL,60502,SECOND DAY AIR,2nd Day Air / Expedited,2DA,Expedited,Domestic,Yes,331,0,5,5,326,SAMPLE_2025_12_TnT.xlsx,Shipper View
2025,12,Dec,202512,Q4,2025-12-01,0009100013|VEN004,0009100013,Vendor Programs,No,VEN004,Vendor Programs - Fulfilment,Aurora,IL,60502,SECOND DAY EARLY AM,2nd Day Air Early A.M.,2DA AM,Expedited,Domestic,Yes,21,0,0,0,21,SAMPLE_2025_12_TnT.xlsx,Shipper View
2025,12,Dec,202512,Q4,2025-12-01,0009100013|VEN004,0009100013,Vendor Programs,No,VEN004,Vendor Programs - Fulfilment,Aurora,IL,60502,NEXT DAY AIR SAVER,Next Day Air Saver,NDA Saver,Premium,Domestic,Yes,177,0,4,4,173,SAMPLE_2025_12_TnT.xlsx,Shipper View
2025,12,Dec,202512,Q4,2025-12-01,0009100013|VEN004,0009100013,Vendor Programs,No,VEN004,Vendor Programs - Fulfilment,Aurora,IL,60502,NEXT DAY AIR,Next Day Air / Express,NDA,Premium,Domestic,Yes,615,0,19,19,596,SAMPLE_2025_12_TnT.xlsx,Shipper View
2025,12,Dec,202512,Q4,2025-12-01,0009100013|VEN004,0009100013,Vendor Programs,No,VEN004,Vendor Programs - Fulfilment,Aurora,IL,60502,UPS EXPRESS EARLY,Next Day Air Early,NDA Early,Premium,Domestic,Yes,1,0,0,0,1,SAMPLE_2025_12_TnT.xlsx,Shipper View
2025,12,Dec,202512,Q4,2025-12-01,0009100013|VEN004,0009100013,Vendor Programs,No,VEN004,Vendor Programs - Fulfilment,Aurora,IL,60502,INTERNATIONAL EXPRESS,International Express,Intl Express,Premium,International,Yes,1,0,0,0,1,SAMPLE_2025_12_TnT.xlsx,Shipper View
2025,12,Dec,202512,Q4,2025-12-01,0009100014|FLD005,0009100014,Field Administration,No,FLD005,Field Administration - North,Madison,WI,53703,GROUND,Ground,Ground,Deferred,Domestic,Yes,6173,9,212,221,5952,SAMPLE_2025_12_TnT.xlsx,Shipper View
2025,12,Dec,202512,Q4,2025-12-01,0009100014|FLD005,0009100014,Field Administration,No,FLD005,Field Administration - North,Madison,WI,53703,THREE DAY SELECT,3 Day Select,3DS,Deferred,Domestic,Yes,83,0,0,0,83,SAMPLE_2025_12_TnT.xlsx,Shipper View
2025,12,Dec,202512,Q4,2025-12-01,0009100014|FLD005,0009100014,Field Administration,No,FLD005,Field Administration - North,Madison,WI,53703,SECOND DAY AIR,2nd Day Air / Expedited,2DA,Expedited,Domestic,Yes,785,0,11,11,774,SAMPLE_2025_12_TnT.xlsx,Shipper View
2025,12,Dec,202512,Q4,2025-12-01,0009100014|FLD005,0009100014,Field Administration,No,FLD005,Field Administration - North,Madison,WI,53703,SECOND DAY EARLY AM,2nd Day Air Early A.M.,2DA AM,Expedited,Domestic,Yes,33,0,1,1,32,SAMPLE_2025_12_TnT.xlsx,Shipper View
2025,12,Dec,202512,Q4,2025-12-01,0009100014|FLD005,0009100014,Field Administration,No,FLD005,Field Administration - North,Madison,WI,53703,NEXT DAY AIR SAVER,Next Day Air Saver,NDA Saver,Premium,Domestic,Yes,286,0,7,7,279,SAMPLE_2025_12_TnT.xlsx,Shipper View
2025,12,Dec,202512,Q4,2025-12-01,0009100014|FLD005,0009100014,Field Administration,No,FLD005,Field Administration - North,Madison,WI,53703,NEXT DAY AIR,Next Day Air / Express,NDA,Premium,Domestic,Yes,1200,2,35,37,1163,SAMPLE_2025_12_TnT.xlsx,Shipper View
2025,12,Dec,202512,Q4,2025-12-01,0009100014|FLD005,0009100014,Field Administration,No,FLD005,Field Administration - North,Madison,WI,53703,UPS EXPRESS EARLY,Next Day Air Early,NDA Early,Premium,Domestic,Yes,3,0,0,0,3,SAMPLE_2025_12_TnT.xlsx,Shipper View
2025,12,Dec,202512,Q4,2025-12-01,0009100014|FLD005,0009100014,Field Administration,No,FLD005,Field Administration - North,Madison,WI,53703,INTERNATIONAL EXPRESS,International Express,Intl Express,Premium,International,Yes,5,0,0,0,5,SAMPLE_2025_12_TnT.xlsx,Shipper View
2025,12,Dec,202512,Q4,2025-12-01,0009100014|FLD005,0009100014,Field Administration,No,FLD005,Field Administration - North,Madison,WI,53703,INTERNATIONAL EXPRESS SAVER,International Express Saver,Intl Saver,Premium,International,Yes,3,0,0,0,3,SAMPLE_2025_12_TnT.xlsx,Shipper View
2025,12,Dec,202512,Q4,2025-12-01,0009100014|FLD005,0009100014,Field Administration,No,FLD005,Field Administration - North,Madison,WI,53703,INTERNATIONAL EXPEDITED,International Expedited,Intl Expedited,Expedited,International,Yes,1,0,0,0,1,SAMPLE_2025_12_TnT.xlsx,Shipper View
2025,12,Dec,202512,Q4,2025-12-01,0009100015|HQX006,0009100015,Corporate HQ,No,HQX006,Corporate HQ - Facilities,Columbus,OH,43004,GROUND,Ground,Ground,Deferred,Domestic,Yes,1644,6,65,71,1573,SAMPLE_2025_12_TnT.xlsx,Shipper View
2025,12,Dec,202512,Q4,2025-12-01,0009100015|HQX006,0009100015,Corporate HQ,No,HQX006,Corporate HQ - Facilities,Columbus,OH,43004,THREE DAY SELECT,3 Day Select,3DS,Deferred,Domestic,Yes,30,0,0,0,30,SAMPLE_2025_12_TnT.xlsx,Shipper View
2025,12,Dec,202512,Q4,2025-12-01,0009100015|HQX006,0009100015,Corporate HQ,No,HQX006,Corporate HQ - Facilities,Columbus,OH,43004,SECOND DAY AIR,2nd Day Air / Expedited,2DA,Expedited,Domestic,Yes,258,0,4,4,254,SAMPLE_2025_12_TnT.xlsx,Shipper View
2025,12,Dec,202512,Q4,2025-12-01,0009100015|HQX006,0009100015,Corporate HQ,No,HQX006,Corporate HQ - Facilities,Columbus,OH,43004,SECOND DAY EARLY AM,2nd Day Air Early A.M.,2DA AM,Expedited,Domestic,Yes,10,0,0,0,10,SAMPLE_2025_12_TnT.xlsx,Shipper View
2025,12,Dec,202512,Q4,2025-12-01,0009100015|HQX006,0009100015,Corporate HQ,No,HQX006,Corporate HQ - Facilities,Columbus,OH,43004,NEXT DAY AIR SAVER,Next Day Air Saver,NDA Saver,Premium,Domestic,Yes,82,0,2,2,80,SAMPLE_2025_12_TnT.xlsx,Shipper View
2025,12,Dec,202512,Q4,2025-12-01,0009100015|HQX006,0009100015,Corporate HQ,No,HQX006,Corporate HQ - Facilities,Columbus,OH,43004,NEXT DAY AIR,Next Day Air / Express,NDA,Premium,Domestic,Yes,284,0,8,8,276,SAMPLE_2025_12_TnT.xlsx,Shipper View
2025,12,Dec,202512,Q4,2025-12-01,0009100016|RTL007,0009100016,Retail Partner Network,No,RTL007,Retail Partner Network - Stores,Phoenix,AZ,85004,GROUND,Ground,Ground,Deferred,Domestic,Yes,8301,32,303,335,7966,SAMPLE_2025_12_TnT.xlsx,Shipper View
2025,12,Dec,202512,Q4,2025-12-01,0009100016|RTL007,0009100016,Retail Partner Network,No,RTL007,Retail Partner Network - Stores,Phoenix,AZ,85004,THREE DAY SELECT,3 Day Select,3DS,Deferred,Domestic,Yes,128,0,1,1,127,SAMPLE_2025_12_TnT.xlsx,Shipper View
2025,12,Dec,202512,Q4,2025-12-01,0009100016|RTL007,0009100016,Retail Partner Network,No,RTL007,Retail Partner Network - Stores,Phoenix,AZ,85004,SECOND DAY AIR,2nd Day Air / Expedited,2DA,Expedited,Domestic,Yes,942,0,16,16,926,SAMPLE_2025_12_TnT.xlsx,Shipper View
2025,12,Dec,202512,Q4,2025-12-01,0009100016|RTL007,0009100016,Retail Partner Network,No,RTL007,Retail Partner Network - Stores,Phoenix,AZ,85004,SECOND DAY EARLY AM,2nd Day Air Early A.M.,2DA AM,Expedited,Domestic,Yes,44,0,1,1,43,SAMPLE_2025_12_TnT.xlsx,Shipper View
2025,12,Dec,202512,Q4,2025-12-01,0009100016|RTL007,0009100016,Retail Partner Network,No,RTL007,Retail Partner Network - Stores,Phoenix,AZ,85004,NEXT DAY AIR SAVER,Next Day Air Saver,NDA Saver,Premium,Domestic,Yes,437,0,10,10,427,SAMPLE_2025_12_TnT.xlsx,Shipper View
2025,12,Dec,202512,Q4,2025-12-01,0009100016|RTL007,0009100016,Retail Partner Network,No,RTL007,Retail Partner Network - Stores,Phoenix,AZ,85004,NEXT DAY AIR,Next Day Air / Express,NDA,Premium,Domestic,Yes,1392,4,45,49,1343,SAMPLE_2025_12_TnT.xlsx,Shipper View
2025,12,Dec,202512,Q4,2025-12-01,0009100016|RTL007,0009100016,Retail Partner Network,No,RTL007,Retail Partner Network - Stores,Phoenix,AZ,85004,UPS EXPRESS EARLY,Next Day Air Early,NDA Early,Premium,Domestic,Yes,6,0,0,0,6,SAMPLE_2025_12_TnT.xlsx,Shipper View
2025,12,Dec,202512,Q4,2025-12-01,0009100016|RTL007,0009100016,Retail Partner Network,No,RTL007,Retail Partner Network - Stores,Phoenix,AZ,85004,INTERNATIONAL EXPRESS,International Express,Intl Express,Premium,International,Yes,7,0,0,0,7,SAMPLE_2025_12_TnT.xlsx,Shipper View
2025,12,Dec,202512,Q4,2025-12-01,0009100016|RTL007,0009100016,Retail Partner Network,No,RTL007,Retail Partner Network - Stores,Phoenix,AZ,85004,INTERNATIONAL EXPRESS SAVER,International Express Saver,Intl Saver,Premium,International,Yes,5,0,0,0,5,SAMPLE_2025_12_TnT.xlsx,Shipper View
2025,12,Dec,202512,Q4,2025-12-01,0009100016|RTL007,0009100016,Retail Partner Network,No,RTL007,Retail Partner Network - Stores,Phoenix,AZ,85004,INTERNATIONAL EXPEDITED,International Expedited,Intl Expedited,Expedited,International,Yes,1,0,0,0,1,SAMPLE_2025_12_TnT.xlsx,Shipper View
2025,12,Dec,202512,Q4,2025-12-01,0009100017|CSH008,0009100017,Cash Operations,No,CSH008,Cash Operations - Processing,Newark,NJ,07102,GROUND,Ground,Ground,Deferred,Domestic,Yes,3127,1,128,129,2998,SAMPLE_2025_12_TnT.xlsx,Shipper View
2025,12,Dec,202512,Q4,2025-12-01,0009100017|CSH008,0009100017,Cash Operations,No,CSH008,Cash Operations - Processing,Newark,NJ,07102,THREE DAY SELECT,3 Day Select,3DS,Deferred,Domestic,Yes,45,0,0,0,45,SAMPLE_2025_12_TnT.xlsx,Shipper View
2025,12,Dec,202512,Q4,2025-12-01,0009100017|CSH008,0009100017,Cash Operations,No,CSH008,Cash Operations - Processing,Newark,NJ,07102,SECOND DAY AIR,2nd Day Air / Expedited,2DA,Expedited,Domestic,Yes,363,0,7,7,356,SAMPLE_2025_12_TnT.xlsx,Shipper View
2025,12,Dec,202512,Q4,2025-12-01,0009100017|CSH008,0009100017,Cash Operations,No,CSH008,Cash Operations - Processing,Newark,NJ,07102,SECOND DAY EARLY AM,2nd Day Air Early A.M.,2DA AM,Expedited,Domestic,Yes,19,0,0,0,19,SAMPLE_2025_12_TnT.xlsx,Shipper View
2025,12,Dec,202512,Q4,2025-12-01,0009100017|CSH008,0009100017,Cash Operations,No,CSH008,Cash Operations - Processing,Newark,NJ,07102,NEXT DAY AIR SAVER,Next Day Air Saver,NDA Saver,Premium,Domestic,Yes,154,0,4,4,150,SAMPLE_2025_12_TnT.xlsx,Shipper View
2025,12,Dec,202512,Q4,2025-12-01,0009100017|CSH008,0009100017,Cash Operations,No,CSH008,Cash Operations - Processing,Newark,NJ,07102,NEXT DAY AIR,Next Day Air / Express,NDA,Premium,Domestic,Yes,585,1,16,17,568,SAMPLE_2025_12_TnT.xlsx,Shipper View
2025,12,Dec,202512,Q4,2025-12-01,0009100017|CSH008,0009100017,Cash Operations,No,CSH008,Cash Operations - Processing,Newark,NJ,07102,UPS EXPRESS EARLY,Next Day Air Early,NDA Early,Premium,Domestic,Yes,2,0,0,0,2,SAMPLE_2025_12_TnT.xlsx,Shipper View
2025,12,Dec,202512,Q4,2025-12-01,0009100017|CSH008,0009100017,Cash Operations,No,CSH008,Cash Operations - Processing,Newark,NJ,07102,INTERNATIONAL EXPRESS,International Express,Intl Express,Premium,International,Yes,1,0,0,0,1,SAMPLE_2025_12_TnT.xlsx,Shipper View
2025,12,Dec,202512,Q4,2025-12-01,0009100017|CSH008,0009100017,Cash Operations,No,CSH008,Cash Operations - Processing,Newark,NJ,07102,INTERNATIONAL EXPRESS SAVER,International Express Saver,Intl Saver,Premium,International,Yes,1,0,0,0,1,SAMPLE_2025_12_TnT.xlsx,Shipper View
2025,12,Dec,202512,Q4,2025-12-01,@@|TCO009,@@,Unassigned Sub-Parent,Yes,TCO009,Transfer Co Operations,Whippany,NJ,07981,GROUND,Ground,Ground,Deferred,Domestic,Yes,502,0,19,19,483,SAMPLE_2025_12_TnT.xlsx,Shipper View
2025,12,Dec,202512,Q4,2025-12-01,@@|TCO009,@@,Unassigned Sub-Parent,Yes,TCO009,Transfer Co Operations,Whippany,NJ,07981,THREE DAY SELECT,3 Day Select,3DS,Deferred,Domestic,Yes,5,0,0,0,5,SAMPLE_2025_12_TnT.xlsx,Shipper View
2025,12,Dec,202512,Q4,2025-12-01,@@|TCO009,@@,Unassigned Sub-Parent,Yes,TCO009,Transfer Co Operations,Whippany,NJ,07981,SECOND DAY AIR,2nd Day Air / Expedited,2DA,Expedited,Domestic,Yes,59,0,1,1,58,SAMPLE_2025_12_TnT.xlsx,Shipper View
2025,12,Dec,202512,Q4,2025-12-01,@@|TCO009,@@,Unassigned Sub-Parent,Yes,TCO009,Transfer Co Operations,Whippany,NJ,07981,SECOND DAY EARLY AM,2nd Day Air Early A.M.,2DA AM,Expedited,Domestic,Yes,1,0,0,0,1,SAMPLE_2025_12_TnT.xlsx,Shipper View
2025,12,Dec,202512,Q4,2025-12-01,@@|TCO009,@@,Unassigned Sub-Parent,Yes,TCO009,Transfer Co Operations,Whippany,NJ,07981,NEXT DAY AIR SAVER,Next Day Air Saver,NDA Saver,Premium,Domestic,Yes,20,0,0,0,20,SAMPLE_2025_12_TnT.xlsx,Shipper View
2025,12,Dec,202512,Q4,2025-12-01,@@|TCO009,@@,Unassigned Sub-Parent,Yes,TCO009,Transfer Co Operations,Whippany,NJ,07981,NEXT DAY AIR,Next Day Air / Express,NDA,Premium,Domestic,Yes,88,0,3,3,85,SAMPLE_2025_12_TnT.xlsx,Shipper View
